case_key,case_name,mc_mode,mc_iterations,repeat_id,elicitation_id,alternative,rank1_probability
01,01-port-selection-liang-et-al,strict,50,0,0,Piraeus,0.0
01,01-port-selection-liang-et-al,strict,50,0,0,Koper,0.0
01,01-port-selection-liang-et-al,strict,50,0,0,Genoa,0.0
01,01-port-selection-liang-et-al,strict,50,0,0,Antwerp,0.0
01,01-port-selection-liang-et-al,strict,50,0,0,Rotterdam,1.0
01,01-port-selection-liang-et-al,strict,50,0,0,Hamburg,0.0
01,01-port-selection-liang-et-al,strict,50,0,0,Gdansk,0.0
01,01-port-selection-liang-et-al,strict,50,1,0,Piraeus,0.0
01,01-port-selection-liang-et-al,strict,50,1,0,Koper,0.0
01,01-port-selection-liang-et-al,strict,50,1,0,Genoa,0.0
01,01-port-selection-liang-et-al,strict,50,1,0,Antwerp,0.0
01,01-port-selection-liang-et-al,strict,50,1,0,Rotterdam,1.0
01,01-port-selection-liang-et-al,strict,50,1,0,Hamburg,0.0
01,01-port-selection-liang-et-al,strict,50,1,0,Gdansk,0.0
01,01-port-selection-liang-et-al,strict,50,2,0,Piraeus,0.0
01,01-port-selection-liang-et-al,strict,50,2,0,Koper,0.0
01,01-port-selection-liang-et-al,strict,50,2,0,Genoa,0.0
01,01-port-selection-liang-et-al,strict,50,2,0,Antwerp,0.0
01,01-port-selection-liang-et-al,strict,50,2,0,Rotterdam,1.0
01,01-port-selection-liang-et-al,strict,50,2,0,Hamburg,0.0
01,01-port-selection-liang-et-al,strict,50,2,0,Gdansk,0.0
01,01-port-selection-liang-et-al,strict,50,3,0,Piraeus,0.0
01,01-port-selection-liang-et-al,strict,50,3,0,Koper,0.0
01,01-port-selection-liang-et-al,strict,50,3,0,Genoa,0.0
01,01-port-selection-liang-et-al,strict,50,3,0,Antwerp,0.0
01,01-port-selection-liang-et-al,strict,50,3,0,Rotterdam,1.0
01,01-port-selection-liang-et-al,strict,50,3,0,Hamburg,0.0
01,01-port-selection-liang-et-al,strict,50,3,0,Gdansk,0.0
01,01-port-selection-liang-et-al,strict,50,4,0,Piraeus,0.0
01,01-port-selection-liang-et-al,strict,50,4,0,Koper,0.0
01,01-port-selection-liang-et-al,strict,50,4,0,Genoa,0.0
01,01-port-selection-liang-et-al,strict,50,4,0,Antwerp,0.0
01,01-port-selection-liang-et-al,strict,50,4,0,Rotterdam,1.0
01,01-port-selection-liang-et-al,strict,50,4,0,Hamburg,0.0
01,01-port-selection-liang-et-al,strict,50,4,0,Gdansk,0.0
01,01-port-selection-liang-et-al,strict,100,0,0,Piraeus,0.0
01,01-port-selection-liang-et-al,strict,100,0,0,Koper,0.0
01,01-port-selection-liang-et-al,strict,100,0,0,Genoa,0.0
01,01-port-selection-liang-et-al,strict,100,0,0,Antwerp,0.0
01,01-port-selection-liang-et-al,strict,100,0,0,Rotterdam,1.0
01,01-port-selection-liang-et-al,strict,100,0,0,Hamburg,0.0
01,01-port-selection-liang-et-al,strict,100,0,0,Gdansk,0.0
01,01-port-selection-liang-et-al,strict,100,1,0,Piraeus,0.0
01,01-port-selection-liang-et-al,strict,100,1,0,Koper,0.0
01,01-port-selection-liang-et-al,strict,100,1,0,Genoa,0.0
01,01-port-selection-liang-et-al,strict,100,1,0,Antwerp,0.0
01,01-port-selection-liang-et-al,strict,100,1,0,Rotterdam,1.0
01,01-port-selection-liang-et-al,strict,100,1,0,Hamburg,0.0
01,01-port-selection-liang-et-al,strict,100,1,0,Gdansk,0.0
01,01-port-selection-liang-et-al,strict,100,2,0,Piraeus,0.0
01,01-port-selection-liang-et-al,strict,100,2,0,Koper,0.0
01,01-port-selection-liang-et-al,strict,100,2,0,Genoa,0.0
01,01-port-selection-liang-et-al,strict,100,2,0,Antwerp,0.0
01,01-port-selection-liang-et-al,strict,100,2,0,Rotterdam,1.0
01,01-port-selection-liang-et-al,strict,100,2,0,Hamburg,0.0
01,01-port-selection-liang-et-al,strict,100,2,0,Gdansk,0.0
01,01-port-selection-liang-et-al,strict,100,3,0,Piraeus,0.0
01,01-port-selection-liang-et-al,strict,100,3,0,Koper,0.0
01,01-port-selection-liang-et-al,strict,100,3,0,Genoa,0.0
01,01-port-selection-liang-et-al,strict,100,3,0,Antwerp,0.0
01,01-port-selection-liang-et-al,strict,100,3,0,Rotterdam,1.0
01,01-port-selection-liang-et-al,strict,100,3,0,Hamburg,0.0
01,01-port-selection-liang-et-al,strict,100,3,0,Gdansk,0.0
01,01-port-selection-liang-et-al,strict,100,4,0,Piraeus,0.0
01,01-port-selection-liang-et-al,strict,100,4,0,Koper,0.0
01,01-port-selection-liang-et-al,strict,100,4,0,Genoa,0.0
01,01-port-selection-liang-et-al,strict,100,4,0,Antwerp,0.0
01,01-port-selection-liang-et-al,strict,100,4,0,Rotterdam,1.0
01,01-port-selection-liang-et-al,strict,100,4,0,Hamburg,0.0
01,01-port-selection-liang-et-al,strict,100,4,0,Gdansk,0.0
01,01-port-selection-liang-et-al,strict,200,0,0,Piraeus,0.0
01,01-port-selection-liang-et-al,strict,200,0,0,Koper,0.0
01,01-port-selection-liang-et-al,strict,200,0,0,Genoa,0.0
01,01-port-selection-liang-et-al,strict,200,0,0,Antwerp,0.0
01,01-port-selection-liang-et-al,strict,200,0,0,Rotterdam,1.0
01,01-port-selection-liang-et-al,strict,200,0,0,Hamburg,0.0
01,01-port-selection-liang-et-al,strict,200,0,0,Gdansk,0.0
01,01-port-selection-liang-et-al,strict,200,1,0,Piraeus,0.0
01,01-port-selection-liang-et-al,strict,200,1,0,Koper,0.0
01,01-port-selection-liang-et-al,strict,200,1,0,Genoa,0.0
01,01-port-selection-liang-et-al,strict,200,1,0,Antwerp,0.0
01,01-port-selection-liang-et-al,strict,200,1,0,Rotterdam,1.0
01,01-port-selection-liang-et-al,strict,200,1,0,Hamburg,0.0
01,01-port-selection-liang-et-al,strict,200,1,0,Gdansk,0.0
01,01-port-selection-liang-et-al,strict,200,2,0,Piraeus,0.0
01,01-port-selection-liang-et-al,strict,200,2,0,Koper,0.0
01,01-port-selection-liang-et-al,strict,200,2,0,Genoa,0.0
01,01-port-selection-liang-et-al,strict,200,2,0,Antwerp,0.0
01,01-port-selection-liang-et-al,strict,200,2,0,Rotterdam,1.0
01,01-port-selection-liang-et-al,strict,200,2,0,Hamburg,0.0
01,01-port-selection-liang-et-al,strict,200,2,0,Gdansk,0.0
01,01-port-selection-liang-et-al,strict,200,3,0,Piraeus,0.0
01,01-port-selection-liang-et-al,strict,200,3,0,Koper,0.0
01,01-port-selection-liang-et-al,strict,200,3,0,Genoa,0.0
01,01-port-selection-liang-et-al,strict,200,3,0,Antwerp,0.0
01,01-port-selection-liang-et-al,strict,200,3,0,Rotterdam,1.0
01,01-port-selection-liang-et-al,strict,200,3,0,Hamburg,0.0
01,01-port-selection-liang-et-al,strict,200,3,0,Gdansk,0.0
01,01-port-selection-liang-et-al,strict,200,4,0,Piraeus,0.0
01,01-port-selection-liang-et-al,strict,200,4,0,Koper,0.0
01,01-port-selection-liang-et-al,strict,200,4,0,Genoa,0.0
01,01-port-selection-liang-et-al,strict,200,4,0,Antwerp,0.0
01,01-port-selection-liang-et-al,strict,200,4,0,Rotterdam,1.0
01,01-port-selection-liang-et-al,strict,200,4,0,Hamburg,0.0
01,01-port-selection-liang-et-al,strict,200,4,0,Gdansk,0.0
01,01-port-selection-liang-et-al,strict,500,0,0,Piraeus,0.0
01,01-port-selection-liang-et-al,strict,500,0,0,Koper,0.0
01,01-port-selection-liang-et-al,strict,500,0,0,Genoa,0.0
01,01-port-selection-liang-et-al,strict,500,0,0,Antwerp,0.0
01,01-port-selection-liang-et-al,strict,500,0,0,Rotterdam,1.0
01,01-port-selection-liang-et-al,strict,500,0,0,Hamburg,0.0
01,01-port-selection-liang-et-al,strict,500,0,0,Gdansk,0.0
01,01-port-selection-liang-et-al,strict,500,1,0,Piraeus,0.0
01,01-port-selection-liang-et-al,strict,500,1,0,Koper,0.0
01,01-port-selection-liang-et-al,strict,500,1,0,Genoa,0.0
01,01-port-selection-liang-et-al,strict,500,1,0,Antwerp,0.0
01,01-port-selection-liang-et-al,strict,500,1,0,Rotterdam,1.0
01,01-port-selection-liang-et-al,strict,500,1,0,Hamburg,0.0
01,01-port-selection-liang-et-al,strict,500,1,0,Gdansk,0.0
01,01-port-selection-liang-et-al,strict,500,2,0,Piraeus,0.0
01,01-port-selection-liang-et-al,strict,500,2,0,Koper,0.0
01,01-port-selection-liang-et-al,strict,500,2,0,Genoa,0.0
01,01-port-selection-liang-et-al,strict,500,2,0,Antwerp,0.0
01,01-port-selection-liang-et-al,strict,500,2,0,Rotterdam,1.0
01,01-port-selection-liang-et-al,strict,500,2,0,Hamburg,0.0
01,01-port-selection-liang-et-al,strict,500,2,0,Gdansk,0.0
01,01-port-selection-liang-et-al,strict,500,3,0,Piraeus,0.0
01,01-port-selection-liang-et-al,strict,500,3,0,Koper,0.0
01,01-port-selection-liang-et-al,strict,500,3,0,Genoa,0.0
01,01-port-selection-liang-et-al,strict,500,3,0,Antwerp,0.0
01,01-port-selection-liang-et-al,strict,500,3,0,Rotterdam,1.0
01,01-port-selection-liang-et-al,strict,500,3,0,Hamburg,0.0
01,01-port-selection-liang-et-al,strict,500,3,0,Gdansk,0.0
01,01-port-selection-liang-et-al,strict,500,4,0,Piraeus,0.0
01,01-port-selection-liang-et-al,strict,500,4,0,Koper,0.0
01,01-port-selection-liang-et-al,strict,500,4,0,Genoa,0.0
01,01-port-selection-liang-et-al,strict,500,4,0,Antwerp,0.0
01,01-port-selection-liang-et-al,strict,500,4,0,Rotterdam,1.0
01,01-port-selection-liang-et-al,strict,500,4,0,Hamburg,0.0
01,01-port-selection-liang-et-al,strict,500,4,0,Gdansk,0.0
01,01-port-selection-liang-et-al,strict,1000,0,0,Piraeus,0.0
01,01-port-selection-liang-et-al,strict,1000,0,0,Koper,0.0
01,01-port-selection-liang-et-al,strict,1000,0,0,Genoa,0.0
01,01-port-selection-liang-et-al,strict,1000,0,0,Antwerp,0.0
01,01-port-selection-liang-et-al,strict,1000,0,0,Rotterdam,1.0
01,01-port-selection-liang-et-al,strict,1000,0,0,Hamburg,0.0
01,01-port-selection-liang-et-al,strict,1000,0,0,Gdansk,0.0
01,01-port-selection-liang-et-al,strict,1000,1,0,Piraeus,0.0
01,01-port-selection-liang-et-al,strict,1000,1,0,Koper,0.0
01,01-port-selection-liang-et-al,strict,1000,1,0,Genoa,0.0
01,01-port-selection-liang-et-al,strict,1000,1,0,Antwerp,0.0
01,01-port-selection-liang-et-al,strict,1000,1,0,Rotterdam,1.0
01,01-port-selection-liang-et-al,strict,1000,1,0,Hamburg,0.0
01,01-port-selection-liang-et-al,strict,1000,1,0,Gdansk,0.0
01,01-port-selection-liang-et-al,strict,1000,2,0,Piraeus,0.0
01,01-port-selection-liang-et-al,strict,1000,2,0,Koper,0.0
01,01-port-selection-liang-et-al,strict,1000,2,0,Genoa,0.0
01,01-port-selection-liang-et-al,strict,1000,2,0,Antwerp,0.0
01,01-port-selection-liang-et-al,strict,1000,2,0,Rotterdam,1.0
01,01-port-selection-liang-et-al,strict,1000,2,0,Hamburg,0.0
01,01-port-selection-liang-et-al,strict,1000,2,0,Gdansk,0.0
01,01-port-selection-liang-et-al,strict,1000,3,0,Piraeus,0.0
01,01-port-selection-liang-et-al,strict,1000,3,0,Koper,0.0
01,01-port-selection-liang-et-al,strict,1000,3,0,Genoa,0.0
01,01-port-selection-liang-et-al,strict,1000,3,0,Antwerp,0.0
01,01-port-selection-liang-et-al,strict,1000,3,0,Rotterdam,1.0
01,01-port-selection-liang-et-al,strict,1000,3,0,Hamburg,0.0
01,01-port-selection-liang-et-al,strict,1000,3,0,Gdansk,0.0
01,01-port-selection-liang-et-al,strict,1000,4,0,Piraeus,0.0
01,01-port-selection-liang-et-al,strict,1000,4,0,Koper,0.0
01,01-port-selection-liang-et-al,strict,1000,4,0,Genoa,0.0
01,01-port-selection-liang-et-al,strict,1000,4,0,Antwerp,0.0
01,01-port-selection-liang-et-al,strict,1000,4,0,Rotterdam,1.0
01,01-port-selection-liang-et-al,strict,1000,4,0,Hamburg,0.0
01,01-port-selection-liang-et-al,strict,1000,4,0,Gdansk,0.0
01,01-port-selection-liang-et-al,strict,2000,0,0,Piraeus,0.0
01,01-port-selection-liang-et-al,strict,2000,0,0,Koper,0.0
01,01-port-selection-liang-et-al,strict,2000,0,0,Genoa,0.0
01,01-port-selection-liang-et-al,strict,2000,0,0,Antwerp,0.0
01,01-port-selection-liang-et-al,strict,2000,0,0,Rotterdam,1.0
01,01-port-selection-liang-et-al,strict,2000,0,0,Hamburg,0.0
01,01-port-selection-liang-et-al,strict,2000,0,0,Gdansk,0.0
01,01-port-selection-liang-et-al,strict,2000,1,0,Piraeus,0.0
01,01-port-selection-liang-et-al,strict,2000,1,0,Koper,0.0
01,01-port-selection-liang-et-al,strict,2000,1,0,Genoa,0.0
01,01-port-selection-liang-et-al,strict,2000,1,0,Antwerp,0.0
01,01-port-selection-liang-et-al,strict,2000,1,0,Rotterdam,1.0
01,01-port-selection-liang-et-al,strict,2000,1,0,Hamburg,0.0
01,01-port-selection-liang-et-al,strict,2000,1,0,Gdansk,0.0
01,01-port-selection-liang-et-al,strict,2000,2,0,Piraeus,0.0
01,01-port-selection-liang-et-al,strict,2000,2,0,Koper,0.0
01,01-port-selection-liang-et-al,strict,2000,2,0,Genoa,0.0
01,01-port-selection-liang-et-al,strict,2000,2,0,Antwerp,0.0
01,01-port-selection-liang-et-al,strict,2000,2,0,Rotterdam,1.0
01,01-port-selection-liang-et-al,strict,2000,2,0,Hamburg,0.0
01,01-port-selection-liang-et-al,strict,2000,2,0,Gdansk,0.0
01,01-port-selection-liang-et-al,strict,2000,3,0,Piraeus,0.0
01,01-port-selection-liang-et-al,strict,2000,3,0,Koper,0.0
01,01-port-selection-liang-et-al,strict,2000,3,0,Genoa,0.0
01,01-port-selection-liang-et-al,strict,2000,3,0,Antwerp,0.0
01,01-port-selection-liang-et-al,strict,2000,3,0,Rotterdam,1.0
01,01-port-selection-liang-et-al,strict,2000,3,0,Hamburg,0.0
01,01-port-selection-liang-et-al,strict,2000,3,0,Gdansk,0.0
01,01-port-selection-liang-et-al,strict,2000,4,0,Piraeus,0.0
01,01-port-selection-liang-et-al,strict,2000,4,0,Koper,0.0
01,01-port-selection-liang-et-al,strict,2000,4,0,Genoa,0.0
01,01-port-selection-liang-et-al,strict,2000,4,0,Antwerp,0.0
01,01-port-selection-liang-et-al,strict,2000,4,0,Rotterdam,1.0
01,01-port-selection-liang-et-al,strict,2000,4,0,Hamburg,0.0
01,01-port-selection-liang-et-al,strict,2000,4,0,Gdansk,0.0
01,01-port-selection-liang-et-al,strict,5000,0,0,Piraeus,0.0
01,01-port-selection-liang-et-al,strict,5000,0,0,Koper,0.0
01,01-port-selection-liang-et-al,strict,5000,0,0,Genoa,0.0
01,01-port-selection-liang-et-al,strict,5000,0,0,Antwerp,0.0
01,01-port-selection-liang-et-al,strict,5000,0,0,Rotterdam,1.0
01,01-port-selection-liang-et-al,strict,5000,0,0,Hamburg,0.0
01,01-port-selection-liang-et-al,strict,5000,0,0,Gdansk,0.0
01,01-port-selection-liang-et-al,strict,5000,1,0,Piraeus,0.0
01,01-port-selection-liang-et-al,strict,5000,1,0,Koper,0.0
01,01-port-selection-liang-et-al,strict,5000,1,0,Genoa,0.0
01,01-port-selection-liang-et-al,strict,5000,1,0,Antwerp,0.0
01,01-port-selection-liang-et-al,strict,5000,1,0,Rotterdam,1.0
01,01-port-selection-liang-et-al,strict,5000,1,0,Hamburg,0.0
01,01-port-selection-liang-et-al,strict,5000,1,0,Gdansk,0.0
01,01-port-selection-liang-et-al,strict,5000,2,0,Piraeus,0.0
01,01-port-selection-liang-et-al,strict,5000,2,0,Koper,0.0
01,01-port-selection-liang-et-al,strict,5000,2,0,Genoa,0.0
01,01-port-selection-liang-et-al,strict,5000,2,0,Antwerp,0.0
01,01-port-selection-liang-et-al,strict,5000,2,0,Rotterdam,1.0
01,01-port-selection-liang-et-al,strict,5000,2,0,Hamburg,0.0
01,01-port-selection-liang-et-al,strict,5000,2,0,Gdansk,0.0
01,01-port-selection-liang-et-al,strict,5000,3,0,Piraeus,0.0
01,01-port-selection-liang-et-al,strict,5000,3,0,Koper,0.0
01,01-port-selection-liang-et-al,strict,5000,3,0,Genoa,0.0
01,01-port-selection-liang-et-al,strict,5000,3,0,Antwerp,0.0
01,01-port-selection-liang-et-al,strict,5000,3,0,Rotterdam,1.0
01,01-port-selection-liang-et-al,strict,5000,3,0,Hamburg,0.0
01,01-port-selection-liang-et-al,strict,5000,3,0,Gdansk,0.0
01,01-port-selection-liang-et-al,strict,5000,4,0,Piraeus,0.0
01,01-port-selection-liang-et-al,strict,5000,4,0,Koper,0.0
01,01-port-selection-liang-et-al,strict,5000,4,0,Genoa,0.0
01,01-port-selection-liang-et-al,strict,5000,4,0,Antwerp,0.0
01,01-port-selection-liang-et-al,strict,5000,4,0,Rotterdam,1.0
01,01-port-selection-liang-et-al,strict,5000,4,0,Hamburg,0.0
01,01-port-selection-liang-et-al,strict,5000,4,0,Gdansk,0.0
01,01-port-selection-liang-et-al,strict,10000,0,0,Piraeus,0.0
01,01-port-selection-liang-et-al,strict,10000,0,0,Koper,0.0
01,01-port-selection-liang-et-al,strict,10000,0,0,Genoa,0.0
01,01-port-selection-liang-et-al,strict,10000,0,0,Antwerp,0.0
01,01-port-selection-liang-et-al,strict,10000,0,0,Rotterdam,1.0
01,01-port-selection-liang-et-al,strict,10000,0,0,Hamburg,0.0
01,01-port-selection-liang-et-al,strict,10000,0,0,Gdansk,0.0
01,01-port-selection-liang-et-al,strict,10000,1,0,Piraeus,0.0
01,01-port-selection-liang-et-al,strict,10000,1,0,Koper,0.0
01,01-port-selection-liang-et-al,strict,10000,1,0,Genoa,0.0
01,01-port-selection-liang-et-al,strict,10000,1,0,Antwerp,0.0
01,01-port-selection-liang-et-al,strict,10000,1,0,Rotterdam,1.0
01,01-port-selection-liang-et-al,strict,10000,1,0,Hamburg,0.0
01,01-port-selection-liang-et-al,strict,10000,1,0,Gdansk,0.0
01,01-port-selection-liang-et-al,strict,10000,2,0,Piraeus,0.0
01,01-port-selection-liang-et-al,strict,10000,2,0,Koper,0.0
01,01-port-selection-liang-et-al,strict,10000,2,0,Genoa,0.0
01,01-port-selection-liang-et-al,strict,10000,2,0,Antwerp,0.0
01,01-port-selection-liang-et-al,strict,10000,2,0,Rotterdam,1.0
01,01-port-selection-liang-et-al,strict,10000,2,0,Hamburg,0.0
01,01-port-selection-liang-et-al,strict,10000,2,0,Gdansk,0.0
01,01-port-selection-liang-et-al,strict,10000,3,0,Piraeus,0.0
01,01-port-selection-liang-et-al,strict,10000,3,0,Koper,0.0
01,01-port-selection-liang-et-al,strict,10000,3,0,Genoa,0.0
01,01-port-selection-liang-et-al,strict,10000,3,0,Antwerp,0.0
01,01-port-selection-liang-et-al,strict,10000,3,0,Rotterdam,1.0
01,01-port-selection-liang-et-al,strict,10000,3,0,Hamburg,0.0
01,01-port-selection-liang-et-al,strict,10000,3,0,Gdansk,0.0
01,01-port-selection-liang-et-al,strict,10000,4,0,Piraeus,0.0
01,01-port-selection-liang-et-al,strict,10000,4,0,Koper,0.0
01,01-port-selection-liang-et-al,strict,10000,4,0,Genoa,0.0
01,01-port-selection-liang-et-al,strict,10000,4,0,Antwerp,0.0
01,01-port-selection-liang-et-al,strict,10000,4,0,Rotterdam,1.0
01,01-port-selection-liang-et-al,strict,10000,4,0,Hamburg,0.0
01,01-port-selection-liang-et-al,strict,10000,4,0,Gdansk,0.0
01,01-port-selection-liang-et-al,non_strict,50,0,pooled,Piraeus,0.0
01,01-port-selection-liang-et-al,non_strict,50,0,pooled,Koper,0.0
01,01-port-selection-liang-et-al,non_strict,50,0,pooled,Genoa,0.0
01,01-port-selection-liang-et-al,non_strict,50,0,pooled,Antwerp,0.0
01,01-port-selection-liang-et-al,non_strict,50,0,pooled,Rotterdam,1.0
01,01-port-selection-liang-et-al,non_strict,50,0,pooled,Hamburg,0.0
01,01-port-selection-liang-et-al,non_strict,50,0,pooled,Gdansk,0.0
01,01-port-selection-liang-et-al,non_strict,50,1,pooled,Piraeus,0.0
01,01-port-selection-liang-et-al,non_strict,50,1,pooled,Koper,0.0
01,01-port-selection-liang-et-al,non_strict,50,1,pooled,Genoa,0.0
01,01-port-selection-liang-et-al,non_strict,50,1,pooled,Antwerp,0.0
01,01-port-selection-liang-et-al,non_strict,50,1,pooled,Rotterdam,1.0
01,01-port-selection-liang-et-al,non_strict,50,1,pooled,Hamburg,0.0
01,01-port-selection-liang-et-al,non_strict,50,1,pooled,Gdansk,0.0
01,01-port-selection-liang-et-al,non_strict,50,2,pooled,Piraeus,0.0
01,01-port-selection-liang-et-al,non_strict,50,2,pooled,Koper,0.0
01,01-port-selection-liang-et-al,non_strict,50,2,pooled,Genoa,0.0
01,01-port-selection-liang-et-al,non_strict,50,2,pooled,Antwerp,0.0
01,01-port-selection-liang-et-al,non_strict,50,2,pooled,Rotterdam,1.0
01,01-port-selection-liang-et-al,non_strict,50,2,pooled,Hamburg,0.0
01,01-port-selection-liang-et-al,non_strict,50,2,pooled,Gdansk,0.0
01,01-port-selection-liang-et-al,non_strict,50,3,pooled,Piraeus,0.0
01,01-port-selection-liang-et-al,non_strict,50,3,pooled,Koper,0.0
01,01-port-selection-liang-et-al,non_strict,50,3,pooled,Genoa,0.0
01,01-port-selection-liang-et-al,non_strict,50,3,pooled,Antwerp,0.0
01,01-port-selection-liang-et-al,non_strict,50,3,pooled,Rotterdam,1.0
01,01-port-selection-liang-et-al,non_strict,50,3,pooled,Hamburg,0.0
01,01-port-selection-liang-et-al,non_strict,50,3,pooled,Gdansk,0.0
01,01-port-selection-liang-et-al,non_strict,50,4,pooled,Piraeus,0.0
01,01-port-selection-liang-et-al,non_strict,50,4,pooled,Koper,0.0
01,01-port-selection-liang-et-al,non_strict,50,4,pooled,Genoa,0.0
01,01-port-selection-liang-et-al,non_strict,50,4,pooled,Antwerp,0.0
01,01-port-selection-liang-et-al,non_strict,50,4,pooled,Rotterdam,1.0
01,01-port-selection-liang-et-al,non_strict,50,4,pooled,Hamburg,0.0
01,01-port-selection-liang-et-al,non_strict,50,4,pooled,Gdansk,0.0
01,01-port-selection-liang-et-al,non_strict,100,0,pooled,Piraeus,0.0
01,01-port-selection-liang-et-al,non_strict,100,0,pooled,Koper,0.0
01,01-port-selection-liang-et-al,non_strict,100,0,pooled,Genoa,0.0
01,01-port-selection-liang-et-al,non_strict,100,0,pooled,Antwerp,0.0
01,01-port-selection-liang-et-al,non_strict,100,0,pooled,Rotterdam,1.0
01,01-port-selection-liang-et-al,non_strict,100,0,pooled,Hamburg,0.0
01,01-port-selection-liang-et-al,non_strict,100,0,pooled,Gdansk,0.0
01,01-port-selection-liang-et-al,non_strict,100,1,pooled,Piraeus,0.0
01,01-port-selection-liang-et-al,non_strict,100,1,pooled,Koper,0.0
01,01-port-selection-liang-et-al,non_strict,100,1,pooled,Genoa,0.0
01,01-port-selection-liang-et-al,non_strict,100,1,pooled,Antwerp,0.0
01,01-port-selection-liang-et-al,non_strict,100,1,pooled,Rotterdam,1.0
01,01-port-selection-liang-et-al,non_strict,100,1,pooled,Hamburg,0.0
01,01-port-selection-liang-et-al,non_strict,100,1,pooled,Gdansk,0.0
01,01-port-selection-liang-et-al,non_strict,100,2,pooled,Piraeus,0.0
01,01-port-selection-liang-et-al,non_strict,100,2,pooled,Koper,0.0
01,01-port-selection-liang-et-al,non_strict,100,2,pooled,Genoa,0.0
01,01-port-selection-liang-et-al,non_strict,100,2,pooled,Antwerp,0.0
01,01-port-selection-liang-et-al,non_strict,100,2,pooled,Rotterdam,1.0
01,01-port-selection-liang-et-al,non_strict,100,2,pooled,Hamburg,0.0
01,01-port-selection-liang-et-al,non_strict,100,2,pooled,Gdansk,0.0
01,01-port-selection-liang-et-al,non_strict,100,3,pooled,Piraeus,0.0
01,01-port-selection-liang-et-al,non_strict,100,3,pooled,Koper,0.0
01,01-port-selection-liang-et-al,non_strict,100,3,pooled,Genoa,0.0
01,01-port-selection-liang-et-al,non_strict,100,3,pooled,Antwerp,0.0
01,01-port-selection-liang-et-al,non_strict,100,3,pooled,Rotterdam,1.0
01,01-port-selection-liang-et-al,non_strict,100,3,pooled,Hamburg,0.0
01,01-port-selection-liang-et-al,non_strict,100,3,pooled,Gdansk,0.0
01,01-port-selection-liang-et-al,non_strict,100,4,pooled,Piraeus,0.0
01,01-port-selection-liang-et-al,non_strict,100,4,pooled,Koper,0.0
01,01-port-selection-liang-et-al,non_strict,100,4,pooled,Genoa,0.0
01,01-port-selection-liang-et-al,non_strict,100,4,pooled,Antwerp,0.0
01,01-port-selection-liang-et-al,non_strict,100,4,pooled,Rotterdam,1.0
01,01-port-selection-liang-et-al,non_strict,100,4,pooled,Hamburg,0.0
01,01-port-selection-liang-et-al,non_strict,100,4,pooled,Gdansk,0.0
01,01-port-selection-liang-et-al,non_strict,200,0,pooled,Piraeus,0.0
01,01-port-selection-liang-et-al,non_strict,200,0,pooled,Koper,0.0
01,01-port-selection-liang-et-al,non_strict,200,0,pooled,Genoa,0.0
01,01-port-selection-liang-et-al,non_strict,200,0,pooled,Antwerp,0.0
01,01-port-selection-liang-et-al,non_strict,200,0,pooled,Rotterdam,1.0
01,01-port-selection-liang-et-al,non_strict,200,0,pooled,Hamburg,0.0
01,01-port-selection-liang-et-al,non_strict,200,0,pooled,Gdansk,0.0
01,01-port-selection-liang-et-al,non_strict,200,1,pooled,Piraeus,0.0
01,01-port-selection-liang-et-al,non_strict,200,1,pooled,Koper,0.0
01,01-port-selection-liang-et-al,non_strict,200,1,pooled,Genoa,0.0
01,01-port-selection-liang-et-al,non_strict,200,1,pooled,Antwerp,0.0
01,01-port-selection-liang-et-al,non_strict,200,1,pooled,Rotterdam,1.0
01,01-port-selection-liang-et-al,non_strict,200,1,pooled,Hamburg,0.0
01,01-port-selection-liang-et-al,non_strict,200,1,pooled,Gdansk,0.0
01,01-port-selection-liang-et-al,non_strict,200,2,pooled,Piraeus,0.0
01,01-port-selection-liang-et-al,non_strict,200,2,pooled,Koper,0.0
01,01-port-selection-liang-et-al,non_strict,200,2,pooled,Genoa,0.0
01,01-port-selection-liang-et-al,non_strict,200,2,pooled,Antwerp,0.0
01,01-port-selection-liang-et-al,non_strict,200,2,pooled,Rotterdam,1.0
01,01-port-selection-liang-et-al,non_strict,200,2,pooled,Hamburg,0.0
01,01-port-selection-liang-et-al,non_strict,200,2,pooled,Gdansk,0.0
01,01-port-selection-liang-et-al,non_strict,200,3,pooled,Piraeus,0.0
01,01-port-selection-liang-et-al,non_strict,200,3,pooled,Koper,0.0
01,01-port-selection-liang-et-al,non_strict,200,3,pooled,Genoa,0.0
01,01-port-selection-liang-et-al,non_strict,200,3,pooled,Antwerp,0.0
01,01-port-selection-liang-et-al,non_strict,200,3,pooled,Rotterdam,1.0
01,01-port-selection-liang-et-al,non_strict,200,3,pooled,Hamburg,0.0
01,01-port-selection-liang-et-al,non_strict,200,3,pooled,Gdansk,0.0
01,01-port-selection-liang-et-al,non_strict,200,4,pooled,Piraeus,0.0
01,01-port-selection-liang-et-al,non_strict,200,4,pooled,Koper,0.0
01,01-port-selection-liang-et-al,non_strict,200,4,pooled,Genoa,0.0
01,01-port-selection-liang-et-al,non_strict,200,4,pooled,Antwerp,0.0
01,01-port-selection-liang-et-al,non_strict,200,4,pooled,Rotterdam,1.0
01,01-port-selection-liang-et-al,non_strict,200,4,pooled,Hamburg,0.0
01,01-port-selection-liang-et-al,non_strict,200,4,pooled,Gdansk,0.0
01,01-port-selection-liang-et-al,non_strict,500,0,pooled,Piraeus,0.0
01,01-port-selection-liang-et-al,non_strict,500,0,pooled,Koper,0.0
01,01-port-selection-liang-et-al,non_strict,500,0,pooled,Genoa,0.0
01,01-port-selection-liang-et-al,non_strict,500,0,pooled,Antwerp,0.0
01,01-port-selection-liang-et-al,non_strict,500,0,pooled,Rotterdam,1.0
01,01-port-selection-liang-et-al,non_strict,500,0,pooled,Hamburg,0.0
01,01-port-selection-liang-et-al,non_strict,500,0,pooled,Gdansk,0.0
01,01-port-selection-liang-et-al,non_strict,500,1,pooled,Piraeus,0.0
01,01-port-selection-liang-et-al,non_strict,500,1,pooled,Koper,0.0
01,01-port-selection-liang-et-al,non_strict,500,1,pooled,Genoa,0.0
01,01-port-selection-liang-et-al,non_strict,500,1,pooled,Antwerp,0.0
01,01-port-selection-liang-et-al,non_strict,500,1,pooled,Rotterdam,1.0
01,01-port-selection-liang-et-al,non_strict,500,1,pooled,Hamburg,0.0
01,01-port-selection-liang-et-al,non_strict,500,1,pooled,Gdansk,0.0
01,01-port-selection-liang-et-al,non_strict,500,2,pooled,Piraeus,0.0
01,01-port-selection-liang-et-al,non_strict,500,2,pooled,Koper,0.0
01,01-port-selection-liang-et-al,non_strict,500,2,pooled,Genoa,0.0
01,01-port-selection-liang-et-al,non_strict,500,2,pooled,Antwerp,0.0
01,01-port-selection-liang-et-al,non_strict,500,2,pooled,Rotterdam,1.0
01,01-port-selection-liang-et-al,non_strict,500,2,pooled,Hamburg,0.0
01,01-port-selection-liang-et-al,non_strict,500,2,pooled,Gdansk,0.0
01,01-port-selection-liang-et-al,non_strict,500,3,pooled,Piraeus,0.0
01,01-port-selection-liang-et-al,non_strict,500,3,pooled,Koper,0.0
01,01-port-selection-liang-et-al,non_strict,500,3,pooled,Genoa,0.0
01,01-port-selection-liang-et-al,non_strict,500,3,pooled,Antwerp,0.0
01,01-port-selection-liang-et-al,non_strict,500,3,pooled,Rotterdam,1.0
01,01-port-selection-liang-et-al,non_strict,500,3,pooled,Hamburg,0.0
01,01-port-selection-liang-et-al,non_strict,500,3,pooled,Gdansk,0.0
01,01-port-selection-liang-et-al,non_strict,500,4,pooled,Piraeus,0.0
01,01-port-selection-liang-et-al,non_strict,500,4,pooled,Koper,0.0
01,01-port-selection-liang-et-al,non_strict,500,4,pooled,Genoa,0.0
01,01-port-selection-liang-et-al,non_strict,500,4,pooled,Antwerp,0.0
01,01-port-selection-liang-et-al,non_strict,500,4,pooled,Rotterdam,1.0
01,01-port-selection-liang-et-al,non_strict,500,4,pooled,Hamburg,0.0
01,01-port-selection-liang-et-al,non_strict,500,4,pooled,Gdansk,0.0
01,01-port-selection-liang-et-al,non_strict,1000,0,pooled,Piraeus,0.0
01,01-port-selection-liang-et-al,non_strict,1000,0,pooled,Koper,0.0
01,01-port-selection-liang-et-al,non_strict,1000,0,pooled,Genoa,0.0
01,01-port-selection-liang-et-al,non_strict,1000,0,pooled,Antwerp,0.0
01,01-port-selection-liang-et-al,non_strict,1000,0,pooled,Rotterdam,1.0
01,01-port-selection-liang-et-al,non_strict,1000,0,pooled,Hamburg,0.0
01,01-port-selection-liang-et-al,non_strict,1000,0,pooled,Gdansk,0.0
01,01-port-selection-liang-et-al,non_strict,1000,1,pooled,Piraeus,0.0
01,01-port-selection-liang-et-al,non_strict,1000,1,pooled,Koper,0.0
01,01-port-selection-liang-et-al,non_strict,1000,1,pooled,Genoa,0.0
01,01-port-selection-liang-et-al,non_strict,1000,1,pooled,Antwerp,0.0
01,01-port-selection-liang-et-al,non_strict,1000,1,pooled,Rotterdam,1.0
01,01-port-selection-liang-et-al,non_strict,1000,1,pooled,Hamburg,0.0
01,01-port-selection-liang-et-al,non_strict,1000,1,pooled,Gdansk,0.0
01,01-port-selection-liang-et-al,non_strict,1000,2,pooled,Piraeus,0.0
01,01-port-selection-liang-et-al,non_strict,1000,2,pooled,Koper,0.0
01,01-port-selection-liang-et-al,non_strict,1000,2,pooled,Genoa,0.0
01,01-port-selection-liang-et-al,non_strict,1000,2,pooled,Antwerp,0.0
01,01-port-selection-liang-et-al,non_strict,1000,2,pooled,Rotterdam,1.0
01,01-port-selection-liang-et-al,non_strict,1000,2,pooled,Hamburg,0.0
01,01-port-selection-liang-et-al,non_strict,1000,2,pooled,Gdansk,0.0
01,01-port-selection-liang-et-al,non_strict,1000,3,pooled,Piraeus,0.0
01,01-port-selection-liang-et-al,non_strict,1000,3,pooled,Koper,0.0
01,01-port-selection-liang-et-al,non_strict,1000,3,pooled,Genoa,0.0
01,01-port-selection-liang-et-al,non_strict,1000,3,pooled,Antwerp,0.0
01,01-port-selection-liang-et-al,non_strict,1000,3,pooled,Rotterdam,1.0
01,01-port-selection-liang-et-al,non_strict,1000,3,pooled,Hamburg,0.0
01,01-port-selection-liang-et-al,non_strict,1000,3,pooled,Gdansk,0.0
01,01-port-selection-liang-et-al,non_strict,1000,4,pooled,Piraeus,0.0
01,01-port-selection-liang-et-al,non_strict,1000,4,pooled,Koper,0.0
01,01-port-selection-liang-et-al,non_strict,1000,4,pooled,Genoa,0.0
01,01-port-selection-liang-et-al,non_strict,1000,4,pooled,Antwerp,0.0
01,01-port-selection-liang-et-al,non_strict,1000,4,pooled,Rotterdam,1.0
01,01-port-selection-liang-et-al,non_strict,1000,4,pooled,Hamburg,0.0
01,01-port-selection-liang-et-al,non_strict,1000,4,pooled,Gdansk,0.0
01,01-port-selection-liang-et-al,non_strict,2000,0,pooled,Piraeus,0.0
01,01-port-selection-liang-et-al,non_strict,2000,0,pooled,Koper,0.0
01,01-port-selection-liang-et-al,non_strict,2000,0,pooled,Genoa,0.0
01,01-port-selection-liang-et-al,non_strict,2000,0,pooled,Antwerp,0.0
01,01-port-selection-liang-et-al,non_strict,2000,0,pooled,Rotterdam,1.0
01,01-port-selection-liang-et-al,non_strict,2000,0,pooled,Hamburg,0.0
01,01-port-selection-liang-et-al,non_strict,2000,0,pooled,Gdansk,0.0
01,01-port-selection-liang-et-al,non_strict,2000,1,pooled,Piraeus,0.0
01,01-port-selection-liang-et-al,non_strict,2000,1,pooled,Koper,0.0
01,01-port-selection-liang-et-al,non_strict,2000,1,pooled,Genoa,0.0
01,01-port-selection-liang-et-al,non_strict,2000,1,pooled,Antwerp,0.0
01,01-port-selection-liang-et-al,non_strict,2000,1,pooled,Rotterdam,1.0
01,01-port-selection-liang-et-al,non_strict,2000,1,pooled,Hamburg,0.0
01,01-port-selection-liang-et-al,non_strict,2000,1,pooled,Gdansk,0.0
01,01-port-selection-liang-et-al,non_strict,2000,2,pooled,Piraeus,0.0
01,01-port-selection-liang-et-al,non_strict,2000,2,pooled,Koper,0.0
01,01-port-selection-liang-et-al,non_strict,2000,2,pooled,Genoa,0.0
01,01-port-selection-liang-et-al,non_strict,2000,2,pooled,Antwerp,0.0
01,01-port-selection-liang-et-al,non_strict,2000,2,pooled,Rotterdam,1.0
01,01-port-selection-liang-et-al,non_strict,2000,2,pooled,Hamburg,0.0
01,01-port-selection-liang-et-al,non_strict,2000,2,pooled,Gdansk,0.0
01,01-port-selection-liang-et-al,non_strict,2000,3,pooled,Piraeus,0.0
01,01-port-selection-liang-et-al,non_strict,2000,3,pooled,Koper,0.0
01,01-port-selection-liang-et-al,non_strict,2000,3,pooled,Genoa,0.0
01,01-port-selection-liang-et-al,non_strict,2000,3,pooled,Antwerp,0.0
01,01-port-selection-liang-et-al,non_strict,2000,3,pooled,Rotterdam,1.0
01,01-port-selection-liang-et-al,non_strict,2000,3,pooled,Hamburg,0.0
01,01-port-selection-liang-et-al,non_strict,2000,3,pooled,Gdansk,0.0
01,01-port-selection-liang-et-al,non_strict,2000,4,pooled,Piraeus,0.0
01,01-port-selection-liang-et-al,non_strict,2000,4,pooled,Koper,0.0
01,01-port-selection-liang-et-al,non_strict,2000,4,pooled,Genoa,0.0
01,01-port-selection-liang-et-al,non_strict,2000,4,pooled,Antwerp,0.0
01,01-port-selection-liang-et-al,non_strict,2000,4,pooled,Rotterdam,1.0
01,01-port-selection-liang-et-al,non_strict,2000,4,pooled,Hamburg,0.0
01,01-port-selection-liang-et-al,non_strict,2000,4,pooled,Gdansk,0.0
01,01-port-selection-liang-et-al,non_strict,5000,0,pooled,Piraeus,0.0
01,01-port-selection-liang-et-al,non_strict,5000,0,pooled,Koper,0.0
01,01-port-selection-liang-et-al,non_strict,5000,0,pooled,Genoa,0.0
01,01-port-selection-liang-et-al,non_strict,5000,0,pooled,Antwerp,0.0
01,01-port-selection-liang-et-al,non_strict,5000,0,pooled,Rotterdam,1.0
01,01-port-selection-liang-et-al,non_strict,5000,0,pooled,Hamburg,0.0
01,01-port-selection-liang-et-al,non_strict,5000,0,pooled,Gdansk,0.0
01,01-port-selection-liang-et-al,non_strict,5000,1,pooled,Piraeus,0.0
01,01-port-selection-liang-et-al,non_strict,5000,1,pooled,Koper,0.0
01,01-port-selection-liang-et-al,non_strict,5000,1,pooled,Genoa,0.0
01,01-port-selection-liang-et-al,non_strict,5000,1,pooled,Antwerp,0.0
01,01-port-selection-liang-et-al,non_strict,5000,1,pooled,Rotterdam,1.0
01,01-port-selection-liang-et-al,non_strict,5000,1,pooled,Hamburg,0.0
01,01-port-selection-liang-et-al,non_strict,5000,1,pooled,Gdansk,0.0
01,01-port-selection-liang-et-al,non_strict,5000,2,pooled,Piraeus,0.0
01,01-port-selection-liang-et-al,non_strict,5000,2,pooled,Koper,0.0
01,01-port-selection-liang-et-al,non_strict,5000,2,pooled,Genoa,0.0
01,01-port-selection-liang-et-al,non_strict,5000,2,pooled,Antwerp,0.0
01,01-port-selection-liang-et-al,non_strict,5000,2,pooled,Rotterdam,1.0
01,01-port-selection-liang-et-al,non_strict,5000,2,pooled,Hamburg,0.0
01,01-port-selection-liang-et-al,non_strict,5000,2,pooled,Gdansk,0.0
01,01-port-selection-liang-et-al,non_strict,5000,3,pooled,Piraeus,0.0
01,01-port-selection-liang-et-al,non_strict,5000,3,pooled,Koper,0.0
01,01-port-selection-liang-et-al,non_strict,5000,3,pooled,Genoa,0.0
01,01-port-selection-liang-et-al,non_strict,5000,3,pooled,Antwerp,0.0
01,01-port-selection-liang-et-al,non_strict,5000,3,pooled,Rotterdam,1.0
01,01-port-selection-liang-et-al,non_strict,5000,3,pooled,Hamburg,0.0
01,01-port-selection-liang-et-al,non_strict,5000,3,pooled,Gdansk,0.0
01,01-port-selection-liang-et-al,non_strict,5000,4,pooled,Piraeus,0.0
01,01-port-selection-liang-et-al,non_strict,5000,4,pooled,Koper,0.0
01,01-port-selection-liang-et-al,non_strict,5000,4,pooled,Genoa,0.0
01,01-port-selection-liang-et-al,non_strict,5000,4,pooled,Antwerp,0.0
01,01-port-selection-liang-et-al,non_strict,5000,4,pooled,Rotterdam,1.0
01,01-port-selection-liang-et-al,non_strict,5000,4,pooled,Hamburg,0.0
01,01-port-selection-liang-et-al,non_strict,5000,4,pooled,Gdansk,0.0
01,01-port-selection-liang-et-al,non_strict,10000,0,pooled,Piraeus,0.0
01,01-port-selection-liang-et-al,non_strict,10000,0,pooled,Koper,0.0
01,01-port-selection-liang-et-al,non_strict,10000,0,pooled,Genoa,0.0
01,01-port-selection-liang-et-al,non_strict,10000,0,pooled,Antwerp,0.0
01,01-port-selection-liang-et-al,non_strict,10000,0,pooled,Rotterdam,1.0
01,01-port-selection-liang-et-al,non_strict,10000,0,pooled,Hamburg,0.0
01,01-port-selection-liang-et-al,non_strict,10000,0,pooled,Gdansk,0.0
01,01-port-selection-liang-et-al,non_strict,10000,1,pooled,Piraeus,0.0
01,01-port-selection-liang-et-al,non_strict,10000,1,pooled,Koper,0.0
01,01-port-selection-liang-et-al,non_strict,10000,1,pooled,Genoa,0.0
01,01-port-selection-liang-et-al,non_strict,10000,1,pooled,Antwerp,0.0
01,01-port-selection-liang-et-al,non_strict,10000,1,pooled,Rotterdam,1.0
01,01-port-selection-liang-et-al,non_strict,10000,1,pooled,Hamburg,0.0
01,01-port-selection-liang-et-al,non_strict,10000,1,pooled,Gdansk,0.0
01,01-port-selection-liang-et-al,non_strict,10000,2,pooled,Piraeus,0.0
01,01-port-selection-liang-et-al,non_strict,10000,2,pooled,Koper,0.0
01,01-port-selection-liang-et-al,non_strict,10000,2,pooled,Genoa,0.0
01,01-port-selection-liang-et-al,non_strict,10000,2,pooled,Antwerp,0.0
01,01-port-selection-liang-et-al,non_strict,10000,2,pooled,Rotterdam,1.0
01,01-port-selection-liang-et-al,non_strict,10000,2,pooled,Hamburg,0.0
01,01-port-selection-liang-et-al,non_strict,10000,2,pooled,Gdansk,0.0
01,01-port-selection-liang-et-al,non_strict,10000,3,pooled,Piraeus,0.0
01,01-port-selection-liang-et-al,non_strict,10000,3,pooled,Koper,0.0
01,01-port-selection-liang-et-al,non_strict,10000,3,pooled,Genoa,0.0
01,01-port-selection-liang-et-al,non_strict,10000,3,pooled,Antwerp,0.0
01,01-port-selection-liang-et-al,non_strict,10000,3,pooled,Rotterdam,1.0
01,01-port-selection-liang-et-al,non_strict,10000,3,pooled,Hamburg,0.0
01,01-port-selection-liang-et-al,non_strict,10000,3,pooled,Gdansk,0.0
01,01-port-selection-liang-et-al,non_strict,10000,4,pooled,Piraeus,0.0
01,01-port-selection-liang-et-al,non_strict,10000,4,pooled,Koper,0.0
01,01-port-selection-liang-et-al,non_strict,10000,4,pooled,Genoa,0.0
01,01-port-selection-liang-et-al,non_strict,10000,4,pooled,Antwerp,0.0
01,01-port-selection-liang-et-al,non_strict,10000,4,pooled,Rotterdam,1.0
01,01-port-selection-liang-et-al,non_strict,10000,4,pooled,Hamburg,0.0
01,01-port-selection-liang-et-al,non_strict,10000,4,pooled,Gdansk,0.0
02,02-port-selection-uncertainty-two-decision-makers,strict,50,0,0,Piraeus,0.0
02,02-port-selection-uncertainty-two-decision-makers,strict,50,0,0,Koper,0.8
02,02-port-selection-uncertainty-two-decision-makers,strict,50,0,0,Genoa,0.0
02,02-port-selection-uncertainty-two-decision-makers,strict,50,0,0,Antwerp,0.06
02,02-port-selection-uncertainty-two-decision-makers,strict,50,0,0,Rotterdam,0.0
02,02-port-selection-uncertainty-two-decision-makers,strict,50,0,0,Hamburg,0.0
02,02-port-selection-uncertainty-two-decision-makers,strict,50,0,0,Gdansk,0.14
02,02-port-selection-uncertainty-two-decision-makers,strict,50,0,1,Piraeus,0.0
02,02-port-selection-uncertainty-two-decision-makers,strict,50,0,1,Koper,0.04
02,02-port-selection-uncertainty-two-decision-makers,strict,50,0,1,Genoa,0.0
02,02-port-selection-uncertainty-two-decision-makers,strict,50,0,1,Antwerp,0.0
02,02-port-selection-uncertainty-two-decision-makers,strict,50,0,1,Rotterdam,0.9
02,02-port-selection-uncertainty-two-decision-makers,strict,50,0,1,Hamburg,0.0
02,02-port-selection-uncertainty-two-decision-makers,strict,50,0,1,Gdansk,0.06
02,02-port-selection-uncertainty-two-decision-makers,strict,50,1,0,Piraeus,0.0
02,02-port-selection-uncertainty-two-decision-makers,strict,50,1,0,Koper,0.74
02,02-port-selection-uncertainty-two-decision-makers,strict,50,1,0,Genoa,0.0
02,02-port-selection-uncertainty-two-decision-makers,strict,50,1,0,Antwerp,0.12
02,02-port-selection-uncertainty-two-decision-makers,strict,50,1,0,Rotterdam,0.0
02,02-port-selection-uncertainty-two-decision-makers,strict,50,1,0,Hamburg,0.0
02,02-port-selection-uncertainty-two-decision-makers,strict,50,1,0,Gdansk,0.14
02,02-port-selection-uncertainty-two-decision-makers,strict,50,1,1,Piraeus,0.0
02,02-port-selection-uncertainty-two-decision-makers,strict,50,1,1,Koper,0.02
02,02-port-selection-uncertainty-two-decision-makers,strict,50,1,1,Genoa,0.0
02,02-port-selection-uncertainty-two-decision-makers,strict,50,1,1,Antwerp,0.04
02,02-port-selection-uncertainty-two-decision-makers,strict,50,1,1,Rotterdam,0.92
02,02-port-selection-uncertainty-two-decision-makers,strict,50,1,1,Hamburg,0.0
02,02-port-selection-uncertainty-two-decision-makers,strict,50,1,1,Gdansk,0.02
02,02-port-selection-uncertainty-two-decision-makers,strict,50,2,0,Piraeus,0.0
02,02-port-selection-uncertainty-two-decision-makers,strict,50,2,0,Koper,0.76
02,02-port-selection-uncertainty-two-decision-makers,strict,50,2,0,Genoa,0.0
02,02-port-selection-uncertainty-two-decision-makers,strict,50,2,0,Antwerp,0.06
02,02-port-selection-uncertainty-two-decision-makers,strict,50,2,0,Rotterdam,0.0
02,02-port-selection-uncertainty-two-decision-makers,strict,50,2,0,Hamburg,0.0
02,02-port-selection-uncertainty-two-decision-makers,strict,50,2,0,Gdansk,0.18
02,02-port-selection-uncertainty-two-decision-makers,strict,50,2,1,Piraeus,0.0
02,02-port-selection-uncertainty-two-decision-makers,strict,50,2,1,Koper,0.0
02,02-port-selection-uncertainty-two-decision-makers,strict,50,2,1,Genoa,0.0
02,02-port-selection-uncertainty-two-decision-makers,strict,50,2,1,Antwerp,0.02
02,02-port-selection-uncertainty-two-decision-makers,strict,50,2,1,Rotterdam,0.9
02,02-port-selection-uncertainty-two-decision-makers,strict,50,2,1,Hamburg,0.02
02,02-port-selection-uncertainty-two-decision-makers,strict,50,2,1,Gdansk,0.06
02,02-port-selection-uncertainty-two-decision-makers,strict,50,3,0,Piraeus,0.0
02,02-port-selection-uncertainty-two-decision-makers,strict,50,3,0,Koper,0.82
02,02-port-selection-uncertainty-two-decision-makers,strict,50,3,0,Genoa,0.0
02,02-port-selection-uncertainty-two-decision-makers,strict,50,3,0,Antwerp,0.02
02,02-port-selection-uncertainty-two-decision-makers,strict,50,3,0,Rotterdam,0.0
02,02-port-selection-uncertainty-two-decision-makers,strict,50,3,0,Hamburg,0.0
02,02-port-selection-uncertainty-two-decision-makers,strict,50,3,0,Gdansk,0.16
02,02-port-selection-uncertainty-two-decision-makers,strict,50,3,1,Piraeus,0.0
02,02-port-selection-uncertainty-two-decision-makers,strict,50,3,1,Koper,0.02
02,02-port-selection-uncertainty-two-decision-makers,strict,50,3,1,Genoa,0.0
02,02-port-selection-uncertainty-two-decision-makers,strict,50,3,1,Antwerp,0.04
02,02-port-selection-uncertainty-two-decision-makers,strict,50,3,1,Rotterdam,0.86
02,02-port-selection-uncertainty-two-decision-makers,strict,50,3,1,Hamburg,0.0
02,02-port-selection-uncertainty-two-decision-makers,strict,50,3,1,Gdansk,0.08
02,02-port-selection-uncertainty-two-decision-makers,strict,50,4,0,Piraeus,0.0
02,02-port-selection-uncertainty-two-decision-makers,strict,50,4,0,Koper,0.82
02,02-port-selection-uncertainty-two-decision-makers,strict,50,4,0,Genoa,0.0
02,02-port-selection-uncertainty-two-decision-makers,strict,50,4,0,Antwerp,0.04
02,02-port-selection-uncertainty-two-decision-makers,strict,50,4,0,Rotterdam,0.0
02,02-port-selection-uncertainty-two-decision-makers,strict,50,4,0,Hamburg,0.0
02,02-port-selection-uncertainty-two-decision-makers,strict,50,4,0,Gdansk,0.14
02,02-port-selection-uncertainty-two-decision-makers,strict,50,4,1,Piraeus,0.0
02,02-port-selection-uncertainty-two-decision-makers,strict,50,4,1,Koper,0.0
02,02-port-selection-uncertainty-two-decision-makers,strict,50,4,1,Genoa,0.0
02,02-port-selection-uncertainty-two-decision-makers,strict,50,4,1,Antwerp,0.04
02,02-port-selection-uncertainty-two-decision-makers,strict,50,4,1,Rotterdam,0.92
02,02-port-selection-uncertainty-two-decision-makers,strict,50,4,1,Hamburg,0.02
02,02-port-selection-uncertainty-two-decision-makers,strict,50,4,1,Gdansk,0.02
02,02-port-selection-uncertainty-two-decision-makers,strict,100,0,0,Piraeus,0.0
02,02-port-selection-uncertainty-two-decision-makers,strict,100,0,0,Koper,0.77
02,02-port-selection-uncertainty-two-decision-makers,strict,100,0,0,Genoa,0.0
02,02-port-selection-uncertainty-two-decision-makers,strict,100,0,0,Antwerp,0.09
02,02-port-selection-uncertainty-two-decision-makers,strict,100,0,0,Rotterdam,0.0
02,02-port-selection-uncertainty-two-decision-makers,strict,100,0,0,Hamburg,0.0
02,02-port-selection-uncertainty-two-decision-makers,strict,100,0,0,Gdansk,0.14
02,02-port-selection-uncertainty-two-decision-makers,strict,100,0,1,Piraeus,0.0
02,02-port-selection-uncertainty-two-decision-makers,strict,100,0,1,Koper,0.01
02,02-port-selection-uncertainty-two-decision-makers,strict,100,0,1,Genoa,0.0
02,02-port-selection-uncertainty-two-decision-makers,strict,100,0,1,Antwerp,0.04
02,02-port-selection-uncertainty-two-decision-makers,strict,100,0,1,Rotterdam,0.87
02,02-port-selection-uncertainty-two-decision-makers,strict,100,0,1,Hamburg,0.01
02,02-port-selection-uncertainty-two-decision-makers,strict,100,0,1,Gdansk,0.07
02,02-port-selection-uncertainty-two-decision-makers,strict,100,1,0,Piraeus,0.0
02,02-port-selection-uncertainty-two-decision-makers,strict,100,1,0,Koper,0.78
02,02-port-selection-uncertainty-two-decision-makers,strict,100,1,0,Genoa,0.0
02,02-port-selection-uncertainty-two-decision-makers,strict,100,1,0,Antwerp,0.07
02,02-port-selection-uncertainty-two-decision-makers,strict,100,1,0,Rotterdam,0.0
02,02-port-selection-uncertainty-two-decision-makers,strict,100,1,0,Hamburg,0.0
02,02-port-selection-uncertainty-two-decision-makers,strict,100,1,0,Gdansk,0.15
02,02-port-selection-uncertainty-two-decision-makers,strict,100,1,1,Piraeus,0.0
02,02-port-selection-uncertainty-two-decision-makers,strict,100,1,1,Koper,0.04
02,02-port-selection-uncertainty-two-decision-makers,strict,100,1,1,Genoa,0.0
02,02-port-selection-uncertainty-two-decision-makers,strict,100,1,1,Antwerp,0.02
02,02-port-selection-uncertainty-two-decision-makers,strict,100,1,1,Rotterdam,0.88
02,02-port-selection-uncertainty-two-decision-makers,strict,100,1,1,Hamburg,0.0
02,02-port-selection-uncertainty-two-decision-makers,strict,100,1,1,Gdansk,0.06
02,02-port-selection-uncertainty-two-decision-makers,strict,100,2,0,Piraeus,0.0
02,02-port-selection-uncertainty-two-decision-makers,strict,100,2,0,Koper,0.75
02,02-port-selection-uncertainty-two-decision-makers,strict,100,2,0,Genoa,0.0
02,02-port-selection-uncertainty-two-decision-makers,strict,100,2,0,Antwerp,0.08
02,02-port-selection-uncertainty-two-decision-makers,strict,100,2,0,Rotterdam,0.0
02,02-port-selection-uncertainty-two-decision-makers,strict,100,2,0,Hamburg,0.0
02,02-port-selection-uncertainty-two-decision-makers,strict,100,2,0,Gdansk,0.17
02,02-port-selection-uncertainty-two-decision-makers,strict,100,2,1,Piraeus,0.0
02,02-port-selection-uncertainty-two-decision-makers,strict,100,2,1,Koper,0.01
02,02-port-selection-uncertainty-two-decision-makers,strict,100,2,1,Genoa,0.0
02,02-port-selection-uncertainty-two-decision-makers,strict,100,2,1,Antwerp,0.01
02,02-port-selection-uncertainty-two-decision-makers,strict,100,2,1,Rotterdam,0.94
02,02-port-selection-uncertainty-two-decision-makers,strict,100,2,1,Hamburg,0.0
02,02-port-selection-uncertainty-two-decision-makers,strict,100,2,1,Gdansk,0.04
02,02-port-selection-uncertainty-two-decision-makers,strict,100,3,0,Piraeus,0.0
02,02-port-selection-uncertainty-two-decision-makers,strict,100,3,0,Koper,0.75
02,02-port-selection-uncertainty-two-decision-makers,strict,100,3,0,Genoa,0.0
02,02-port-selection-uncertainty-two-decision-makers,strict,100,3,0,Antwerp,0.04
02,02-port-selection-uncertainty-two-decision-makers,strict,100,3,0,Rotterdam,0.0
02,02-port-selection-uncertainty-two-decision-makers,strict,100,3,0,Hamburg,0.0
02,02-port-selection-uncertainty-two-decision-makers,strict,100,3,0,Gdansk,0.21
02,02-port-selection-uncertainty-two-decision-makers,strict,100,3,1,Piraeus,0.0
02,02-port-selection-uncertainty-two-decision-makers,strict,100,3,1,Koper,0.0
02,02-port-selection-uncertainty-two-decision-makers,strict,100,3,1,Genoa,0.0
02,02-port-selection-uncertainty-two-decision-makers,strict,100,3,1,Antwerp,0.04
02,02-port-selection-uncertainty-two-decision-makers,strict,100,3,1,Rotterdam,0.91
02,02-port-selection-uncertainty-two-decision-makers,strict,100,3,1,Hamburg,0.0
02,02-port-selection-uncertainty-two-decision-makers,strict,100,3,1,Gdansk,0.05
02,02-port-selection-uncertainty-two-decision-makers,strict,100,4,0,Piraeus,0.0
02,02-port-selection-uncertainty-two-decision-makers,strict,100,4,0,Koper,0.76
02,02-port-selection-uncertainty-two-decision-makers,strict,100,4,0,Genoa,0.0
02,02-port-selection-uncertainty-two-decision-makers,strict,100,4,0,Antwerp,0.1
02,02-port-selection-uncertainty-two-decision-makers,strict,100,4,0,Rotterdam,0.01
02,02-port-selection-uncertainty-two-decision-makers,strict,100,4,0,Hamburg,0.0
02,02-port-selection-uncertainty-two-decision-makers,strict,100,4,0,Gdansk,0.13
02,02-port-selection-uncertainty-two-decision-makers,strict,100,4,1,Piraeus,0.0
02,02-port-selection-uncertainty-two-decision-makers,strict,100,4,1,Koper,0.0
02,02-port-selection-uncertainty-two-decision-makers,strict,100,4,1,Genoa,0.0
02,02-port-selection-uncertainty-two-decision-makers,strict,100,4,1,Antwerp,0.04
02,02-port-selection-uncertainty-two-decision-makers,strict,100,4,1,Rotterdam,0.91
02,02-port-selection-uncertainty-two-decision-makers,strict,100,4,1,Hamburg,0.0
02,02-port-selection-uncertainty-two-decision-makers,strict,100,4,1,Gdansk,0.05
02,02-port-selection-uncertainty-two-decision-makers,strict,200,0,0,Piraeus,0.0
02,02-port-selection-uncertainty-two-decision-makers,strict,200,0,0,Koper,0.74
02,02-port-selection-uncertainty-two-decision-makers,strict,200,0,0,Genoa,0.0
02,02-port-selection-uncertainty-two-decision-makers,strict,200,0,0,Antwerp,0.06
02,02-port-selection-uncertainty-two-decision-makers,strict,200,0,0,Rotterdam,0.0
02,02-port-selection-uncertainty-two-decision-makers,strict,200,0,0,Hamburg,0.0
02,02-port-selection-uncertainty-two-decision-makers,strict,200,0,0,Gdansk,0.2
02,02-port-selection-uncertainty-two-decision-makers,strict,200,0,1,Piraeus,0.0
02,02-port-selection-uncertainty-two-decision-makers,strict,200,0,1,Koper,0.025
02,02-port-selection-uncertainty-two-decision-makers,strict,200,0,1,Genoa,0.0
02,02-port-selection-uncertainty-two-decision-makers,strict,200,0,1,Antwerp,0.03
02,02-port-selection-uncertainty-two-decision-makers,strict,200,0,1,Rotterdam,0.895
02,02-port-selection-uncertainty-two-decision-makers,strict,200,0,1,Hamburg,0.005
02,02-port-selection-uncertainty-two-decision-makers,strict,200,0,1,Gdansk,0.045
02,02-port-selection-uncertainty-two-decision-makers,strict,200,1,0,Piraeus,0.0
02,02-port-selection-uncertainty-two-decision-makers,strict,200,1,0,Koper,0.74
02,02-port-selection-uncertainty-two-decision-makers,strict,200,1,0,Genoa,0.0
02,02-port-selection-uncertainty-two-decision-makers,strict,200,1,0,Antwerp,0.065
02,02-port-selection-uncertainty-two-decision-makers,strict,200,1,0,Rotterdam,0.01
02,02-port-selection-uncertainty-two-decision-makers,strict,200,1,0,Hamburg,0.0
02,02-port-selection-uncertainty-two-decision-makers,strict,200,1,0,Gdansk,0.185
02,02-port-selection-uncertainty-two-decision-makers,strict,200,1,1,Piraeus,0.0
02,02-port-selection-uncertainty-two-decision-makers,strict,200,1,1,Koper,0.01
02,02-port-selection-uncertainty-two-decision-makers,strict,200,1,1,Genoa,0.0
02,02-port-selection-uncertainty-two-decision-makers,strict,200,1,1,Antwerp,0.035
02,02-port-selection-uncertainty-two-decision-makers,strict,200,1,1,Rotterdam,0.9
02,02-port-selection-uncertainty-two-decision-makers,strict,200,1,1,Hamburg,0.0
02,02-port-selection-uncertainty-two-decision-makers,strict,200,1,1,Gdansk,0.055
02,02-port-selection-uncertainty-two-decision-makers,strict,200,2,0,Piraeus,0.0
02,02-port-selection-uncertainty-two-decision-makers,strict,200,2,0,Koper,0.75
02,02-port-selection-uncertainty-two-decision-makers,strict,200,2,0,Genoa,0.0
02,02-port-selection-uncertainty-two-decision-makers,strict,200,2,0,Antwerp,0.085
02,02-port-selection-uncertainty-two-decision-makers,strict,200,2,0,Rotterdam,0.01
02,02-port-selection-uncertainty-two-decision-makers,strict,200,2,0,Hamburg,0.0
02,02-port-selection-uncertainty-two-decision-makers,strict,200,2,0,Gdansk,0.155
02,02-port-selection-uncertainty-two-decision-makers,strict,200,2,1,Piraeus,0.0
02,02-port-selection-uncertainty-two-decision-makers,strict,200,2,1,Koper,0.02
02,02-port-selection-uncertainty-two-decision-makers,strict,200,2,1,Genoa,0.0
02,02-port-selection-uncertainty-two-decision-makers,strict,200,2,1,Antwerp,0.01
02,02-port-selection-uncertainty-two-decision-makers,strict,200,2,1,Rotterdam,0.915
02,02-port-selection-uncertainty-two-decision-makers,strict,200,2,1,Hamburg,0.005
02,02-port-selection-uncertainty-two-decision-makers,strict,200,2,1,Gdansk,0.05
02,02-port-selection-uncertainty-two-decision-makers,strict,200,3,0,Piraeus,0.0
02,02-port-selection-uncertainty-two-decision-makers,strict,200,3,0,Koper,0.795
02,02-port-selection-uncertainty-two-decision-makers,strict,200,3,0,Genoa,0.0
02,02-port-selection-uncertainty-two-decision-makers,strict,200,3,0,Antwerp,0.075
02,02-port-selection-uncertainty-two-decision-makers,strict,200,3,0,Rotterdam,0.0
02,02-port-selection-uncertainty-two-decision-makers,strict,200,3,0,Hamburg,0.0
02,02-port-selection-uncertainty-two-decision-makers,strict,200,3,0,Gdansk,0.13
02,02-port-selection-uncertainty-two-decision-makers,strict,200,3,1,Piraeus,0.0
02,02-port-selection-uncertainty-two-decision-makers,strict,200,3,1,Koper,0.0
02,02-port-selection-uncertainty-two-decision-makers,strict,200,3,1,Genoa,0.0
02,02-port-selection-uncertainty-two-decision-makers,strict,200,3,1,Antwerp,0.03
02,02-port-selection-uncertainty-two-decision-makers,strict,200,3,1,Rotterdam,0.93
02,02-port-selection-uncertainty-two-decision-makers,strict,200,3,1,Hamburg,0.0
02,02-port-selection-uncertainty-two-decision-makers,strict,200,3,1,Gdansk,0.04
02,02-port-selection-uncertainty-two-decision-makers,strict,200,4,0,Piraeus,0.0
02,02-port-selection-uncertainty-two-decision-makers,strict,200,4,0,Koper,0.78
02,02-port-selection-uncertainty-two-decision-makers,strict,200,4,0,Genoa,0.0
02,02-port-selection-uncertainty-two-decision-makers,strict,200,4,0,Antwerp,0.06
02,02-port-selection-uncertainty-two-decision-makers,strict,200,4,0,Rotterdam,0.0
02,02-port-selection-uncertainty-two-decision-makers,strict,200,4,0,Hamburg,0.0
02,02-port-selection-uncertainty-two-decision-makers,strict,200,4,0,Gdansk,0.16
02,02-port-selection-uncertainty-two-decision-makers,strict,200,4,1,Piraeus,0.0
02,02-port-selection-uncertainty-two-decision-makers,strict,200,4,1,Koper,0.035
02,02-port-selection-uncertainty-two-decision-makers,strict,200,4,1,Genoa,0.0
02,02-port-selection-uncertainty-two-decision-makers,strict,200,4,1,Antwerp,0.035
02,02-port-selection-uncertainty-two-decision-makers,strict,200,4,1,Rotterdam,0.87
02,02-port-selection-uncertainty-two-decision-makers,strict,200,4,1,Hamburg,0.015
02,02-port-selection-uncertainty-two-decision-makers,strict,200,4,1,Gdansk,0.045
02,02-port-selection-uncertainty-two-decision-makers,strict,500,0,0,Piraeus,0.0
02,02-port-selection-uncertainty-two-decision-makers,strict,500,0,0,Koper,0.8
02,02-port-selection-uncertainty-two-decision-makers,strict,500,0,0,Genoa,0.0
02,02-port-selection-uncertainty-two-decision-makers,strict,500,0,0,Antwerp,0.052
02,02-port-selection-uncertainty-two-decision-makers,strict,500,0,0,Rotterdam,0.0
02,02-port-selection-uncertainty-two-decision-makers,strict,500,0,0,Hamburg,0.0
02,02-port-selection-uncertainty-two-decision-makers,strict,500,0,0,Gdansk,0.148
02,02-port-selection-uncertainty-two-decision-makers,strict,500,0,1,Piraeus,0.0
02,02-port-selection-uncertainty-two-decision-makers,strict,500,0,1,Koper,0.01
02,02-port-selection-uncertainty-two-decision-makers,strict,500,0,1,Genoa,0.0
02,02-port-selection-uncertainty-two-decision-makers,strict,500,0,1,Antwerp,0.026
02,02-port-selection-uncertainty-two-decision-makers,strict,500,0,1,Rotterdam,0.93
02,02-port-selection-uncertainty-two-decision-makers,strict,500,0,1,Hamburg,0.002
02,02-port-selection-uncertainty-two-decision-makers,strict,500,0,1,Gdansk,0.032
02,02-port-selection-uncertainty-two-decision-makers,strict,500,1,0,Piraeus,0.0
02,02-port-selection-uncertainty-two-decision-makers,strict,500,1,0,Koper,0.766
02,02-port-selection-uncertainty-two-decision-makers,strict,500,1,0,Genoa,0.0
02,02-port-selection-uncertainty-two-decision-makers,strict,500,1,0,Antwerp,0.072
02,02-port-selection-uncertainty-two-decision-makers,strict,500,1,0,Rotterdam,0.0
02,02-port-selection-uncertainty-two-decision-makers,strict,500,1,0,Hamburg,0.0
02,02-port-selection-uncertainty-two-decision-makers,strict,500,1,0,Gdansk,0.162
02,02-port-selection-uncertainty-two-decision-makers,strict,500,1,1,Piraeus,0.0
02,02-port-selection-uncertainty-two-decision-makers,strict,500,1,1,Koper,0.014
02,02-port-selection-uncertainty-two-decision-makers,strict,500,1,1,Genoa,0.0
02,02-port-selection-uncertainty-two-decision-makers,strict,500,1,1,Antwerp,0.032
02,02-port-selection-uncertainty-two-decision-makers,strict,500,1,1,Rotterdam,0.896
02,02-port-selection-uncertainty-two-decision-makers,strict,500,1,1,Hamburg,0.004
02,02-port-selection-uncertainty-two-decision-makers,strict,500,1,1,Gdansk,0.054
02,02-port-selection-uncertainty-two-decision-makers,strict,500,2,0,Piraeus,0.0
02,02-port-selection-uncertainty-two-decision-makers,strict,500,2,0,Koper,0.778
02,02-port-selection-uncertainty-two-decision-makers,strict,500,2,0,Genoa,0.0
02,02-port-selection-uncertainty-two-decision-makers,strict,500,2,0,Antwerp,0.072
02,02-port-selection-uncertainty-two-decision-makers,strict,500,2,0,Rotterdam,0.0
02,02-port-selection-uncertainty-two-decision-makers,strict,500,2,0,Hamburg,0.0
02,02-port-selection-uncertainty-two-decision-makers,strict,500,2,0,Gdansk,0.15
02,02-port-selection-uncertainty-two-decision-makers,strict,500,2,1,Piraeus,0.0
02,02-port-selection-uncertainty-two-decision-makers,strict,500,2,1,Koper,0.012
02,02-port-selection-uncertainty-two-decision-makers,strict,500,2,1,Genoa,0.0
02,02-port-selection-uncertainty-two-decision-makers,strict,500,2,1,Antwerp,0.032
02,02-port-selection-uncertainty-two-decision-makers,strict,500,2,1,Rotterdam,0.9
02,02-port-selection-uncertainty-two-decision-makers,strict,500,2,1,Hamburg,0.002
02,02-port-selection-uncertainty-two-decision-makers,strict,500,2,1,Gdansk,0.054
02,02-port-selection-uncertainty-two-decision-makers,strict,500,3,0,Piraeus,0.0
02,02-port-selection-uncertainty-two-decision-makers,strict,500,3,0,Koper,0.774
02,02-port-selection-uncertainty-two-decision-makers,strict,500,3,0,Genoa,0.0
02,02-port-selection-uncertainty-two-decision-makers,strict,500,3,0,Antwerp,0.042
02,02-port-selection-uncertainty-two-decision-makers,strict,500,3,0,Rotterdam,0.0
02,02-port-selection-uncertainty-two-decision-makers,strict,500,3,0,Hamburg,0.0
02,02-port-selection-uncertainty-two-decision-makers,strict,500,3,0,Gdansk,0.184
02,02-port-selection-uncertainty-two-decision-makers,strict,500,3,1,Piraeus,0.0
02,02-port-selection-uncertainty-two-decision-makers,strict,500,3,1,Koper,0.018
02,02-port-selection-uncertainty-two-decision-makers,strict,500,3,1,Genoa,0.0
02,02-port-selection-uncertainty-two-decision-makers,strict,500,3,1,Antwerp,0.044
02,02-port-selection-uncertainty-two-decision-makers,strict,500,3,1,Rotterdam,0.88
02,02-port-selection-uncertainty-two-decision-makers,strict,500,3,1,Hamburg,0.0
02,02-port-selection-uncertainty-two-decision-makers,strict,500,3,1,Gdansk,0.058
02,02-port-selection-uncertainty-two-decision-makers,strict,500,4,0,Piraeus,0.0
02,02-port-selection-uncertainty-two-decision-makers,strict,500,4,0,Koper,0.782
02,02-port-selection-uncertainty-two-decision-makers,strict,500,4,0,Genoa,0.0
02,02-port-selection-uncertainty-two-decision-makers,strict,500,4,0,Antwerp,0.06
02,02-port-selection-uncertainty-two-decision-makers,strict,500,4,0,Rotterdam,0.0
02,02-port-selection-uncertainty-two-decision-makers,strict,500,4,0,Hamburg,0.0
02,02-port-selection-uncertainty-two-decision-makers,strict,500,4,0,Gdansk,0.158
02,02-port-selection-uncertainty-two-decision-makers,strict,500,4,1,Piraeus,0.0
02,02-port-selection-uncertainty-two-decision-makers,strict,500,4,1,Koper,0.01
02,02-port-selection-uncertainty-two-decision-makers,strict,500,4,1,Genoa,0.0
02,02-port-selection-uncertainty-two-decision-makers,strict,500,4,1,Antwerp,0.026
02,02-port-selection-uncertainty-two-decision-makers,strict,500,4,1,Rotterdam,0.906
02,02-port-selection-uncertainty-two-decision-makers,strict,500,4,1,Hamburg,0.014
02,02-port-selection-uncertainty-two-decision-makers,strict,500,4,1,Gdansk,0.044
02,02-port-selection-uncertainty-two-decision-makers,strict,1000,0,0,Piraeus,0.0
02,02-port-selection-uncertainty-two-decision-makers,strict,1000,0,0,Koper,0.783
02,02-port-selection-uncertainty-two-decision-makers,strict,1000,0,0,Genoa,0.0
02,02-port-selection-uncertainty-two-decision-makers,strict,1000,0,0,Antwerp,0.061
02,02-port-selection-uncertainty-two-decision-makers,strict,1000,0,0,Rotterdam,0.002
02,02-port-selection-uncertainty-two-decision-makers,strict,1000,0,0,Hamburg,0.0
02,02-port-selection-uncertainty-two-decision-makers,strict,1000,0,0,Gdansk,0.154
02,02-port-selection-uncertainty-two-decision-makers,strict,1000,0,1,Piraeus,0.0
02,02-port-selection-uncertainty-two-decision-makers,strict,1000,0,1,Koper,0.017
02,02-port-selection-uncertainty-two-decision-makers,strict,1000,0,1,Genoa,0.0
02,02-port-selection-uncertainty-two-decision-makers,strict,1000,0,1,Antwerp,0.031
02,02-port-selection-uncertainty-two-decision-makers,strict,1000,0,1,Rotterdam,0.899
02,02-port-selection-uncertainty-two-decision-makers,strict,1000,0,1,Hamburg,0.001
02,02-port-selection-uncertainty-two-decision-makers,strict,1000,0,1,Gdansk,0.052
02,02-port-selection-uncertainty-two-decision-makers,strict,1000,1,0,Piraeus,0.0
02,02-port-selection-uncertainty-two-decision-makers,strict,1000,1,0,Koper,0.787
02,02-port-selection-uncertainty-two-decision-makers,strict,1000,1,0,Genoa,0.0
02,02-port-selection-uncertainty-two-decision-makers,strict,1000,1,0,Antwerp,0.055
02,02-port-selection-uncertainty-two-decision-makers,strict,1000,1,0,Rotterdam,0.0
02,02-port-selection-uncertainty-two-decision-makers,strict,1000,1,0,Hamburg,0.0
02,02-port-selection-uncertainty-two-decision-makers,strict,1000,1,0,Gdansk,0.158
02,02-port-selection-uncertainty-two-decision-makers,strict,1000,1,1,Piraeus,0.0
02,02-port-selection-uncertainty-two-decision-makers,strict,1000,1,1,Koper,0.018
02,02-port-selection-uncertainty-two-decision-makers,strict,1000,1,1,Genoa,0.0
02,02-port-selection-uncertainty-two-decision-makers,strict,1000,1,1,Antwerp,0.028
02,02-port-selection-uncertainty-two-decision-makers,strict,1000,1,1,Rotterdam,0.887
02,02-port-selection-uncertainty-two-decision-makers,strict,1000,1,1,Hamburg,0.001
02,02-port-selection-uncertainty-two-decision-makers,strict,1000,1,1,Gdansk,0.066
02,02-port-selection-uncertainty-two-decision-makers,strict,1000,2,0,Piraeus,0.0
02,02-port-selection-uncertainty-two-decision-makers,strict,1000,2,0,Koper,0.791
02,02-port-selection-uncertainty-two-decision-makers,strict,1000,2,0,Genoa,0.0
02,02-port-selection-uncertainty-two-decision-makers,strict,1000,2,0,Antwerp,0.054
02,02-port-selection-uncertainty-two-decision-makers,strict,1000,2,0,Rotterdam,0.002
02,02-port-selection-uncertainty-two-decision-makers,strict,1000,2,0,Hamburg,0.0
02,02-port-selection-uncertainty-two-decision-makers,strict,1000,2,0,Gdansk,0.153
02,02-port-selection-uncertainty-two-decision-makers,strict,1000,2,1,Piraeus,0.0
02,02-port-selection-uncertainty-two-decision-makers,strict,1000,2,1,Koper,0.02
02,02-port-selection-uncertainty-two-decision-makers,strict,1000,2,1,Genoa,0.0
02,02-port-selection-uncertainty-two-decision-makers,strict,1000,2,1,Antwerp,0.03
02,02-port-selection-uncertainty-two-decision-makers,strict,1000,2,1,Rotterdam,0.907
02,02-port-selection-uncertainty-two-decision-makers,strict,1000,2,1,Hamburg,0.003
02,02-port-selection-uncertainty-two-decision-makers,strict,1000,2,1,Gdansk,0.04
02,02-port-selection-uncertainty-two-decision-makers,strict,1000,3,0,Piraeus,0.0
02,02-port-selection-uncertainty-two-decision-makers,strict,1000,3,0,Koper,0.783
02,02-port-selection-uncertainty-two-decision-makers,strict,1000,3,0,Genoa,0.0
02,02-port-selection-uncertainty-two-decision-makers,strict,1000,3,0,Antwerp,0.054
02,02-port-selection-uncertainty-two-decision-makers,strict,1000,3,0,Rotterdam,0.003
02,02-port-selection-uncertainty-two-decision-makers,strict,1000,3,0,Hamburg,0.0
02,02-port-selection-uncertainty-two-decision-makers,strict,1000,3,0,Gdansk,0.16
02,02-port-selection-uncertainty-two-decision-makers,strict,1000,3,1,Piraeus,0.0
02,02-port-selection-uncertainty-two-decision-makers,strict,1000,3,1,Koper,0.016
02,02-port-selection-uncertainty-two-decision-makers,strict,1000,3,1,Genoa,0.0
02,02-port-selection-uncertainty-two-decision-makers,strict,1000,3,1,Antwerp,0.029
02,02-port-selection-uncertainty-two-decision-makers,strict,1000,3,1,Rotterdam,0.9
02,02-port-selection-uncertainty-two-decision-makers,strict,1000,3,1,Hamburg,0.0
02,02-port-selection-uncertainty-two-decision-makers,strict,1000,3,1,Gdansk,0.055
02,02-port-selection-uncertainty-two-decision-makers,strict,1000,4,0,Piraeus,0.0
02,02-port-selection-uncertainty-two-decision-makers,strict,1000,4,0,Koper,0.783
02,02-port-selection-uncertainty-two-decision-makers,strict,1000,4,0,Genoa,0.0
02,02-port-selection-uncertainty-two-decision-makers,strict,1000,4,0,Antwerp,0.054
02,02-port-selection-uncertainty-two-decision-makers,strict,1000,4,0,Rotterdam,0.003
02,02-port-selection-uncertainty-two-decision-makers,strict,1000,4,0,Hamburg,0.0
02,02-port-selection-uncertainty-two-decision-makers,strict,1000,4,0,Gdansk,0.16
02,02-port-selection-uncertainty-two-decision-makers,strict,1000,4,1,Piraeus,0.0
02,02-port-selection-uncertainty-two-decision-makers,strict,1000,4,1,Koper,0.018
02,02-port-selection-uncertainty-two-decision-makers,strict,1000,4,1,Genoa,0.0
02,02-port-selection-uncertainty-two-decision-makers,strict,1000,4,1,Antwerp,0.026
02,02-port-selection-uncertainty-two-decision-makers,strict,1000,4,1,Rotterdam,0.896
02,02-port-selection-uncertainty-two-decision-makers,strict,1000,4,1,Hamburg,0.001
02,02-port-selection-uncertainty-two-decision-makers,strict,1000,4,1,Gdansk,0.059
02,02-port-selection-uncertainty-two-decision-makers,strict,2000,0,0,Piraeus,0.0
02,02-port-selection-uncertainty-two-decision-makers,strict,2000,0,0,Koper,0.793
02,02-port-selection-uncertainty-two-decision-makers,strict,2000,0,0,Genoa,0.0
02,02-port-selection-uncertainty-two-decision-makers,strict,2000,0,0,Antwerp,0.0575
02,02-port-selection-uncertainty-two-decision-makers,strict,2000,0,0,Rotterdam,0.001
02,02-port-selection-uncertainty-two-decision-makers,strict,2000,0,0,Hamburg,0.0
02,02-port-selection-uncertainty-two-decision-makers,strict,2000,0,0,Gdansk,0.1485
02,02-port-selection-uncertainty-two-decision-makers,strict,2000,0,1,Piraeus,0.0
02,02-port-selection-uncertainty-two-decision-makers,strict,2000,0,1,Koper,0.017
02,02-port-selection-uncertainty-two-decision-makers,strict,2000,0,1,Genoa,0.0
02,02-port-selection-uncertainty-two-decision-makers,strict,2000,0,1,Antwerp,0.032
02,02-port-selection-uncertainty-two-decision-makers,strict,2000,0,1,Rotterdam,0.8965
02,02-port-selection-uncertainty-two-decision-makers,strict,2000,0,1,Hamburg,0.0005
02,02-port-selection-uncertainty-two-decision-makers,strict,2000,0,1,Gdansk,0.054
02,02-port-selection-uncertainty-two-decision-makers,strict,2000,1,0,Piraeus,0.0
02,02-port-selection-uncertainty-two-decision-makers,strict,2000,1,0,Koper,0.7785
02,02-port-selection-uncertainty-two-decision-makers,strict,2000,1,0,Genoa,0.0
02,02-port-selection-uncertainty-two-decision-makers,strict,2000,1,0,Antwerp,0.0635
02,02-port-selection-uncertainty-two-decision-makers,strict,2000,1,0,Rotterdam,0.0005
02,02-port-selection-uncertainty-two-decision-makers,strict,2000,1,0,Hamburg,0.0
02,02-port-selection-uncertainty-two-decision-makers,strict,2000,1,0,Gdansk,0.1575
02,02-port-selection-uncertainty-two-decision-makers,strict,2000,1,1,Piraeus,0.0
02,02-port-selection-uncertainty-two-decision-makers,strict,2000,1,1,Koper,0.0145
02,02-port-selection-uncertainty-two-decision-makers,strict,2000,1,1,Genoa,0.0
02,02-port-selection-uncertainty-two-decision-makers,strict,2000,1,1,Antwerp,0.0285
02,02-port-selection-uncertainty-two-decision-makers,strict,2000,1,1,Rotterdam,0.9065
02,02-port-selection-uncertainty-two-decision-makers,strict,2000,1,1,Hamburg,0.0015
02,02-port-selection-uncertainty-two-decision-makers,strict,2000,1,1,Gdansk,0.049
02,02-port-selection-uncertainty-two-decision-makers,strict,2000,2,0,Piraeus,0.0
02,02-port-selection-uncertainty-two-decision-makers,strict,2000,2,0,Koper,0.7795
02,02-port-selection-uncertainty-two-decision-makers,strict,2000,2,0,Genoa,0.0
02,02-port-selection-uncertainty-two-decision-makers,strict,2000,2,0,Antwerp,0.056
02,02-port-selection-uncertainty-two-decision-makers,strict,2000,2,0,Rotterdam,0.0005
02,02-port-selection-uncertainty-two-decision-makers,strict,2000,2,0,Hamburg,0.0
02,02-port-selection-uncertainty-two-decision-makers,strict,2000,2,0,Gdansk,0.164
02,02-port-selection-uncertainty-two-decision-makers,strict,2000,2,1,Piraeus,0.0
02,02-port-selection-uncertainty-two-decision-makers,strict,2000,2,1,Koper,0.02
02,02-port-selection-uncertainty-two-decision-makers,strict,2000,2,1,Genoa,0.0
02,02-port-selection-uncertainty-two-decision-makers,strict,2000,2,1,Antwerp,0.0235
02,02-port-selection-uncertainty-two-decision-makers,strict,2000,2,1,Rotterdam,0.896
02,02-port-selection-uncertainty-two-decision-makers,strict,2000,2,1,Hamburg,0.003
02,02-port-selection-uncertainty-two-decision-makers,strict,2000,2,1,Gdansk,0.0575
02,02-port-selection-uncertainty-two-decision-makers,strict,2000,3,0,Piraeus,0.0
02,02-port-selection-uncertainty-two-decision-makers,strict,2000,3,0,Koper,0.791
02,02-port-selection-uncertainty-two-decision-makers,strict,2000,3,0,Genoa,0.0
02,02-port-selection-uncertainty-two-decision-makers,strict,2000,3,0,Antwerp,0.0565
02,02-port-selection-uncertainty-two-decision-makers,strict,2000,3,0,Rotterdam,0.003
02,02-port-selection-uncertainty-two-decision-makers,strict,2000,3,0,Hamburg,0.0
02,02-port-selection-uncertainty-two-decision-makers,strict,2000,3,0,Gdansk,0.1495
02,02-port-selection-uncertainty-two-decision-makers,strict,2000,3,1,Piraeus,0.0
02,02-port-selection-uncertainty-two-decision-makers,strict,2000,3,1,Koper,0.0205
02,02-port-selection-uncertainty-two-decision-makers,strict,2000,3,1,Genoa,0.0
02,02-port-selection-uncertainty-two-decision-makers,strict,2000,3,1,Antwerp,0.0315
02,02-port-selection-uncertainty-two-decision-makers,strict,2000,3,1,Rotterdam,0.8955
02,02-port-selection-uncertainty-two-decision-makers,strict,2000,3,1,Hamburg,0.002
02,02-port-selection-uncertainty-two-decision-makers,strict,2000,3,1,Gdansk,0.0505
02,02-port-selection-uncertainty-two-decision-makers,strict,2000,4,0,Piraeus,0.0
02,02-port-selection-uncertainty-two-decision-makers,strict,2000,4,0,Koper,0.7855
02,02-port-selection-uncertainty-two-decision-makers,strict,2000,4,0,Genoa,0.0
02,02-port-selection-uncertainty-two-decision-makers,strict,2000,4,0,Antwerp,0.0525
02,02-port-selection-uncertainty-two-decision-makers,strict,2000,4,0,Rotterdam,0.001
02,02-port-selection-uncertainty-two-decision-makers,strict,2000,4,0,Hamburg,0.0
02,02-port-selection-uncertainty-two-decision-makers,strict,2000,4,0,Gdansk,0.161
02,02-port-selection-uncertainty-two-decision-makers,strict,2000,4,1,Piraeus,0.0
02,02-port-selection-uncertainty-two-decision-makers,strict,2000,4,1,Koper,0.0195
02,02-port-selection-uncertainty-two-decision-makers,strict,2000,4,1,Genoa,0.0
02,02-port-selection-uncertainty-two-decision-makers,strict,2000,4,1,Antwerp,0.029
02,02-port-selection-uncertainty-two-decision-makers,strict,2000,4,1,Rotterdam,0.89
02,02-port-selection-uncertainty-two-decision-makers,strict,2000,4,1,Hamburg,0.002
02,02-port-selection-uncertainty-two-decision-makers,strict,2000,4,1,Gdansk,0.0595
02,02-port-selection-uncertainty-two-decision-makers,strict,5000,0,0,Piraeus,0.0
02,02-port-selection-uncertainty-two-decision-makers,strict,5000,0,0,Koper,0.7882
02,02-port-selection-uncertainty-two-decision-makers,strict,5000,0,0,Genoa,0.0
02,02-port-selection-uncertainty-two-decision-makers,strict,5000,0,0,Antwerp,0.0544
02,02-port-selection-uncertainty-two-decision-makers,strict,5000,0,0,Rotterdam,0.0022
02,02-port-selection-uncertainty-two-decision-makers,strict,5000,0,0,Hamburg,0.0
02,02-port-selection-uncertainty-two-decision-makers,strict,5000,0,0,Gdansk,0.1552
02,02-port-selection-uncertainty-two-decision-makers,strict,5000,0,1,Piraeus,0.0
02,02-port-selection-uncertainty-two-decision-makers,strict,5000,0,1,Koper,0.0192
02,02-port-selection-uncertainty-two-decision-makers,strict,5000,0,1,Genoa,0.0
02,02-port-selection-uncertainty-two-decision-makers,strict,5000,0,1,Antwerp,0.0326
02,02-port-selection-uncertainty-two-decision-makers,strict,5000,0,1,Rotterdam,0.89
02,02-port-selection-uncertainty-two-decision-makers,strict,5000,0,1,Hamburg,0.0034
02,02-port-selection-uncertainty-two-decision-makers,strict,5000,0,1,Gdansk,0.0548
02,02-port-selection-uncertainty-two-decision-makers,strict,5000,1,0,Piraeus,0.0
02,02-port-selection-uncertainty-two-decision-makers,strict,5000,1,0,Koper,0.7768
02,02-port-selection-uncertainty-two-decision-makers,strict,5000,1,0,Genoa,0.0
02,02-port-selection-uncertainty-two-decision-makers,strict,5000,1,0,Antwerp,0.0596
02,02-port-selection-uncertainty-two-decision-makers,strict,5000,1,0,Rotterdam,0.0016
02,02-port-selection-uncertainty-two-decision-makers,strict,5000,1,0,Hamburg,0.0
02,02-port-selection-uncertainty-two-decision-makers,strict,5000,1,0,Gdansk,0.162
02,02-port-selection-uncertainty-two-decision-makers,strict,5000,1,1,Piraeus,0.0
02,02-port-selection-uncertainty-two-decision-makers,strict,5000,1,1,Koper,0.0202
02,02-port-selection-uncertainty-two-decision-makers,strict,5000,1,1,Genoa,0.0
02,02-port-selection-uncertainty-two-decision-makers,strict,5000,1,1,Antwerp,0.0256
02,02-port-selection-uncertainty-two-decision-makers,strict,5000,1,1,Rotterdam,0.8994
02,02-port-selection-uncertainty-two-decision-makers,strict,5000,1,1,Hamburg,0.002
02,02-port-selection-uncertainty-two-decision-makers,strict,5000,1,1,Gdansk,0.0528
02,02-port-selection-uncertainty-two-decision-makers,strict,5000,2,0,Piraeus,0.0
02,02-port-selection-uncertainty-two-decision-makers,strict,5000,2,0,Koper,0.8016
02,02-port-selection-uncertainty-two-decision-makers,strict,5000,2,0,Genoa,0.0
02,02-port-selection-uncertainty-two-decision-makers,strict,5000,2,0,Antwerp,0.0476
02,02-port-selection-uncertainty-two-decision-makers,strict,5000,2,0,Rotterdam,0.0016
02,02-port-selection-uncertainty-two-decision-makers,strict,5000,2,0,Hamburg,0.0
02,02-port-selection-uncertainty-two-decision-makers,strict,5000,2,0,Gdansk,0.1492
02,02-port-selection-uncertainty-two-decision-makers,strict,5000,2,1,Piraeus,0.0
02,02-port-selection-uncertainty-two-decision-makers,strict,5000,2,1,Koper,0.0198
02,02-port-selection-uncertainty-two-decision-makers,strict,5000,2,1,Genoa,0.0
02,02-port-selection-uncertainty-two-decision-makers,strict,5000,2,1,Antwerp,0.0294
02,02-port-selection-uncertainty-two-decision-makers,strict,5000,2,1,Rotterdam,0.892
02,02-port-selection-uncertainty-two-decision-makers,strict,5000,2,1,Hamburg,0.002
02,02-port-selection-uncertainty-two-decision-makers,strict,5000,2,1,Gdansk,0.0568
02,02-port-selection-uncertainty-two-decision-makers,strict,5000,3,0,Piraeus,0.0
02,02-port-selection-uncertainty-two-decision-makers,strict,5000,3,0,Koper,0.7928
02,02-port-selection-uncertainty-two-decision-makers,strict,5000,3,0,Genoa,0.0
02,02-port-selection-uncertainty-two-decision-makers,strict,5000,3,0,Antwerp,0.06
02,02-port-selection-uncertainty-two-decision-makers,strict,5000,3,0,Rotterdam,0.0012
02,02-port-selection-uncertainty-two-decision-makers,strict,5000,3,0,Hamburg,0.0
02,02-port-selection-uncertainty-two-decision-makers,strict,5000,3,0,Gdansk,0.146
02,02-port-selection-uncertainty-two-decision-makers,strict,5000,3,1,Piraeus,0.0
02,02-port-selection-uncertainty-two-decision-makers,strict,5000,3,1,Koper,0.0176
02,02-port-selection-uncertainty-two-decision-makers,strict,5000,3,1,Genoa,0.0
02,02-port-selection-uncertainty-two-decision-makers,strict,5000,3,1,Antwerp,0.03
02,02-port-selection-uncertainty-two-decision-makers,strict,5000,3,1,Rotterdam,0.8998
02,02-port-selection-uncertainty-two-decision-makers,strict,5000,3,1,Hamburg,0.003
02,02-port-selection-uncertainty-two-decision-makers,strict,5000,3,1,Gdansk,0.0496
02,02-port-selection-uncertainty-two-decision-makers,strict,5000,4,0,Piraeus,0.0
02,02-port-selection-uncertainty-two-decision-makers,strict,5000,4,0,Koper,0.784
02,02-port-selection-uncertainty-two-decision-makers,strict,5000,4,0,Genoa,0.0
02,02-port-selection-uncertainty-two-decision-makers,strict,5000,4,0,Antwerp,0.0592
02,02-port-selection-uncertainty-two-decision-makers,strict,5000,4,0,Rotterdam,0.0016
02,02-port-selection-uncertainty-two-decision-makers,strict,5000,4,0,Hamburg,0.0
02,02-port-selection-uncertainty-two-decision-makers,strict,5000,4,0,Gdansk,0.1552
02,02-port-selection-uncertainty-two-decision-makers,strict,5000,4,1,Piraeus,0.0
02,02-port-selection-uncertainty-two-decision-makers,strict,5000,4,1,Koper,0.0176
02,02-port-selection-uncertainty-two-decision-makers,strict,5000,4,1,Genoa,0.0
02,02-port-selection-uncertainty-two-decision-makers,strict,5000,4,1,Antwerp,0.0298
02,02-port-selection-uncertainty-two-decision-makers,strict,5000,4,1,Rotterdam,0.8982
02,02-port-selection-uncertainty-two-decision-makers,strict,5000,4,1,Hamburg,0.0032
02,02-port-selection-uncertainty-two-decision-makers,strict,5000,4,1,Gdansk,0.0512
02,02-port-selection-uncertainty-two-decision-makers,strict,10000,0,0,Piraeus,0.0
02,02-port-selection-uncertainty-two-decision-makers,strict,10000,0,0,Koper,0.7799
02,02-port-selection-uncertainty-two-decision-makers,strict,10000,0,0,Genoa,0.0
02,02-port-selection-uncertainty-two-decision-makers,strict,10000,0,0,Antwerp,0.0584
02,02-port-selection-uncertainty-two-decision-makers,strict,10000,0,0,Rotterdam,0.0016
02,02-port-selection-uncertainty-two-decision-makers,strict,10000,0,0,Hamburg,0.0
02,02-port-selection-uncertainty-two-decision-makers,strict,10000,0,0,Gdansk,0.1601
02,02-port-selection-uncertainty-two-decision-makers,strict,10000,0,1,Piraeus,0.0
02,02-port-selection-uncertainty-two-decision-makers,strict,10000,0,1,Koper,0.0183
02,02-port-selection-uncertainty-two-decision-makers,strict,10000,0,1,Genoa,0.0
02,02-port-selection-uncertainty-two-decision-makers,strict,10000,0,1,Antwerp,0.0279
02,02-port-selection-uncertainty-two-decision-makers,strict,10000,0,1,Rotterdam,0.8956
02,02-port-selection-uncertainty-two-decision-makers,strict,10000,0,1,Hamburg,0.0034
02,02-port-selection-uncertainty-two-decision-makers,strict,10000,0,1,Gdansk,0.0548
02,02-port-selection-uncertainty-two-decision-makers,strict,10000,1,0,Piraeus,0.0
02,02-port-selection-uncertainty-two-decision-makers,strict,10000,1,0,Koper,0.7757
02,02-port-selection-uncertainty-two-decision-makers,strict,10000,1,0,Genoa,0.0
02,02-port-selection-uncertainty-two-decision-makers,strict,10000,1,0,Antwerp,0.0597
02,02-port-selection-uncertainty-two-decision-makers,strict,10000,1,0,Rotterdam,0.0019
02,02-port-selection-uncertainty-two-decision-makers,strict,10000,1,0,Hamburg,0.0
02,02-port-selection-uncertainty-two-decision-makers,strict,10000,1,0,Gdansk,0.1627
02,02-port-selection-uncertainty-two-decision-makers,strict,10000,1,1,Piraeus,0.0
02,02-port-selection-uncertainty-two-decision-makers,strict,10000,1,1,Koper,0.0173
02,02-port-selection-uncertainty-two-decision-makers,strict,10000,1,1,Genoa,0.0
02,02-port-selection-uncertainty-two-decision-makers,strict,10000,1,1,Antwerp,0.0296
02,02-port-selection-uncertainty-two-decision-makers,strict,10000,1,1,Rotterdam,0.8984
02,02-port-selection-uncertainty-two-decision-makers,strict,10000,1,1,Hamburg,0.0025
02,02-port-selection-uncertainty-two-decision-makers,strict,10000,1,1,Gdansk,0.0522
02,02-port-selection-uncertainty-two-decision-makers,strict,10000,2,0,Piraeus,0.0
02,02-port-selection-uncertainty-two-decision-makers,strict,10000,2,0,Koper,0.7918
02,02-port-selection-uncertainty-two-decision-makers,strict,10000,2,0,Genoa,0.0
02,02-port-selection-uncertainty-two-decision-makers,strict,10000,2,0,Antwerp,0.0554
02,02-port-selection-uncertainty-two-decision-makers,strict,10000,2,0,Rotterdam,0.0016
02,02-port-selection-uncertainty-two-decision-makers,strict,10000,2,0,Hamburg,0.0
02,02-port-selection-uncertainty-two-decision-makers,strict,10000,2,0,Gdansk,0.1512
02,02-port-selection-uncertainty-two-decision-makers,strict,10000,2,1,Piraeus,0.0
02,02-port-selection-uncertainty-two-decision-makers,strict,10000,2,1,Koper,0.0176
02,02-port-selection-uncertainty-two-decision-makers,strict,10000,2,1,Genoa,0.0
02,02-port-selection-uncertainty-two-decision-makers,strict,10000,2,1,Antwerp,0.0278
02,02-port-selection-uncertainty-two-decision-makers,strict,10000,2,1,Rotterdam,0.8976
02,02-port-selection-uncertainty-two-decision-makers,strict,10000,2,1,Hamburg,0.0022
02,02-port-selection-uncertainty-two-decision-makers,strict,10000,2,1,Gdansk,0.0548
02,02-port-selection-uncertainty-two-decision-makers,strict,10000,3,0,Piraeus,0.0
02,02-port-selection-uncertainty-two-decision-makers,strict,10000,3,0,Koper,0.785
02,02-port-selection-uncertainty-two-decision-makers,strict,10000,3,0,Genoa,0.0
02,02-port-selection-uncertainty-two-decision-makers,strict,10000,3,0,Antwerp,0.06
02,02-port-selection-uncertainty-two-decision-makers,strict,10000,3,0,Rotterdam,0.0014
02,02-port-selection-uncertainty-two-decision-makers,strict,10000,3,0,Hamburg,0.0
02,02-port-selection-uncertainty-two-decision-makers,strict,10000,3,0,Gdansk,0.1536
02,02-port-selection-uncertainty-two-decision-makers,strict,10000,3,1,Piraeus,0.0
02,02-port-selection-uncertainty-two-decision-makers,strict,10000,3,1,Koper,0.0192
02,02-port-selection-uncertainty-two-decision-makers,strict,10000,3,1,Genoa,0.0
02,02-port-selection-uncertainty-two-decision-makers,strict,10000,3,1,Antwerp,0.0277
02,02-port-selection-uncertainty-two-decision-makers,strict,10000,3,1,Rotterdam,0.8953
02,02-port-selection-uncertainty-two-decision-makers,strict,10000,3,1,Hamburg,0.0033
02,02-port-selection-uncertainty-two-decision-makers,strict,10000,3,1,Gdansk,0.0545
02,02-port-selection-uncertainty-two-decision-makers,strict,10000,4,0,Piraeus,0.0001
02,02-port-selection-uncertainty-two-decision-makers,strict,10000,4,0,Koper,0.7827
02,02-port-selection-uncertainty-two-decision-makers,strict,10000,4,0,Genoa,0.0
02,02-port-selection-uncertainty-two-decision-makers,strict,10000,4,0,Antwerp,0.0577
02,02-port-selection-uncertainty-two-decision-makers,strict,10000,4,0,Rotterdam,0.0017
02,02-port-selection-uncertainty-two-decision-makers,strict,10000,4,0,Hamburg,0.0
02,02-port-selection-uncertainty-two-decision-makers,strict,10000,4,0,Gdansk,0.1578
02,02-port-selection-uncertainty-two-decision-makers,strict,10000,4,1,Piraeus,0.0
02,02-port-selection-uncertainty-two-decision-makers,strict,10000,4,1,Koper,0.0187
02,02-port-selection-uncertainty-two-decision-makers,strict,10000,4,1,Genoa,0.0
02,02-port-selection-uncertainty-two-decision-makers,strict,10000,4,1,Antwerp,0.0276
02,02-port-selection-uncertainty-two-decision-makers,strict,10000,4,1,Rotterdam,0.8974
02,02-port-selection-uncertainty-two-decision-makers,strict,10000,4,1,Hamburg,0.0028
02,02-port-selection-uncertainty-two-decision-makers,strict,10000,4,1,Gdansk,0.0535
02,02-port-selection-uncertainty-two-decision-makers,non_strict,50,0,pooled,Piraeus,0.0
02,02-port-selection-uncertainty-two-decision-makers,non_strict,50,0,pooled,Koper,0.4
02,02-port-selection-uncertainty-two-decision-makers,non_strict,50,0,pooled,Genoa,0.0
02,02-port-selection-uncertainty-two-decision-makers,non_strict,50,0,pooled,Antwerp,0.02
02,02-port-selection-uncertainty-two-decision-makers,non_strict,50,0,pooled,Rotterdam,0.4
02,02-port-selection-uncertainty-two-decision-makers,non_strict,50,0,pooled,Hamburg,0.0
02,02-port-selection-uncertainty-two-decision-makers,non_strict,50,0,pooled,Gdansk,0.18
02,02-port-selection-uncertainty-two-decision-makers,non_strict,50,1,pooled,Piraeus,0.0
02,02-port-selection-uncertainty-two-decision-makers,non_strict,50,1,pooled,Koper,0.44
02,02-port-selection-uncertainty-two-decision-makers,non_strict,50,1,pooled,Genoa,0.0
02,02-port-selection-uncertainty-two-decision-makers,non_strict,50,1,pooled,Antwerp,0.02
02,02-port-selection-uncertainty-two-decision-makers,non_strict,50,1,pooled,Rotterdam,0.38
02,02-port-selection-uncertainty-two-decision-makers,non_strict,50,1,pooled,Hamburg,0.0
02,02-port-selection-uncertainty-two-decision-makers,non_strict,50,1,pooled,Gdansk,0.16
02,02-port-selection-uncertainty-two-decision-makers,non_strict,50,2,pooled,Piraeus,0.0
02,02-port-selection-uncertainty-two-decision-makers,non_strict,50,2,pooled,Koper,0.34
02,02-port-selection-uncertainty-two-decision-makers,non_strict,50,2,pooled,Genoa,0.0
02,02-port-selection-uncertainty-two-decision-makers,non_strict,50,2,pooled,Antwerp,0.06
02,02-port-selection-uncertainty-two-decision-makers,non_strict,50,2,pooled,Rotterdam,0.4
02,02-port-selection-uncertainty-two-decision-makers,non_strict,50,2,pooled,Hamburg,0.0
02,02-port-selection-uncertainty-two-decision-makers,non_strict,50,2,pooled,Gdansk,0.2
02,02-port-selection-uncertainty-two-decision-makers,non_strict,50,3,pooled,Piraeus,0.0
02,02-port-selection-uncertainty-two-decision-makers,non_strict,50,3,pooled,Koper,0.38
02,02-port-selection-uncertainty-two-decision-makers,non_strict,50,3,pooled,Genoa,0.0
02,02-port-selection-uncertainty-two-decision-makers,non_strict,50,3,pooled,Antwerp,0.08
02,02-port-selection-uncertainty-two-decision-makers,non_strict,50,3,pooled,Rotterdam,0.38
02,02-port-selection-uncertainty-two-decision-makers,non_strict,50,3,pooled,Hamburg,0.0
02,02-port-selection-uncertainty-two-decision-makers,non_strict,50,3,pooled,Gdansk,0.16
02,02-port-selection-uncertainty-two-decision-makers,non_strict,50,4,pooled,Piraeus,0.0
02,02-port-selection-uncertainty-two-decision-makers,non_strict,50,4,pooled,Koper,0.52
02,02-port-selection-uncertainty-two-decision-makers,non_strict,50,4,pooled,Genoa,0.0
02,02-port-selection-uncertainty-two-decision-makers,non_strict,50,4,pooled,Antwerp,0.04
02,02-port-selection-uncertainty-two-decision-makers,non_strict,50,4,pooled,Rotterdam,0.28
02,02-port-selection-uncertainty-two-decision-makers,non_strict,50,4,pooled,Hamburg,0.0
02,02-port-selection-uncertainty-two-decision-makers,non_strict,50,4,pooled,Gdansk,0.16
02,02-port-selection-uncertainty-two-decision-makers,non_strict,100,0,pooled,Piraeus,0.0
02,02-port-selection-uncertainty-two-decision-makers,non_strict,100,0,pooled,Koper,0.5
02,02-port-selection-uncertainty-two-decision-makers,non_strict,100,0,pooled,Genoa,0.0
02,02-port-selection-uncertainty-two-decision-makers,non_strict,100,0,pooled,Antwerp,0.08
02,02-port-selection-uncertainty-two-decision-makers,non_strict,100,0,pooled,Rotterdam,0.27
02,02-port-selection-uncertainty-two-decision-makers,non_strict,100,0,pooled,Hamburg,0.0
02,02-port-selection-uncertainty-two-decision-makers,non_strict,100,0,pooled,Gdansk,0.15
02,02-port-selection-uncertainty-two-decision-makers,non_strict,100,1,pooled,Piraeus,0.0
02,02-port-selection-uncertainty-two-decision-makers,non_strict,100,1,pooled,Koper,0.48
02,02-port-selection-uncertainty-two-decision-makers,non_strict,100,1,pooled,Genoa,0.0
02,02-port-selection-uncertainty-two-decision-makers,non_strict,100,1,pooled,Antwerp,0.08
02,02-port-selection-uncertainty-two-decision-makers,non_strict,100,1,pooled,Rotterdam,0.33
02,02-port-selection-uncertainty-two-decision-makers,non_strict,100,1,pooled,Hamburg,0.0
02,02-port-selection-uncertainty-two-decision-makers,non_strict,100,1,pooled,Gdansk,0.11
02,02-port-selection-uncertainty-two-decision-makers,non_strict,100,2,pooled,Piraeus,0.0
02,02-port-selection-uncertainty-two-decision-makers,non_strict,100,2,pooled,Koper,0.36
02,02-port-selection-uncertainty-two-decision-makers,non_strict,100,2,pooled,Genoa,0.0
02,02-port-selection-uncertainty-two-decision-makers,non_strict,100,2,pooled,Antwerp,0.08
02,02-port-selection-uncertainty-two-decision-makers,non_strict,100,2,pooled,Rotterdam,0.4
02,02-port-selection-uncertainty-two-decision-makers,non_strict,100,2,pooled,Hamburg,0.0
02,02-port-selection-uncertainty-two-decision-makers,non_strict,100,2,pooled,Gdansk,0.16
02,02-port-selection-uncertainty-two-decision-makers,non_strict,100,3,pooled,Piraeus,0.0
02,02-port-selection-uncertainty-two-decision-makers,non_strict,100,3,pooled,Koper,0.5
02,02-port-selection-uncertainty-two-decision-makers,non_strict,100,3,pooled,Genoa,0.0
02,02-port-selection-uncertainty-two-decision-makers,non_strict,100,3,pooled,Antwerp,0.06
02,02-port-selection-uncertainty-two-decision-makers,non_strict,100,3,pooled,Rotterdam,0.32
02,02-port-selection-uncertainty-two-decision-makers,non_strict,100,3,pooled,Hamburg,0.0
02,02-port-selection-uncertainty-two-decision-makers,non_strict,100,3,pooled,Gdansk,0.12
02,02-port-selection-uncertainty-two-decision-makers,non_strict,100,4,pooled,Piraeus,0.0
02,02-port-selection-uncertainty-two-decision-makers,non_strict,100,4,pooled,Koper,0.42
02,02-port-selection-uncertainty-two-decision-makers,non_strict,100,4,pooled,Genoa,0.0
02,02-port-selection-uncertainty-two-decision-makers,non_strict,100,4,pooled,Antwerp,0.04
02,02-port-selection-uncertainty-two-decision-makers,non_strict,100,4,pooled,Rotterdam,0.32
02,02-port-selection-uncertainty-two-decision-makers,non_strict,100,4,pooled,Hamburg,0.0
02,02-port-selection-uncertainty-two-decision-makers,non_strict,100,4,pooled,Gdansk,0.22
02,02-port-selection-uncertainty-two-decision-makers,non_strict,200,0,pooled,Piraeus,0.0
02,02-port-selection-uncertainty-two-decision-makers,non_strict,200,0,pooled,Koper,0.395
02,02-port-selection-uncertainty-two-decision-makers,non_strict,200,0,pooled,Genoa,0.0
02,02-port-selection-uncertainty-two-decision-makers,non_strict,200,0,pooled,Antwerp,0.075
02,02-port-selection-uncertainty-two-decision-makers,non_strict,200,0,pooled,Rotterdam,0.37
02,02-port-selection-uncertainty-two-decision-makers,non_strict,200,0,pooled,Hamburg,0.0
02,02-port-selection-uncertainty-two-decision-makers,non_strict,200,0,pooled,Gdansk,0.16
02,02-port-selection-uncertainty-two-decision-makers,non_strict,200,1,pooled,Piraeus,0.0
02,02-port-selection-uncertainty-two-decision-makers,non_strict,200,1,pooled,Koper,0.41
02,02-port-selection-uncertainty-two-decision-makers,non_strict,200,1,pooled,Genoa,0.0
02,02-port-selection-uncertainty-two-decision-makers,non_strict,200,1,pooled,Antwerp,0.075
02,02-port-selection-uncertainty-two-decision-makers,non_strict,200,1,pooled,Rotterdam,0.38
02,02-port-selection-uncertainty-two-decision-makers,non_strict,200,1,pooled,Hamburg,0.0
02,02-port-selection-uncertainty-two-decision-makers,non_strict,200,1,pooled,Gdansk,0.135
02,02-port-selection-uncertainty-two-decision-makers,non_strict,200,2,pooled,Piraeus,0.0
02,02-port-selection-uncertainty-two-decision-makers,non_strict,200,2,pooled,Koper,0.455
02,02-port-selection-uncertainty-two-decision-makers,non_strict,200,2,pooled,Genoa,0.0
02,02-port-selection-uncertainty-two-decision-makers,non_strict,200,2,pooled,Antwerp,0.07
02,02-port-selection-uncertainty-two-decision-makers,non_strict,200,2,pooled,Rotterdam,0.31
02,02-port-selection-uncertainty-two-decision-makers,non_strict,200,2,pooled,Hamburg,0.0
02,02-port-selection-uncertainty-two-decision-makers,non_strict,200,2,pooled,Gdansk,0.165
02,02-port-selection-uncertainty-two-decision-makers,non_strict,200,3,pooled,Piraeus,0.0
02,02-port-selection-uncertainty-two-decision-makers,non_strict,200,3,pooled,Koper,0.4
02,02-port-selection-uncertainty-two-decision-makers,non_strict,200,3,pooled,Genoa,0.0
02,02-port-selection-uncertainty-two-decision-makers,non_strict,200,3,pooled,Antwerp,0.065
02,02-port-selection-uncertainty-two-decision-makers,non_strict,200,3,pooled,Rotterdam,0.405
02,02-port-selection-uncertainty-two-decision-makers,non_strict,200,3,pooled,Hamburg,0.0
02,02-port-selection-uncertainty-two-decision-makers,non_strict,200,3,pooled,Gdansk,0.13
02,02-port-selection-uncertainty-two-decision-makers,non_strict,200,4,pooled,Piraeus,0.0
02,02-port-selection-uncertainty-two-decision-makers,non_strict,200,4,pooled,Koper,0.48
02,02-port-selection-uncertainty-two-decision-makers,non_strict,200,4,pooled,Genoa,0.0
02,02-port-selection-uncertainty-two-decision-makers,non_strict,200,4,pooled,Antwerp,0.055
02,02-port-selection-uncertainty-two-decision-makers,non_strict,200,4,pooled,Rotterdam,0.345
02,02-port-selection-uncertainty-two-decision-makers,non_strict,200,4,pooled,Hamburg,0.0
02,02-port-selection-uncertainty-two-decision-makers,non_strict,200,4,pooled,Gdansk,0.12
02,02-port-selection-uncertainty-two-decision-makers,non_strict,500,0,pooled,Piraeus,0.0
02,02-port-selection-uncertainty-two-decision-makers,non_strict,500,0,pooled,Koper,0.442
02,02-port-selection-uncertainty-two-decision-makers,non_strict,500,0,pooled,Genoa,0.0
02,02-port-selection-uncertainty-two-decision-makers,non_strict,500,0,pooled,Antwerp,0.076
02,02-port-selection-uncertainty-two-decision-makers,non_strict,500,0,pooled,Rotterdam,0.332
02,02-port-selection-uncertainty-two-decision-makers,non_strict,500,0,pooled,Hamburg,0.002
02,02-port-selection-uncertainty-two-decision-makers,non_strict,500,0,pooled,Gdansk,0.148
02,02-port-selection-uncertainty-two-decision-makers,non_strict,500,1,pooled,Piraeus,0.0
02,02-port-selection-uncertainty-two-decision-makers,non_strict,500,1,pooled,Koper,0.436
02,02-port-selection-uncertainty-two-decision-makers,non_strict,500,1,pooled,Genoa,0.0
02,02-port-selection-uncertainty-two-decision-makers,non_strict,500,1,pooled,Antwerp,0.082
02,02-port-selection-uncertainty-two-decision-makers,non_strict,500,1,pooled,Rotterdam,0.316
02,02-port-selection-uncertainty-two-decision-makers,non_strict,500,1,pooled,Hamburg,0.0
02,02-port-selection-uncertainty-two-decision-makers,non_strict,500,1,pooled,Gdansk,0.166
02,02-port-selection-uncertainty-two-decision-makers,non_strict,500,2,pooled,Piraeus,0.0
02,02-port-selection-uncertainty-two-decision-makers,non_strict,500,2,pooled,Koper,0.426
02,02-port-selection-uncertainty-two-decision-makers,non_strict,500,2,pooled,Genoa,0.0
02,02-port-selection-uncertainty-two-decision-makers,non_strict,500,2,pooled,Antwerp,0.056
02,02-port-selection-uncertainty-two-decision-makers,non_strict,500,2,pooled,Rotterdam,0.364
02,02-port-selection-uncertainty-two-decision-makers,non_strict,500,2,pooled,Hamburg,0.0
02,02-port-selection-uncertainty-two-decision-makers,non_strict,500,2,pooled,Gdansk,0.154
02,02-port-selection-uncertainty-two-decision-makers,non_strict,500,3,pooled,Piraeus,0.0
02,02-port-selection-uncertainty-two-decision-makers,non_strict,500,3,pooled,Koper,0.43
02,02-port-selection-uncertainty-two-decision-makers,non_strict,500,3,pooled,Genoa,0.0
02,02-port-selection-uncertainty-two-decision-makers,non_strict,500,3,pooled,Antwerp,0.074
02,02-port-selection-uncertainty-two-decision-makers,non_strict,500,3,pooled,Rotterdam,0.324
02,02-port-selection-uncertainty-two-decision-makers,non_strict,500,3,pooled,Hamburg,0.002
02,02-port-selection-uncertainty-two-decision-makers,non_strict,500,3,pooled,Gdansk,0.17
02,02-port-selection-uncertainty-two-decision-makers,non_strict,500,4,pooled,Piraeus,0.0
02,02-port-selection-uncertainty-two-decision-makers,non_strict,500,4,pooled,Koper,0.434
02,02-port-selection-uncertainty-two-decision-makers,non_strict,500,4,pooled,Genoa,0.0
02,02-port-selection-uncertainty-two-decision-makers,non_strict,500,4,pooled,Antwerp,0.07
02,02-port-selection-uncertainty-two-decision-makers,non_strict,500,4,pooled,Rotterdam,0.322
02,02-port-selection-uncertainty-two-decision-makers,non_strict,500,4,pooled,Hamburg,0.002
02,02-port-selection-uncertainty-two-decision-makers,non_strict,500,4,pooled,Gdansk,0.172
02,02-port-selection-uncertainty-two-decision-makers,non_strict,1000,0,pooled,Piraeus,0.0
02,02-port-selection-uncertainty-two-decision-makers,non_strict,1000,0,pooled,Koper,0.459
02,02-port-selection-uncertainty-two-decision-makers,non_strict,1000,0,pooled,Genoa,0.0
02,02-port-selection-uncertainty-two-decision-makers,non_strict,1000,0,pooled,Antwerp,0.061
02,02-port-selection-uncertainty-two-decision-makers,non_strict,1000,0,pooled,Rotterdam,0.335
02,02-port-selection-uncertainty-two-decision-makers,non_strict,1000,0,pooled,Hamburg,0.0
02,02-port-selection-uncertainty-two-decision-makers,non_strict,1000,0,pooled,Gdansk,0.145
02,02-port-selection-uncertainty-two-decision-makers,non_strict,1000,1,pooled,Piraeus,0.0
02,02-port-selection-uncertainty-two-decision-makers,non_strict,1000,1,pooled,Koper,0.433
02,02-port-selection-uncertainty-two-decision-makers,non_strict,1000,1,pooled,Genoa,0.0
02,02-port-selection-uncertainty-two-decision-makers,non_strict,1000,1,pooled,Antwerp,0.068
02,02-port-selection-uncertainty-two-decision-makers,non_strict,1000,1,pooled,Rotterdam,0.328
02,02-port-selection-uncertainty-two-decision-makers,non_strict,1000,1,pooled,Hamburg,0.002
02,02-port-selection-uncertainty-two-decision-makers,non_strict,1000,1,pooled,Gdansk,0.169
02,02-port-selection-uncertainty-two-decision-makers,non_strict,1000,2,pooled,Piraeus,0.0
02,02-port-selection-uncertainty-two-decision-makers,non_strict,1000,2,pooled,Koper,0.435
02,02-port-selection-uncertainty-two-decision-makers,non_strict,1000,2,pooled,Genoa,0.0
02,02-port-selection-uncertainty-two-decision-makers,non_strict,1000,2,pooled,Antwerp,0.068
02,02-port-selection-uncertainty-two-decision-makers,non_strict,1000,2,pooled,Rotterdam,0.324
02,02-port-selection-uncertainty-two-decision-makers,non_strict,1000,2,pooled,Hamburg,0.0
02,02-port-selection-uncertainty-two-decision-makers,non_strict,1000,2,pooled,Gdansk,0.173
02,02-port-selection-uncertainty-two-decision-makers,non_strict,1000,3,pooled,Piraeus,0.0
02,02-port-selection-uncertainty-two-decision-makers,non_strict,1000,3,pooled,Koper,0.445
02,02-port-selection-uncertainty-two-decision-makers,non_strict,1000,3,pooled,Genoa,0.0
02,02-port-selection-uncertainty-two-decision-makers,non_strict,1000,3,pooled,Antwerp,0.061
02,02-port-selection-uncertainty-two-decision-makers,non_strict,1000,3,pooled,Rotterdam,0.339
02,02-port-selection-uncertainty-two-decision-makers,non_strict,1000,3,pooled,Hamburg,0.0
02,02-port-selection-uncertainty-two-decision-makers,non_strict,1000,3,pooled,Gdansk,0.155
02,02-port-selection-uncertainty-two-decision-makers,non_strict,1000,4,pooled,Piraeus,0.0
02,02-port-selection-uncertainty-two-decision-makers,non_strict,1000,4,pooled,Koper,0.455
02,02-port-selection-uncertainty-two-decision-makers,non_strict,1000,4,pooled,Genoa,0.0
02,02-port-selection-uncertainty-two-decision-makers,non_strict,1000,4,pooled,Antwerp,0.064
02,02-port-selection-uncertainty-two-decision-makers,non_strict,1000,4,pooled,Rotterdam,0.31
02,02-port-selection-uncertainty-two-decision-makers,non_strict,1000,4,pooled,Hamburg,0.0
02,02-port-selection-uncertainty-two-decision-makers,non_strict,1000,4,pooled,Gdansk,0.171
02,02-port-selection-uncertainty-two-decision-makers,non_strict,2000,0,pooled,Piraeus,0.0
02,02-port-selection-uncertainty-two-decision-makers,non_strict,2000,0,pooled,Koper,0.426
02,02-port-selection-uncertainty-two-decision-makers,non_strict,2000,0,pooled,Genoa,0.0
02,02-port-selection-uncertainty-two-decision-makers,non_strict,2000,0,pooled,Antwerp,0.0695
02,02-port-selection-uncertainty-two-decision-makers,non_strict,2000,0,pooled,Rotterdam,0.3445
02,02-port-selection-uncertainty-two-decision-makers,non_strict,2000,0,pooled,Hamburg,0.0
02,02-port-selection-uncertainty-two-decision-makers,non_strict,2000,0,pooled,Gdansk,0.16
02,02-port-selection-uncertainty-two-decision-makers,non_strict,2000,1,pooled,Piraeus,0.0
02,02-port-selection-uncertainty-two-decision-makers,non_strict,2000,1,pooled,Koper,0.463
02,02-port-selection-uncertainty-two-decision-makers,non_strict,2000,1,pooled,Genoa,0.0
02,02-port-selection-uncertainty-two-decision-makers,non_strict,2000,1,pooled,Antwerp,0.071
02,02-port-selection-uncertainty-two-decision-makers,non_strict,2000,1,pooled,Rotterdam,0.3195
02,02-port-selection-uncertainty-two-decision-makers,non_strict,2000,1,pooled,Hamburg,0.0005
02,02-port-selection-uncertainty-two-decision-makers,non_strict,2000,1,pooled,Gdansk,0.146
02,02-port-selection-uncertainty-two-decision-makers,non_strict,2000,2,pooled,Piraeus,0.0
02,02-port-selection-uncertainty-two-decision-makers,non_strict,2000,2,pooled,Koper,0.432
02,02-port-selection-uncertainty-two-decision-makers,non_strict,2000,2,pooled,Genoa,0.0
02,02-port-selection-uncertainty-two-decision-makers,non_strict,2000,2,pooled,Antwerp,0.068
02,02-port-selection-uncertainty-two-decision-makers,non_strict,2000,2,pooled,Rotterdam,0.3175
02,02-port-selection-uncertainty-two-decision-makers,non_strict,2000,2,pooled,Hamburg,0.0015
02,02-port-selection-uncertainty-two-decision-makers,non_strict,2000,2,pooled,Gdansk,0.181
02,02-port-selection-uncertainty-two-decision-makers,non_strict,2000,3,pooled,Piraeus,0.0
02,02-port-selection-uncertainty-two-decision-makers,non_strict,2000,3,pooled,Koper,0.4505
02,02-port-selection-uncertainty-two-decision-makers,non_strict,2000,3,pooled,Genoa,0.0
02,02-port-selection-uncertainty-two-decision-makers,non_strict,2000,3,pooled,Antwerp,0.069
02,02-port-selection-uncertainty-two-decision-makers,non_strict,2000,3,pooled,Rotterdam,0.3175
02,02-port-selection-uncertainty-two-decision-makers,non_strict,2000,3,pooled,Hamburg,0.0005
02,02-port-selection-uncertainty-two-decision-makers,non_strict,2000,3,pooled,Gdansk,0.1625
02,02-port-selection-uncertainty-two-decision-makers,non_strict,2000,4,pooled,Piraeus,0.0
02,02-port-selection-uncertainty-two-decision-makers,non_strict,2000,4,pooled,Koper,0.4425
02,02-port-selection-uncertainty-two-decision-makers,non_strict,2000,4,pooled,Genoa,0.0
02,02-port-selection-uncertainty-two-decision-makers,non_strict,2000,4,pooled,Antwerp,0.077
02,02-port-selection-uncertainty-two-decision-makers,non_strict,2000,4,pooled,Rotterdam,0.3285
02,02-port-selection-uncertainty-two-decision-makers,non_strict,2000,4,pooled,Hamburg,0.0005
02,02-port-selection-uncertainty-two-decision-makers,non_strict,2000,4,pooled,Gdansk,0.1515
02,02-port-selection-uncertainty-two-decision-makers,non_strict,5000,0,pooled,Piraeus,0.0
02,02-port-selection-uncertainty-two-decision-makers,non_strict,5000,0,pooled,Koper,0.4358
02,02-port-selection-uncertainty-two-decision-makers,non_strict,5000,0,pooled,Genoa,0.0
02,02-port-selection-uncertainty-two-decision-makers,non_strict,5000,0,pooled,Antwerp,0.0644
02,02-port-selection-uncertainty-two-decision-makers,non_strict,5000,0,pooled,Rotterdam,0.337
02,02-port-selection-uncertainty-two-decision-makers,non_strict,5000,0,pooled,Hamburg,0.0012
02,02-port-selection-uncertainty-two-decision-makers,non_strict,5000,0,pooled,Gdansk,0.1616
02,02-port-selection-uncertainty-two-decision-makers,non_strict,5000,1,pooled,Piraeus,0.0
02,02-port-selection-uncertainty-two-decision-makers,non_strict,5000,1,pooled,Koper,0.4328
02,02-port-selection-uncertainty-two-decision-makers,non_strict,5000,1,pooled,Genoa,0.0
02,02-port-selection-uncertainty-two-decision-makers,non_strict,5000,1,pooled,Antwerp,0.0652
02,02-port-selection-uncertainty-two-decision-makers,non_strict,5000,1,pooled,Rotterdam,0.3422
02,02-port-selection-uncertainty-two-decision-makers,non_strict,5000,1,pooled,Hamburg,0.0
02,02-port-selection-uncertainty-two-decision-makers,non_strict,5000,1,pooled,Gdansk,0.1598
02,02-port-selection-uncertainty-two-decision-makers,non_strict,5000,2,pooled,Piraeus,0.0
02,02-port-selection-uncertainty-two-decision-makers,non_strict,5000,2,pooled,Koper,0.4362
02,02-port-selection-uncertainty-two-decision-makers,non_strict,5000,2,pooled,Genoa,0.0
02,02-port-selection-uncertainty-two-decision-makers,non_strict,5000,2,pooled,Antwerp,0.0702
02,02-port-selection-uncertainty-two-decision-makers,non_strict,5000,2,pooled,Rotterdam,0.331
02,02-port-selection-uncertainty-two-decision-makers,non_strict,5000,2,pooled,Hamburg,0.0004
02,02-port-selection-uncertainty-two-decision-makers,non_strict,5000,2,pooled,Gdansk,0.1622
02,02-port-selection-uncertainty-two-decision-makers,non_strict,5000,3,pooled,Piraeus,0.0
02,02-port-selection-uncertainty-two-decision-makers,non_strict,5000,3,pooled,Koper,0.4528
02,02-port-selection-uncertainty-two-decision-makers,non_strict,5000,3,pooled,Genoa,0.0
02,02-port-selection-uncertainty-two-decision-makers,non_strict,5000,3,pooled,Antwerp,0.063
02,02-port-selection-uncertainty-two-decision-makers,non_strict,5000,3,pooled,Rotterdam,0.3298
02,02-port-selection-uncertainty-two-decision-makers,non_strict,5000,3,pooled,Hamburg,0.0006
02,02-port-selection-uncertainty-two-decision-makers,non_strict,5000,3,pooled,Gdansk,0.1538
02,02-port-selection-uncertainty-two-decision-makers,non_strict,5000,4,pooled,Piraeus,0.0
02,02-port-selection-uncertainty-two-decision-makers,non_strict,5000,4,pooled,Koper,0.445
02,02-port-selection-uncertainty-two-decision-makers,non_strict,5000,4,pooled,Genoa,0.0
02,02-port-selection-uncertainty-two-decision-makers,non_strict,5000,4,pooled,Antwerp,0.0618
02,02-port-selection-uncertainty-two-decision-makers,non_strict,5000,4,pooled,Rotterdam,0.3412
02,02-port-selection-uncertainty-two-decision-makers,non_strict,5000,4,pooled,Hamburg,0.0002
02,02-port-selection-uncertainty-two-decision-makers,non_strict,5000,4,pooled,Gdansk,0.1518
02,02-port-selection-uncertainty-two-decision-makers,non_strict,10000,0,pooled,Piraeus,0.0
02,02-port-selection-uncertainty-two-decision-makers,non_strict,10000,0,pooled,Koper,0.4358
02,02-port-selection-uncertainty-two-decision-makers,non_strict,10000,0,pooled,Genoa,0.0
02,02-port-selection-uncertainty-two-decision-makers,non_strict,10000,0,pooled,Antwerp,0.0709
02,02-port-selection-uncertainty-two-decision-makers,non_strict,10000,0,pooled,Rotterdam,0.3342
02,02-port-selection-uncertainty-two-decision-makers,non_strict,10000,0,pooled,Hamburg,0.0005
02,02-port-selection-uncertainty-two-decision-makers,non_strict,10000,0,pooled,Gdansk,0.1586
02,02-port-selection-uncertainty-two-decision-makers,non_strict,10000,1,pooled,Piraeus,0.0001
02,02-port-selection-uncertainty-two-decision-makers,non_strict,10000,1,pooled,Koper,0.4482
02,02-port-selection-uncertainty-two-decision-makers,non_strict,10000,1,pooled,Genoa,0.0
02,02-port-selection-uncertainty-two-decision-makers,non_strict,10000,1,pooled,Antwerp,0.0632
02,02-port-selection-uncertainty-two-decision-makers,non_strict,10000,1,pooled,Rotterdam,0.3338
02,02-port-selection-uncertainty-two-decision-makers,non_strict,10000,1,pooled,Hamburg,0.0007
02,02-port-selection-uncertainty-two-decision-makers,non_strict,10000,1,pooled,Gdansk,0.154
02,02-port-selection-uncertainty-two-decision-makers,non_strict,10000,2,pooled,Piraeus,0.0
02,02-port-selection-uncertainty-two-decision-makers,non_strict,10000,2,pooled,Koper,0.4246
02,02-port-selection-uncertainty-two-decision-makers,non_strict,10000,2,pooled,Genoa,0.0
02,02-port-selection-uncertainty-two-decision-makers,non_strict,10000,2,pooled,Antwerp,0.0702
02,02-port-selection-uncertainty-two-decision-makers,non_strict,10000,2,pooled,Rotterdam,0.3424
02,02-port-selection-uncertainty-two-decision-makers,non_strict,10000,2,pooled,Hamburg,0.0005
02,02-port-selection-uncertainty-two-decision-makers,non_strict,10000,2,pooled,Gdansk,0.1623
02,02-port-selection-uncertainty-two-decision-makers,non_strict,10000,3,pooled,Piraeus,0.0
02,02-port-selection-uncertainty-two-decision-makers,non_strict,10000,3,pooled,Koper,0.4361
02,02-port-selection-uncertainty-two-decision-makers,non_strict,10000,3,pooled,Genoa,0.0
02,02-port-selection-uncertainty-two-decision-makers,non_strict,10000,3,pooled,Antwerp,0.0664
02,02-port-selection-uncertainty-two-decision-makers,non_strict,10000,3,pooled,Rotterdam,0.3343
02,02-port-selection-uncertainty-two-decision-makers,non_strict,10000,3,pooled,Hamburg,0.0006
02,02-port-selection-uncertainty-two-decision-makers,non_strict,10000,3,pooled,Gdansk,0.1626
02,02-port-selection-uncertainty-two-decision-makers,non_strict,10000,4,pooled,Piraeus,0.0
02,02-port-selection-uncertainty-two-decision-makers,non_strict,10000,4,pooled,Koper,0.4337
02,02-port-selection-uncertainty-two-decision-makers,non_strict,10000,4,pooled,Genoa,0.0
02,02-port-selection-uncertainty-two-decision-makers,non_strict,10000,4,pooled,Antwerp,0.0665
02,02-port-selection-uncertainty-two-decision-makers,non_strict,10000,4,pooled,Rotterdam,0.3343
02,02-port-selection-uncertainty-two-decision-makers,non_strict,10000,4,pooled,Hamburg,0.0004
02,02-port-selection-uncertainty-two-decision-makers,non_strict,10000,4,pooled,Gdansk,0.1651
03,03-nuclear-reactor-hierarchical-uncertain,strict,50,0,0,APR1400,0.0
03,03-nuclear-reactor-hierarchical-uncertain,strict,50,0,0,EPR1750,0.8
03,03-nuclear-reactor-hierarchical-uncertain,strict,50,0,0,AP1000,0.1
03,03-nuclear-reactor-hierarchical-uncertain,strict,50,0,0,BWRX300,0.06
03,03-nuclear-reactor-hierarchical-uncertain,strict,50,0,0,RollsRoyceSMR,0.04
03,03-nuclear-reactor-hierarchical-uncertain,strict,50,0,0,NuScaleVOYGR6,0.0
03,03-nuclear-reactor-hierarchical-uncertain,strict,50,0,1,APR1400,0.02
03,03-nuclear-reactor-hierarchical-uncertain,strict,50,0,1,EPR1750,0.06
03,03-nuclear-reactor-hierarchical-uncertain,strict,50,0,1,AP1000,0.54
03,03-nuclear-reactor-hierarchical-uncertain,strict,50,0,1,BWRX300,0.0
03,03-nuclear-reactor-hierarchical-uncertain,strict,50,0,1,RollsRoyceSMR,0.08
03,03-nuclear-reactor-hierarchical-uncertain,strict,50,0,1,NuScaleVOYGR6,0.3
03,03-nuclear-reactor-hierarchical-uncertain,strict,50,0,2,APR1400,0.0
03,03-nuclear-reactor-hierarchical-uncertain,strict,50,0,2,EPR1750,0.26
03,03-nuclear-reactor-hierarchical-uncertain,strict,50,0,2,AP1000,0.74
03,03-nuclear-reactor-hierarchical-uncertain,strict,50,0,2,BWRX300,0.0
03,03-nuclear-reactor-hierarchical-uncertain,strict,50,0,2,RollsRoyceSMR,0.0
03,03-nuclear-reactor-hierarchical-uncertain,strict,50,0,2,NuScaleVOYGR6,0.0
03,03-nuclear-reactor-hierarchical-uncertain,strict,50,1,0,APR1400,0.0
03,03-nuclear-reactor-hierarchical-uncertain,strict,50,1,0,EPR1750,0.78
03,03-nuclear-reactor-hierarchical-uncertain,strict,50,1,0,AP1000,0.14
03,03-nuclear-reactor-hierarchical-uncertain,strict,50,1,0,BWRX300,0.08
03,03-nuclear-reactor-hierarchical-uncertain,strict,50,1,0,RollsRoyceSMR,0.0
03,03-nuclear-reactor-hierarchical-uncertain,strict,50,1,0,NuScaleVOYGR6,0.0
03,03-nuclear-reactor-hierarchical-uncertain,strict,50,1,1,APR1400,0.0
03,03-nuclear-reactor-hierarchical-uncertain,strict,50,1,1,EPR1750,0.06
03,03-nuclear-reactor-hierarchical-uncertain,strict,50,1,1,AP1000,0.72
03,03-nuclear-reactor-hierarchical-uncertain,strict,50,1,1,BWRX300,0.0
03,03-nuclear-reactor-hierarchical-uncertain,strict,50,1,1,RollsRoyceSMR,0.02
03,03-nuclear-reactor-hierarchical-uncertain,strict,50,1,1,NuScaleVOYGR6,0.2
03,03-nuclear-reactor-hierarchical-uncertain,strict,50,1,2,APR1400,0.02
03,03-nuclear-reactor-hierarchical-uncertain,strict,50,1,2,EPR1750,0.24
03,03-nuclear-reactor-hierarchical-uncertain,strict,50,1,2,AP1000,0.74
03,03-nuclear-reactor-hierarchical-uncertain,strict,50,1,2,BWRX300,0.0
03,03-nuclear-reactor-hierarchical-uncertain,strict,50,1,2,RollsRoyceSMR,0.0
03,03-nuclear-reactor-hierarchical-uncertain,strict,50,1,2,NuScaleVOYGR6,0.0
03,03-nuclear-reactor-hierarchical-uncertain,strict,50,2,0,APR1400,0.06
03,03-nuclear-reactor-hierarchical-uncertain,strict,50,2,0,EPR1750,0.76
03,03-nuclear-reactor-hierarchical-uncertain,strict,50,2,0,AP1000,0.1
03,03-nuclear-reactor-hierarchical-uncertain,strict,50,2,0,BWRX300,0.08
03,03-nuclear-reactor-hierarchical-uncertain,strict,50,2,0,RollsRoyceSMR,0.0
03,03-nuclear-reactor-hierarchical-uncertain,strict,50,2,0,NuScaleVOYGR6,0.0
03,03-nuclear-reactor-hierarchical-uncertain,strict,50,2,1,APR1400,0.06
03,03-nuclear-reactor-hierarchical-uncertain,strict,50,2,1,EPR1750,0.04
03,03-nuclear-reactor-hierarchical-uncertain,strict,50,2,1,AP1000,0.66
03,03-nuclear-reactor-hierarchical-uncertain,strict,50,2,1,BWRX300,0.0
03,03-nuclear-reactor-hierarchical-uncertain,strict,50,2,1,RollsRoyceSMR,0.04
03,03-nuclear-reactor-hierarchical-uncertain,strict,50,2,1,NuScaleVOYGR6,0.2
03,03-nuclear-reactor-hierarchical-uncertain,strict,50,2,2,APR1400,0.04
03,03-nuclear-reactor-hierarchical-uncertain,strict,50,2,2,EPR1750,0.28
03,03-nuclear-reactor-hierarchical-uncertain,strict,50,2,2,AP1000,0.68
03,03-nuclear-reactor-hierarchical-uncertain,strict,50,2,2,BWRX300,0.0
03,03-nuclear-reactor-hierarchical-uncertain,strict,50,2,2,RollsRoyceSMR,0.0
03,03-nuclear-reactor-hierarchical-uncertain,strict,50,2,2,NuScaleVOYGR6,0.0
03,03-nuclear-reactor-hierarchical-uncertain,strict,50,3,0,APR1400,0.0
03,03-nuclear-reactor-hierarchical-uncertain,strict,50,3,0,EPR1750,0.74
03,03-nuclear-reactor-hierarchical-uncertain,strict,50,3,0,AP1000,0.1
03,03-nuclear-reactor-hierarchical-uncertain,strict,50,3,0,BWRX300,0.16
03,03-nuclear-reactor-hierarchical-uncertain,strict,50,3,0,RollsRoyceSMR,0.0
03,03-nuclear-reactor-hierarchical-uncertain,strict,50,3,0,NuScaleVOYGR6,0.0
03,03-nuclear-reactor-hierarchical-uncertain,strict,50,3,1,APR1400,0.04
03,03-nuclear-reactor-hierarchical-uncertain,strict,50,3,1,EPR1750,0.14
03,03-nuclear-reactor-hierarchical-uncertain,strict,50,3,1,AP1000,0.54
03,03-nuclear-reactor-hierarchical-uncertain,strict,50,3,1,BWRX300,0.0
03,03-nuclear-reactor-hierarchical-uncertain,strict,50,3,1,RollsRoyceSMR,0.06
03,03-nuclear-reactor-hierarchical-uncertain,strict,50,3,1,NuScaleVOYGR6,0.22
03,03-nuclear-reactor-hierarchical-uncertain,strict,50,3,2,APR1400,0.02
03,03-nuclear-reactor-hierarchical-uncertain,strict,50,3,2,EPR1750,0.14
03,03-nuclear-reactor-hierarchical-uncertain,strict,50,3,2,AP1000,0.84
03,03-nuclear-reactor-hierarchical-uncertain,strict,50,3,2,BWRX300,0.0
03,03-nuclear-reactor-hierarchical-uncertain,strict,50,3,2,RollsRoyceSMR,0.0
03,03-nuclear-reactor-hierarchical-uncertain,strict,50,3,2,NuScaleVOYGR6,0.0
03,03-nuclear-reactor-hierarchical-uncertain,strict,50,4,0,APR1400,0.0
03,03-nuclear-reactor-hierarchical-uncertain,strict,50,4,0,EPR1750,0.9
03,03-nuclear-reactor-hierarchical-uncertain,strict,50,4,0,AP1000,0.04
03,03-nuclear-reactor-hierarchical-uncertain,strict,50,4,0,BWRX300,0.06
03,03-nuclear-reactor-hierarchical-uncertain,strict,50,4,0,RollsRoyceSMR,0.0
03,03-nuclear-reactor-hierarchical-uncertain,strict,50,4,0,NuScaleVOYGR6,0.0
03,03-nuclear-reactor-hierarchical-uncertain,strict,50,4,1,APR1400,0.06
03,03-nuclear-reactor-hierarchical-uncertain,strict,50,4,1,EPR1750,0.06
03,03-nuclear-reactor-hierarchical-uncertain,strict,50,4,1,AP1000,0.7
03,03-nuclear-reactor-hierarchical-uncertain,strict,50,4,1,BWRX300,0.0
03,03-nuclear-reactor-hierarchical-uncertain,strict,50,4,1,RollsRoyceSMR,0.08
03,03-nuclear-reactor-hierarchical-uncertain,strict,50,4,1,NuScaleVOYGR6,0.1
03,03-nuclear-reactor-hierarchical-uncertain,strict,50,4,2,APR1400,0.0
03,03-nuclear-reactor-hierarchical-uncertain,strict,50,4,2,EPR1750,0.18
03,03-nuclear-reactor-hierarchical-uncertain,strict,50,4,2,AP1000,0.82
03,03-nuclear-reactor-hierarchical-uncertain,strict,50,4,2,BWRX300,0.0
03,03-nuclear-reactor-hierarchical-uncertain,strict,50,4,2,RollsRoyceSMR,0.0
03,03-nuclear-reactor-hierarchical-uncertain,strict,50,4,2,NuScaleVOYGR6,0.0
03,03-nuclear-reactor-hierarchical-uncertain,strict,100,0,0,APR1400,0.0
03,03-nuclear-reactor-hierarchical-uncertain,strict,100,0,0,EPR1750,0.73
03,03-nuclear-reactor-hierarchical-uncertain,strict,100,0,0,AP1000,0.1
03,03-nuclear-reactor-hierarchical-uncertain,strict,100,0,0,BWRX300,0.16
03,03-nuclear-reactor-hierarchical-uncertain,strict,100,0,0,RollsRoyceSMR,0.01
03,03-nuclear-reactor-hierarchical-uncertain,strict,100,0,0,NuScaleVOYGR6,0.0
03,03-nuclear-reactor-hierarchical-uncertain,strict,100,0,1,APR1400,0.05
03,03-nuclear-reactor-hierarchical-uncertain,strict,100,0,1,EPR1750,0.1
03,03-nuclear-reactor-hierarchical-uncertain,strict,100,0,1,AP1000,0.56
03,03-nuclear-reactor-hierarchical-uncertain,strict,100,0,1,BWRX300,0.0
03,03-nuclear-reactor-hierarchical-uncertain,strict,100,0,1,RollsRoyceSMR,0.03
03,03-nuclear-reactor-hierarchical-uncertain,strict,100,0,1,NuScaleVOYGR6,0.26
03,03-nuclear-reactor-hierarchical-uncertain,strict,100,0,2,APR1400,0.02
03,03-nuclear-reactor-hierarchical-uncertain,strict,100,0,2,EPR1750,0.19
03,03-nuclear-reactor-hierarchical-uncertain,strict,100,0,2,AP1000,0.79
03,03-nuclear-reactor-hierarchical-uncertain,strict,100,0,2,BWRX300,0.0
03,03-nuclear-reactor-hierarchical-uncertain,strict,100,0,2,RollsRoyceSMR,0.0
03,03-nuclear-reactor-hierarchical-uncertain,strict,100,0,2,NuScaleVOYGR6,0.0
03,03-nuclear-reactor-hierarchical-uncertain,strict,100,1,0,APR1400,0.0
03,03-nuclear-reactor-hierarchical-uncertain,strict,100,1,0,EPR1750,0.79
03,03-nuclear-reactor-hierarchical-uncertain,strict,100,1,0,AP1000,0.07
03,03-nuclear-reactor-hierarchical-uncertain,strict,100,1,0,BWRX300,0.1
03,03-nuclear-reactor-hierarchical-uncertain,strict,100,1,0,RollsRoyceSMR,0.04
03,03-nuclear-reactor-hierarchical-uncertain,strict,100,1,0,NuScaleVOYGR6,0.0
03,03-nuclear-reactor-hierarchical-uncertain,strict,100,1,1,APR1400,0.08
03,03-nuclear-reactor-hierarchical-uncertain,strict,100,1,1,EPR1750,0.05
03,03-nuclear-reactor-hierarchical-uncertain,strict,100,1,1,AP1000,0.52
03,03-nuclear-reactor-hierarchical-uncertain,strict,100,1,1,BWRX300,0.0
03,03-nuclear-reactor-hierarchical-uncertain,strict,100,1,1,RollsRoyceSMR,0.07
03,03-nuclear-reactor-hierarchical-uncertain,strict,100,1,1,NuScaleVOYGR6,0.28
03,03-nuclear-reactor-hierarchical-uncertain,strict,100,1,2,APR1400,0.0
03,03-nuclear-reactor-hierarchical-uncertain,strict,100,1,2,EPR1750,0.2
03,03-nuclear-reactor-hierarchical-uncertain,strict,100,1,2,AP1000,0.8
03,03-nuclear-reactor-hierarchical-uncertain,strict,100,1,2,BWRX300,0.0
03,03-nuclear-reactor-hierarchical-uncertain,strict,100,1,2,RollsRoyceSMR,0.0
03,03-nuclear-reactor-hierarchical-uncertain,strict,100,1,2,NuScaleVOYGR6,0.0
03,03-nuclear-reactor-hierarchical-uncertain,strict,100,2,0,APR1400,0.0
03,03-nuclear-reactor-hierarchical-uncertain,strict,100,2,0,EPR1750,0.77
03,03-nuclear-reactor-hierarchical-uncertain,strict,100,2,0,AP1000,0.05
03,03-nuclear-reactor-hierarchical-uncertain,strict,100,2,0,BWRX300,0.16
03,03-nuclear-reactor-hierarchical-uncertain,strict,100,2,0,RollsRoyceSMR,0.02
03,03-nuclear-reactor-hierarchical-uncertain,strict,100,2,0,NuScaleVOYGR6,0.0
03,03-nuclear-reactor-hierarchical-uncertain,strict,100,2,1,APR1400,0.06
03,03-nuclear-reactor-hierarchical-uncertain,strict,100,2,1,EPR1750,0.06
03,03-nuclear-reactor-hierarchical-uncertain,strict,100,2,1,AP1000,0.56
03,03-nuclear-reactor-hierarchical-uncertain,strict,100,2,1,BWRX300,0.0
03,03-nuclear-reactor-hierarchical-uncertain,strict,100,2,1,RollsRoyceSMR,0.07
03,03-nuclear-reactor-hierarchical-uncertain,strict,100,2,1,NuScaleVOYGR6,0.25
03,03-nuclear-reactor-hierarchical-uncertain,strict,100,2,2,APR1400,0.0
03,03-nuclear-reactor-hierarchical-uncertain,strict,100,2,2,EPR1750,0.23
03,03-nuclear-reactor-hierarchical-uncertain,strict,100,2,2,AP1000,0.77
03,03-nuclear-reactor-hierarchical-uncertain,strict,100,2,2,BWRX300,0.0
03,03-nuclear-reactor-hierarchical-uncertain,strict,100,2,2,RollsRoyceSMR,0.0
03,03-nuclear-reactor-hierarchical-uncertain,strict,100,2,2,NuScaleVOYGR6,0.0
03,03-nuclear-reactor-hierarchical-uncertain,strict,100,3,0,APR1400,0.02
03,03-nuclear-reactor-hierarchical-uncertain,strict,100,3,0,EPR1750,0.78
03,03-nuclear-reactor-hierarchical-uncertain,strict,100,3,0,AP1000,0.12
03,03-nuclear-reactor-hierarchical-uncertain,strict,100,3,0,BWRX300,0.07
03,03-nuclear-reactor-hierarchical-uncertain,strict,100,3,0,RollsRoyceSMR,0.01
03,03-nuclear-reactor-hierarchical-uncertain,strict,100,3,0,NuScaleVOYGR6,0.0
03,03-nuclear-reactor-hierarchical-uncertain,strict,100,3,1,APR1400,0.08
03,03-nuclear-reactor-hierarchical-uncertain,strict,100,3,1,EPR1750,0.05
03,03-nuclear-reactor-hierarchical-uncertain,strict,100,3,1,AP1000,0.67
03,03-nuclear-reactor-hierarchical-uncertain,strict,100,3,1,BWRX300,0.0
03,03-nuclear-reactor-hierarchical-uncertain,strict,100,3,1,RollsRoyceSMR,0.04
03,03-nuclear-reactor-hierarchical-uncertain,strict,100,3,1,NuScaleVOYGR6,0.16
03,03-nuclear-reactor-hierarchical-uncertain,strict,100,3,2,APR1400,0.01
03,03-nuclear-reactor-hierarchical-uncertain,strict,100,3,2,EPR1750,0.23
03,03-nuclear-reactor-hierarchical-uncertain,strict,100,3,2,AP1000,0.76
03,03-nuclear-reactor-hierarchical-uncertain,strict,100,3,2,BWRX300,0.0
03,03-nuclear-reactor-hierarchical-uncertain,strict,100,3,2,RollsRoyceSMR,0.0
03,03-nuclear-reactor-hierarchical-uncertain,strict,100,3,2,NuScaleVOYGR6,0.0
03,03-nuclear-reactor-hierarchical-uncertain,strict,100,4,0,APR1400,0.02
03,03-nuclear-reactor-hierarchical-uncertain,strict,100,4,0,EPR1750,0.77
03,03-nuclear-reactor-hierarchical-uncertain,strict,100,4,0,AP1000,0.05
03,03-nuclear-reactor-hierarchical-uncertain,strict,100,4,0,BWRX300,0.12
03,03-nuclear-reactor-hierarchical-uncertain,strict,100,4,0,RollsRoyceSMR,0.04
03,03-nuclear-reactor-hierarchical-uncertain,strict,100,4,0,NuScaleVOYGR6,0.0
03,03-nuclear-reactor-hierarchical-uncertain,strict,100,4,1,APR1400,0.1
03,03-nuclear-reactor-hierarchical-uncertain,strict,100,4,1,EPR1750,0.07
03,03-nuclear-reactor-hierarchical-uncertain,strict,100,4,1,AP1000,0.55
03,03-nuclear-reactor-hierarchical-uncertain,strict,100,4,1,BWRX300,0.0
03,03-nuclear-reactor-hierarchical-uncertain,strict,100,4,1,RollsRoyceSMR,0.07
03,03-nuclear-reactor-hierarchical-uncertain,strict,100,4,1,NuScaleVOYGR6,0.21
03,03-nuclear-reactor-hierarchical-uncertain,strict,100,4,2,APR1400,0.02
03,03-nuclear-reactor-hierarchical-uncertain,strict,100,4,2,EPR1750,0.2
03,03-nuclear-reactor-hierarchical-uncertain,strict,100,4,2,AP1000,0.78
03,03-nuclear-reactor-hierarchical-uncertain,strict,100,4,2,BWRX300,0.0
03,03-nuclear-reactor-hierarchical-uncertain,strict,100,4,2,RollsRoyceSMR,0.0
03,03-nuclear-reactor-hierarchical-uncertain,strict,100,4,2,NuScaleVOYGR6,0.0
03,03-nuclear-reactor-hierarchical-uncertain,strict,200,0,0,APR1400,0.02
03,03-nuclear-reactor-hierarchical-uncertain,strict,200,0,0,EPR1750,0.81
03,03-nuclear-reactor-hierarchical-uncertain,strict,200,0,0,AP1000,0.05
03,03-nuclear-reactor-hierarchical-uncertain,strict,200,0,0,BWRX300,0.08
03,03-nuclear-reactor-hierarchical-uncertain,strict,200,0,0,RollsRoyceSMR,0.04
03,03-nuclear-reactor-hierarchical-uncertain,strict,200,0,0,NuScaleVOYGR6,0.0
03,03-nuclear-reactor-hierarchical-uncertain,strict,200,0,1,APR1400,0.07
03,03-nuclear-reactor-hierarchical-uncertain,strict,200,0,1,EPR1750,0.075
03,03-nuclear-reactor-hierarchical-uncertain,strict,200,0,1,AP1000,0.585
03,03-nuclear-reactor-hierarchical-uncertain,strict,200,0,1,BWRX300,0.0
03,03-nuclear-reactor-hierarchical-uncertain,strict,200,0,1,RollsRoyceSMR,0.05
03,03-nuclear-reactor-hierarchical-uncertain,strict,200,0,1,NuScaleVOYGR6,0.22
03,03-nuclear-reactor-hierarchical-uncertain,strict,200,0,2,APR1400,0.01
03,03-nuclear-reactor-hierarchical-uncertain,strict,200,0,2,EPR1750,0.205
03,03-nuclear-reactor-hierarchical-uncertain,strict,200,0,2,AP1000,0.785
03,03-nuclear-reactor-hierarchical-uncertain,strict,200,0,2,BWRX300,0.0
03,03-nuclear-reactor-hierarchical-uncertain,strict,200,0,2,RollsRoyceSMR,0.0
03,03-nuclear-reactor-hierarchical-uncertain,strict,200,0,2,NuScaleVOYGR6,0.0
03,03-nuclear-reactor-hierarchical-uncertain,strict,200,1,0,APR1400,0.005
03,03-nuclear-reactor-hierarchical-uncertain,strict,200,1,0,EPR1750,0.81
03,03-nuclear-reactor-hierarchical-uncertain,strict,200,1,0,AP1000,0.07
03,03-nuclear-reactor-hierarchical-uncertain,strict,200,1,0,BWRX300,0.08
03,03-nuclear-reactor-hierarchical-uncertain,strict,200,1,0,RollsRoyceSMR,0.035
03,03-nuclear-reactor-hierarchical-uncertain,strict,200,1,0,NuScaleVOYGR6,0.0
03,03-nuclear-reactor-hierarchical-uncertain,strict,200,1,1,APR1400,0.1
03,03-nuclear-reactor-hierarchical-uncertain,strict,200,1,1,EPR1750,0.08
03,03-nuclear-reactor-hierarchical-uncertain,strict,200,1,1,AP1000,0.52
03,03-nuclear-reactor-hierarchical-uncertain,strict,200,1,1,BWRX300,0.0
03,03-nuclear-reactor-hierarchical-uncertain,strict,200,1,1,RollsRoyceSMR,0.055
03,03-nuclear-reactor-hierarchical-uncertain,strict,200,1,1,NuScaleVOYGR6,0.245
03,03-nuclear-reactor-hierarchical-uncertain,strict,200,1,2,APR1400,0.01
03,03-nuclear-reactor-hierarchical-uncertain,strict,200,1,2,EPR1750,0.21
03,03-nuclear-reactor-hierarchical-uncertain,strict,200,1,2,AP1000,0.78
03,03-nuclear-reactor-hierarchical-uncertain,strict,200,1,2,BWRX300,0.0
03,03-nuclear-reactor-hierarchical-uncertain,strict,200,1,2,RollsRoyceSMR,0.0
03,03-nuclear-reactor-hierarchical-uncertain,strict,200,1,2,NuScaleVOYGR6,0.0
03,03-nuclear-reactor-hierarchical-uncertain,strict,200,2,0,APR1400,0.005
03,03-nuclear-reactor-hierarchical-uncertain,strict,200,2,0,EPR1750,0.835
03,03-nuclear-reactor-hierarchical-uncertain,strict,200,2,0,AP1000,0.065
03,03-nuclear-reactor-hierarchical-uncertain,strict,200,2,0,BWRX300,0.07
03,03-nuclear-reactor-hierarchical-uncertain,strict,200,2,0,RollsRoyceSMR,0.025
03,03-nuclear-reactor-hierarchical-uncertain,strict,200,2,0,NuScaleVOYGR6,0.0
03,03-nuclear-reactor-hierarchical-uncertain,strict,200,2,1,APR1400,0.06
03,03-nuclear-reactor-hierarchical-uncertain,strict,200,2,1,EPR1750,0.07
03,03-nuclear-reactor-hierarchical-uncertain,strict,200,2,1,AP1000,0.595
03,03-nuclear-reactor-hierarchical-uncertain,strict,200,2,1,BWRX300,0.0
03,03-nuclear-reactor-hierarchical-uncertain,strict,200,2,1,RollsRoyceSMR,0.06
03,03-nuclear-reactor-hierarchical-uncertain,strict,200,2,1,NuScaleVOYGR6,0.215
03,03-nuclear-reactor-hierarchical-uncertain,strict,200,2,2,APR1400,0.02
03,03-nuclear-reactor-hierarchical-uncertain,strict,200,2,2,EPR1750,0.255
03,03-nuclear-reactor-hierarchical-uncertain,strict,200,2,2,AP1000,0.725
03,03-nuclear-reactor-hierarchical-uncertain,strict,200,2,2,BWRX300,0.0
03,03-nuclear-reactor-hierarchical-uncertain,strict,200,2,2,RollsRoyceSMR,0.0
03,03-nuclear-reactor-hierarchical-uncertain,strict,200,2,2,NuScaleVOYGR6,0.0
03,03-nuclear-reactor-hierarchical-uncertain,strict,200,3,0,APR1400,0.02
03,03-nuclear-reactor-hierarchical-uncertain,strict,200,3,0,EPR1750,0.715
03,03-nuclear-reactor-hierarchical-uncertain,strict,200,3,0,AP1000,0.075
03,03-nuclear-reactor-hierarchical-uncertain,strict,200,3,0,BWRX300,0.15
03,03-nuclear-reactor-hierarchical-uncertain,strict,200,3,0,RollsRoyceSMR,0.035
03,03-nuclear-reactor-hierarchical-uncertain,strict,200,3,0,NuScaleVOYGR6,0.005
03,03-nuclear-reactor-hierarchical-uncertain,strict,200,3,1,APR1400,0.075
03,03-nuclear-reactor-hierarchical-uncertain,strict,200,3,1,EPR1750,0.085
03,03-nuclear-reactor-hierarchical-uncertain,strict,200,3,1,AP1000,0.595
03,03-nuclear-reactor-hierarchical-uncertain,strict,200,3,1,BWRX300,0.0
03,03-nuclear-reactor-hierarchical-uncertain,strict,200,3,1,RollsRoyceSMR,0.075
03,03-nuclear-reactor-hierarchical-uncertain,strict,200,3,1,NuScaleVOYGR6,0.17
03,03-nuclear-reactor-hierarchical-uncertain,strict,200,3,2,APR1400,0.01
03,03-nuclear-reactor-hierarchical-uncertain,strict,200,3,2,EPR1750,0.225
03,03-nuclear-reactor-hierarchical-uncertain,strict,200,3,2,AP1000,0.765
03,03-nuclear-reactor-hierarchical-uncertain,strict,200,3,2,BWRX300,0.0
03,03-nuclear-reactor-hierarchical-uncertain,strict,200,3,2,RollsRoyceSMR,0.0
03,03-nuclear-reactor-hierarchical-uncertain,strict,200,3,2,NuScaleVOYGR6,0.0
03,03-nuclear-reactor-hierarchical-uncertain,strict,200,4,0,APR1400,0.01
03,03-nuclear-reactor-hierarchical-uncertain,strict,200,4,0,EPR1750,0.795
03,03-nuclear-reactor-hierarchical-uncertain,strict,200,4,0,AP1000,0.095
03,03-nuclear-reactor-hierarchical-uncertain,strict,200,4,0,BWRX300,0.075
03,03-nuclear-reactor-hierarchical-uncertain,strict,200,4,0,RollsRoyceSMR,0.025
03,03-nuclear-reactor-hierarchical-uncertain,strict,200,4,0,NuScaleVOYGR6,0.0
03,03-nuclear-reactor-hierarchical-uncertain,strict,200,4,1,APR1400,0.06
03,03-nuclear-reactor-hierarchical-uncertain,strict,200,4,1,EPR1750,0.08
03,03-nuclear-reactor-hierarchical-uncertain,strict,200,4,1,AP1000,0.575
03,03-nuclear-reactor-hierarchical-uncertain,strict,200,4,1,BWRX300,0.0
03,03-nuclear-reactor-hierarchical-uncertain,strict,200,4,1,RollsRoyceSMR,0.07
03,03-nuclear-reactor-hierarchical-uncertain,strict,200,4,1,NuScaleVOYGR6,0.215
03,03-nuclear-reactor-hierarchical-uncertain,strict,200,4,2,APR1400,0.005
03,03-nuclear-reactor-hierarchical-uncertain,strict,200,4,2,EPR1750,0.225
03,03-nuclear-reactor-hierarchical-uncertain,strict,200,4,2,AP1000,0.77
03,03-nuclear-reactor-hierarchical-uncertain,strict,200,4,2,BWRX300,0.0
03,03-nuclear-reactor-hierarchical-uncertain,strict,200,4,2,RollsRoyceSMR,0.0
03,03-nuclear-reactor-hierarchical-uncertain,strict,200,4,2,NuScaleVOYGR6,0.0
03,03-nuclear-reactor-hierarchical-uncertain,strict,500,0,0,APR1400,0.014
03,03-nuclear-reactor-hierarchical-uncertain,strict,500,0,0,EPR1750,0.77
03,03-nuclear-reactor-hierarchical-uncertain,strict,500,0,0,AP1000,0.084
03,03-nuclear-reactor-hierarchical-uncertain,strict,500,0,0,BWRX300,0.098
03,03-nuclear-reactor-hierarchical-uncertain,strict,500,0,0,RollsRoyceSMR,0.032
03,03-nuclear-reactor-hierarchical-uncertain,strict,500,0,0,NuScaleVOYGR6,0.002
03,03-nuclear-reactor-hierarchical-uncertain,strict,500,0,1,APR1400,0.066
03,03-nuclear-reactor-hierarchical-uncertain,strict,500,0,1,EPR1750,0.09
03,03-nuclear-reactor-hierarchical-uncertain,strict,500,0,1,AP1000,0.624
03,03-nuclear-reactor-hierarchical-uncertain,strict,500,0,1,BWRX300,0.0
03,03-nuclear-reactor-hierarchical-uncertain,strict,500,0,1,RollsRoyceSMR,0.046
03,03-nuclear-reactor-hierarchical-uncertain,strict,500,0,1,NuScaleVOYGR6,0.174
03,03-nuclear-reactor-hierarchical-uncertain,strict,500,0,2,APR1400,0.022
03,03-nuclear-reactor-hierarchical-uncertain,strict,500,0,2,EPR1750,0.222
03,03-nuclear-reactor-hierarchical-uncertain,strict,500,0,2,AP1000,0.756
03,03-nuclear-reactor-hierarchical-uncertain,strict,500,0,2,BWRX300,0.0
03,03-nuclear-reactor-hierarchical-uncertain,strict,500,0,2,RollsRoyceSMR,0.0
03,03-nuclear-reactor-hierarchical-uncertain,strict,500,0,2,NuScaleVOYGR6,0.0
03,03-nuclear-reactor-hierarchical-uncertain,strict,500,1,0,APR1400,0.012
03,03-nuclear-reactor-hierarchical-uncertain,strict,500,1,0,EPR1750,0.798
03,03-nuclear-reactor-hierarchical-uncertain,strict,500,1,0,AP1000,0.074
03,03-nuclear-reactor-hierarchical-uncertain,strict,500,1,0,BWRX300,0.094
03,03-nuclear-reactor-hierarchical-uncertain,strict,500,1,0,RollsRoyceSMR,0.022
03,03-nuclear-reactor-hierarchical-uncertain,strict,500,1,0,NuScaleVOYGR6,0.0
03,03-nuclear-reactor-hierarchical-uncertain,strict,500,1,1,APR1400,0.07
03,03-nuclear-reactor-hierarchical-uncertain,strict,500,1,1,EPR1750,0.094
03,03-nuclear-reactor-hierarchical-uncertain,strict,500,1,1,AP1000,0.536
03,03-nuclear-reactor-hierarchical-uncertain,strict,500,1,1,BWRX300,0.0
03,03-nuclear-reactor-hierarchical-uncertain,strict,500,1,1,RollsRoyceSMR,0.068
03,03-nuclear-reactor-hierarchical-uncertain,strict,500,1,1,NuScaleVOYGR6,0.232
03,03-nuclear-reactor-hierarchical-uncertain,strict,500,1,2,APR1400,0.01
03,03-nuclear-reactor-hierarchical-uncertain,strict,500,1,2,EPR1750,0.21
03,03-nuclear-reactor-hierarchical-uncertain,strict,500,1,2,AP1000,0.78
03,03-nuclear-reactor-hierarchical-uncertain,strict,500,1,2,BWRX300,0.0
03,03-nuclear-reactor-hierarchical-uncertain,strict,500,1,2,RollsRoyceSMR,0.0
03,03-nuclear-reactor-hierarchical-uncertain,strict,500,1,2,NuScaleVOYGR6,0.0
03,03-nuclear-reactor-hierarchical-uncertain,strict,500,2,0,APR1400,0.004
03,03-nuclear-reactor-hierarchical-uncertain,strict,500,2,0,EPR1750,0.816
03,03-nuclear-reactor-hierarchical-uncertain,strict,500,2,0,AP1000,0.078
03,03-nuclear-reactor-hierarchical-uncertain,strict,500,2,0,BWRX300,0.084
03,03-nuclear-reactor-hierarchical-uncertain,strict,500,2,0,RollsRoyceSMR,0.018
03,03-nuclear-reactor-hierarchical-uncertain,strict,500,2,0,NuScaleVOYGR6,0.0
03,03-nuclear-reactor-hierarchical-uncertain,strict,500,2,1,APR1400,0.072
03,03-nuclear-reactor-hierarchical-uncertain,strict,500,2,1,EPR1750,0.088
03,03-nuclear-reactor-hierarchical-uncertain,strict,500,2,1,AP1000,0.578
03,03-nuclear-reactor-hierarchical-uncertain,strict,500,2,1,BWRX300,0.0
03,03-nuclear-reactor-hierarchical-uncertain,strict,500,2,1,RollsRoyceSMR,0.058
03,03-nuclear-reactor-hierarchical-uncertain,strict,500,2,1,NuScaleVOYGR6,0.204
03,03-nuclear-reactor-hierarchical-uncertain,strict,500,2,2,APR1400,0.016
03,03-nuclear-reactor-hierarchical-uncertain,strict,500,2,2,EPR1750,0.212
03,03-nuclear-reactor-hierarchical-uncertain,strict,500,2,2,AP1000,0.772
03,03-nuclear-reactor-hierarchical-uncertain,strict,500,2,2,BWRX300,0.0
03,03-nuclear-reactor-hierarchical-uncertain,strict,500,2,2,RollsRoyceSMR,0.0
03,03-nuclear-reactor-hierarchical-uncertain,strict,500,2,2,NuScaleVOYGR6,0.0
03,03-nuclear-reactor-hierarchical-uncertain,strict,500,3,0,APR1400,0.012
03,03-nuclear-reactor-hierarchical-uncertain,strict,500,3,0,EPR1750,0.792
03,03-nuclear-reactor-hierarchical-uncertain,strict,500,3,0,AP1000,0.072
03,03-nuclear-reactor-hierarchical-uncertain,strict,500,3,0,BWRX300,0.098
03,03-nuclear-reactor-hierarchical-uncertain,strict,500,3,0,RollsRoyceSMR,0.026
03,03-nuclear-reactor-hierarchical-uncertain,strict,500,3,0,NuScaleVOYGR6,0.0
03,03-nuclear-reactor-hierarchical-uncertain,strict,500,3,1,APR1400,0.062
03,03-nuclear-reactor-hierarchical-uncertain,strict,500,3,1,EPR1750,0.086
03,03-nuclear-reactor-hierarchical-uncertain,strict,500,3,1,AP1000,0.61
03,03-nuclear-reactor-hierarchical-uncertain,strict,500,3,1,BWRX300,0.0
03,03-nuclear-reactor-hierarchical-uncertain,strict,500,3,1,RollsRoyceSMR,0.046
03,03-nuclear-reactor-hierarchical-uncertain,strict,500,3,1,NuScaleVOYGR6,0.196
03,03-nuclear-reactor-hierarchical-uncertain,strict,500,3,2,APR1400,0.006
03,03-nuclear-reactor-hierarchical-uncertain,strict,500,3,2,EPR1750,0.19
03,03-nuclear-reactor-hierarchical-uncertain,strict,500,3,2,AP1000,0.804
03,03-nuclear-reactor-hierarchical-uncertain,strict,500,3,2,BWRX300,0.0
03,03-nuclear-reactor-hierarchical-uncertain,strict,500,3,2,RollsRoyceSMR,0.0
03,03-nuclear-reactor-hierarchical-uncertain,strict,500,3,2,NuScaleVOYGR6,0.0
03,03-nuclear-reactor-hierarchical-uncertain,strict,500,4,0,APR1400,0.008
03,03-nuclear-reactor-hierarchical-uncertain,strict,500,4,0,EPR1750,0.82
03,03-nuclear-reactor-hierarchical-uncertain,strict,500,4,0,AP1000,0.084
03,03-nuclear-reactor-hierarchical-uncertain,strict,500,4,0,BWRX300,0.058
03,03-nuclear-reactor-hierarchical-uncertain,strict,500,4,0,RollsRoyceSMR,0.03
03,03-nuclear-reactor-hierarchical-uncertain,strict,500,4,0,NuScaleVOYGR6,0.0
03,03-nuclear-reactor-hierarchical-uncertain,strict,500,4,1,APR1400,0.066
03,03-nuclear-reactor-hierarchical-uncertain,strict,500,4,1,EPR1750,0.094
03,03-nuclear-reactor-hierarchical-uncertain,strict,500,4,1,AP1000,0.586
03,03-nuclear-reactor-hierarchical-uncertain,strict,500,4,1,BWRX300,0.0
03,03-nuclear-reactor-hierarchical-uncertain,strict,500,4,1,RollsRoyceSMR,0.044
03,03-nuclear-reactor-hierarchical-uncertain,strict,500,4,1,NuScaleVOYGR6,0.21
03,03-nuclear-reactor-hierarchical-uncertain,strict,500,4,2,APR1400,0.006
03,03-nuclear-reactor-hierarchical-uncertain,strict,500,4,2,EPR1750,0.234
03,03-nuclear-reactor-hierarchical-uncertain,strict,500,4,2,AP1000,0.76
03,03-nuclear-reactor-hierarchical-uncertain,strict,500,4,2,BWRX300,0.0
03,03-nuclear-reactor-hierarchical-uncertain,strict,500,4,2,RollsRoyceSMR,0.0
03,03-nuclear-reactor-hierarchical-uncertain,strict,500,4,2,NuScaleVOYGR6,0.0
03,03-nuclear-reactor-hierarchical-uncertain,strict,1000,0,0,APR1400,0.011
03,03-nuclear-reactor-hierarchical-uncertain,strict,1000,0,0,EPR1750,0.81
03,03-nuclear-reactor-hierarchical-uncertain,strict,1000,0,0,AP1000,0.059
03,03-nuclear-reactor-hierarchical-uncertain,strict,1000,0,0,BWRX300,0.096
03,03-nuclear-reactor-hierarchical-uncertain,strict,1000,0,0,RollsRoyceSMR,0.024
03,03-nuclear-reactor-hierarchical-uncertain,strict,1000,0,0,NuScaleVOYGR6,0.0
03,03-nuclear-reactor-hierarchical-uncertain,strict,1000,0,1,APR1400,0.067
03,03-nuclear-reactor-hierarchical-uncertain,strict,1000,0,1,EPR1750,0.08
03,03-nuclear-reactor-hierarchical-uncertain,strict,1000,0,1,AP1000,0.599
03,03-nuclear-reactor-hierarchical-uncertain,strict,1000,0,1,BWRX300,0.0
03,03-nuclear-reactor-hierarchical-uncertain,strict,1000,0,1,RollsRoyceSMR,0.046
03,03-nuclear-reactor-hierarchical-uncertain,strict,1000,0,1,NuScaleVOYGR6,0.208
03,03-nuclear-reactor-hierarchical-uncertain,strict,1000,0,2,APR1400,0.014
03,03-nuclear-reactor-hierarchical-uncertain,strict,1000,0,2,EPR1750,0.193
03,03-nuclear-reactor-hierarchical-uncertain,strict,1000,0,2,AP1000,0.793
03,03-nuclear-reactor-hierarchical-uncertain,strict,1000,0,2,BWRX300,0.0
03,03-nuclear-reactor-hierarchical-uncertain,strict,1000,0,2,RollsRoyceSMR,0.0
03,03-nuclear-reactor-hierarchical-uncertain,strict,1000,0,2,NuScaleVOYGR6,0.0
03,03-nuclear-reactor-hierarchical-uncertain,strict,1000,1,0,APR1400,0.012
03,03-nuclear-reactor-hierarchical-uncertain,strict,1000,1,0,EPR1750,0.801
03,03-nuclear-reactor-hierarchical-uncertain,strict,1000,1,0,AP1000,0.061
03,03-nuclear-reactor-hierarchical-uncertain,strict,1000,1,0,BWRX300,0.088
03,03-nuclear-reactor-hierarchical-uncertain,strict,1000,1,0,RollsRoyceSMR,0.038
03,03-nuclear-reactor-hierarchical-uncertain,strict,1000,1,0,NuScaleVOYGR6,0.0
03,03-nuclear-reactor-hierarchical-uncertain,strict,1000,1,1,APR1400,0.065
03,03-nuclear-reactor-hierarchical-uncertain,strict,1000,1,1,EPR1750,0.085
03,03-nuclear-reactor-hierarchical-uncertain,strict,1000,1,1,AP1000,0.605
03,03-nuclear-reactor-hierarchical-uncertain,strict,1000,1,1,BWRX300,0.0
03,03-nuclear-reactor-hierarchical-uncertain,strict,1000,1,1,RollsRoyceSMR,0.045
03,03-nuclear-reactor-hierarchical-uncertain,strict,1000,1,1,NuScaleVOYGR6,0.2
03,03-nuclear-reactor-hierarchical-uncertain,strict,1000,1,2,APR1400,0.011
03,03-nuclear-reactor-hierarchical-uncertain,strict,1000,1,2,EPR1750,0.193
03,03-nuclear-reactor-hierarchical-uncertain,strict,1000,1,2,AP1000,0.796
03,03-nuclear-reactor-hierarchical-uncertain,strict,1000,1,2,BWRX300,0.0
03,03-nuclear-reactor-hierarchical-uncertain,strict,1000,1,2,RollsRoyceSMR,0.0
03,03-nuclear-reactor-hierarchical-uncertain,strict,1000,1,2,NuScaleVOYGR6,0.0
03,03-nuclear-reactor-hierarchical-uncertain,strict,1000,2,0,APR1400,0.017
03,03-nuclear-reactor-hierarchical-uncertain,strict,1000,2,0,EPR1750,0.805
03,03-nuclear-reactor-hierarchical-uncertain,strict,1000,2,0,AP1000,0.068
03,03-nuclear-reactor-hierarchical-uncertain,strict,1000,2,0,BWRX300,0.082
03,03-nuclear-reactor-hierarchical-uncertain,strict,1000,2,0,RollsRoyceSMR,0.027
03,03-nuclear-reactor-hierarchical-uncertain,strict,1000,2,0,NuScaleVOYGR6,0.001
03,03-nuclear-reactor-hierarchical-uncertain,strict,1000,2,1,APR1400,0.066
03,03-nuclear-reactor-hierarchical-uncertain,strict,1000,2,1,EPR1750,0.079
03,03-nuclear-reactor-hierarchical-uncertain,strict,1000,2,1,AP1000,0.59
03,03-nuclear-reactor-hierarchical-uncertain,strict,1000,2,1,BWRX300,0.0
03,03-nuclear-reactor-hierarchical-uncertain,strict,1000,2,1,RollsRoyceSMR,0.053
03,03-nuclear-reactor-hierarchical-uncertain,strict,1000,2,1,NuScaleVOYGR6,0.212
03,03-nuclear-reactor-hierarchical-uncertain,strict,1000,2,2,APR1400,0.009
03,03-nuclear-reactor-hierarchical-uncertain,strict,1000,2,2,EPR1750,0.199
03,03-nuclear-reactor-hierarchical-uncertain,strict,1000,2,2,AP1000,0.792
03,03-nuclear-reactor-hierarchical-uncertain,strict,1000,2,2,BWRX300,0.0
03,03-nuclear-reactor-hierarchical-uncertain,strict,1000,2,2,RollsRoyceSMR,0.0
03,03-nuclear-reactor-hierarchical-uncertain,strict,1000,2,2,NuScaleVOYGR6,0.0
03,03-nuclear-reactor-hierarchical-uncertain,strict,1000,3,0,APR1400,0.007
03,03-nuclear-reactor-hierarchical-uncertain,strict,1000,3,0,EPR1750,0.803
03,03-nuclear-reactor-hierarchical-uncertain,strict,1000,3,0,AP1000,0.07
03,03-nuclear-reactor-hierarchical-uncertain,strict,1000,3,0,BWRX300,0.095
03,03-nuclear-reactor-hierarchical-uncertain,strict,1000,3,0,RollsRoyceSMR,0.025
03,03-nuclear-reactor-hierarchical-uncertain,strict,1000,3,0,NuScaleVOYGR6,0.0
03,03-nuclear-reactor-hierarchical-uncertain,strict,1000,3,1,APR1400,0.074
03,03-nuclear-reactor-hierarchical-uncertain,strict,1000,3,1,EPR1750,0.087
03,03-nuclear-reactor-hierarchical-uncertain,strict,1000,3,1,AP1000,0.59
03,03-nuclear-reactor-hierarchical-uncertain,strict,1000,3,1,BWRX300,0.0
03,03-nuclear-reactor-hierarchical-uncertain,strict,1000,3,1,RollsRoyceSMR,0.047
03,03-nuclear-reactor-hierarchical-uncertain,strict,1000,3,1,NuScaleVOYGR6,0.202
03,03-nuclear-reactor-hierarchical-uncertain,strict,1000,3,2,APR1400,0.005
03,03-nuclear-reactor-hierarchical-uncertain,strict,1000,3,2,EPR1750,0.203
03,03-nuclear-reactor-hierarchical-uncertain,strict,1000,3,2,AP1000,0.792
03,03-nuclear-reactor-hierarchical-uncertain,strict,1000,3,2,BWRX300,0.0
03,03-nuclear-reactor-hierarchical-uncertain,strict,1000,3,2,RollsRoyceSMR,0.0
03,03-nuclear-reactor-hierarchical-uncertain,strict,1000,3,2,NuScaleVOYGR6,0.0
03,03-nuclear-reactor-hierarchical-uncertain,strict,1000,4,0,APR1400,0.012
03,03-nuclear-reactor-hierarchical-uncertain,strict,1000,4,0,EPR1750,0.819
03,03-nuclear-reactor-hierarchical-uncertain,strict,1000,4,0,AP1000,0.06
03,03-nuclear-reactor-hierarchical-uncertain,strict,1000,4,0,BWRX300,0.08
03,03-nuclear-reactor-hierarchical-uncertain,strict,1000,4,0,RollsRoyceSMR,0.029
03,03-nuclear-reactor-hierarchical-uncertain,strict,1000,4,0,NuScaleVOYGR6,0.0
03,03-nuclear-reactor-hierarchical-uncertain,strict,1000,4,1,APR1400,0.072
03,03-nuclear-reactor-hierarchical-uncertain,strict,1000,4,1,EPR1750,0.081
03,03-nuclear-reactor-hierarchical-uncertain,strict,1000,4,1,AP1000,0.579
03,03-nuclear-reactor-hierarchical-uncertain,strict,1000,4,1,BWRX300,0.0
03,03-nuclear-reactor-hierarchical-uncertain,strict,1000,4,1,RollsRoyceSMR,0.065
03,03-nuclear-reactor-hierarchical-uncertain,strict,1000,4,1,NuScaleVOYGR6,0.203
03,03-nuclear-reactor-hierarchical-uncertain,strict,1000,4,2,APR1400,0.01
03,03-nuclear-reactor-hierarchical-uncertain,strict,1000,4,2,EPR1750,0.217
03,03-nuclear-reactor-hierarchical-uncertain,strict,1000,4,2,AP1000,0.773
03,03-nuclear-reactor-hierarchical-uncertain,strict,1000,4,2,BWRX300,0.0
03,03-nuclear-reactor-hierarchical-uncertain,strict,1000,4,2,RollsRoyceSMR,0.0
03,03-nuclear-reactor-hierarchical-uncertain,strict,1000,4,2,NuScaleVOYGR6,0.0
03,03-nuclear-reactor-hierarchical-uncertain,strict,2000,0,0,APR1400,0.0095
03,03-nuclear-reactor-hierarchical-uncertain,strict,2000,0,0,EPR1750,0.801
03,03-nuclear-reactor-hierarchical-uncertain,strict,2000,0,0,AP1000,0.0675
03,03-nuclear-reactor-hierarchical-uncertain,strict,2000,0,0,BWRX300,0.0975
03,03-nuclear-reactor-hierarchical-uncertain,strict,2000,0,0,RollsRoyceSMR,0.024
03,03-nuclear-reactor-hierarchical-uncertain,strict,2000,0,0,NuScaleVOYGR6,0.0005
03,03-nuclear-reactor-hierarchical-uncertain,strict,2000,0,1,APR1400,0.0745
03,03-nuclear-reactor-hierarchical-uncertain,strict,2000,0,1,EPR1750,0.0845
03,03-nuclear-reactor-hierarchical-uncertain,strict,2000,0,1,AP1000,0.5815
03,03-nuclear-reactor-hierarchical-uncertain,strict,2000,0,1,BWRX300,0.0
03,03-nuclear-reactor-hierarchical-uncertain,strict,2000,0,1,RollsRoyceSMR,0.06
03,03-nuclear-reactor-hierarchical-uncertain,strict,2000,0,1,NuScaleVOYGR6,0.1995
03,03-nuclear-reactor-hierarchical-uncertain,strict,2000,0,2,APR1400,0.008
03,03-nuclear-reactor-hierarchical-uncertain,strict,2000,0,2,EPR1750,0.207
03,03-nuclear-reactor-hierarchical-uncertain,strict,2000,0,2,AP1000,0.7845
03,03-nuclear-reactor-hierarchical-uncertain,strict,2000,0,2,BWRX300,0.0005
03,03-nuclear-reactor-hierarchical-uncertain,strict,2000,0,2,RollsRoyceSMR,0.0
03,03-nuclear-reactor-hierarchical-uncertain,strict,2000,0,2,NuScaleVOYGR6,0.0
03,03-nuclear-reactor-hierarchical-uncertain,strict,2000,1,0,APR1400,0.0175
03,03-nuclear-reactor-hierarchical-uncertain,strict,2000,1,0,EPR1750,0.785
03,03-nuclear-reactor-hierarchical-uncertain,strict,2000,1,0,AP1000,0.0685
03,03-nuclear-reactor-hierarchical-uncertain,strict,2000,1,0,BWRX300,0.1025
03,03-nuclear-reactor-hierarchical-uncertain,strict,2000,1,0,RollsRoyceSMR,0.0265
03,03-nuclear-reactor-hierarchical-uncertain,strict,2000,1,0,NuScaleVOYGR6,0.0
03,03-nuclear-reactor-hierarchical-uncertain,strict,2000,1,1,APR1400,0.074
03,03-nuclear-reactor-hierarchical-uncertain,strict,2000,1,1,EPR1750,0.0925
03,03-nuclear-reactor-hierarchical-uncertain,strict,2000,1,1,AP1000,0.585
03,03-nuclear-reactor-hierarchical-uncertain,strict,2000,1,1,BWRX300,0.0
03,03-nuclear-reactor-hierarchical-uncertain,strict,2000,1,1,RollsRoyceSMR,0.053
03,03-nuclear-reactor-hierarchical-uncertain,strict,2000,1,1,NuScaleVOYGR6,0.1955
03,03-nuclear-reactor-hierarchical-uncertain,strict,2000,1,2,APR1400,0.0125
03,03-nuclear-reactor-hierarchical-uncertain,strict,2000,1,2,EPR1750,0.1945
03,03-nuclear-reactor-hierarchical-uncertain,strict,2000,1,2,AP1000,0.792
03,03-nuclear-reactor-hierarchical-uncertain,strict,2000,1,2,BWRX300,0.001
03,03-nuclear-reactor-hierarchical-uncertain,strict,2000,1,2,RollsRoyceSMR,0.0
03,03-nuclear-reactor-hierarchical-uncertain,strict,2000,1,2,NuScaleVOYGR6,0.0
03,03-nuclear-reactor-hierarchical-uncertain,strict,2000,2,0,APR1400,0.0135
03,03-nuclear-reactor-hierarchical-uncertain,strict,2000,2,0,EPR1750,0.796
03,03-nuclear-reactor-hierarchical-uncertain,strict,2000,2,0,AP1000,0.072
03,03-nuclear-reactor-hierarchical-uncertain,strict,2000,2,0,BWRX300,0.091
03,03-nuclear-reactor-hierarchical-uncertain,strict,2000,2,0,RollsRoyceSMR,0.027
03,03-nuclear-reactor-hierarchical-uncertain,strict,2000,2,0,NuScaleVOYGR6,0.0005
03,03-nuclear-reactor-hierarchical-uncertain,strict,2000,2,1,APR1400,0.0595
03,03-nuclear-reactor-hierarchical-uncertain,strict,2000,2,1,EPR1750,0.083
03,03-nuclear-reactor-hierarchical-uncertain,strict,2000,2,1,AP1000,0.5965
03,03-nuclear-reactor-hierarchical-uncertain,strict,2000,2,1,BWRX300,0.0
03,03-nuclear-reactor-hierarchical-uncertain,strict,2000,2,1,RollsRoyceSMR,0.058
03,03-nuclear-reactor-hierarchical-uncertain,strict,2000,2,1,NuScaleVOYGR6,0.203
03,03-nuclear-reactor-hierarchical-uncertain,strict,2000,2,2,APR1400,0.0135
03,03-nuclear-reactor-hierarchical-uncertain,strict,2000,2,2,EPR1750,0.1975
03,03-nuclear-reactor-hierarchical-uncertain,strict,2000,2,2,AP1000,0.789
03,03-nuclear-reactor-hierarchical-uncertain,strict,2000,2,2,BWRX300,0.0
03,03-nuclear-reactor-hierarchical-uncertain,strict,2000,2,2,RollsRoyceSMR,0.0
03,03-nuclear-reactor-hierarchical-uncertain,strict,2000,2,2,NuScaleVOYGR6,0.0
03,03-nuclear-reactor-hierarchical-uncertain,strict,2000,3,0,APR1400,0.012
03,03-nuclear-reactor-hierarchical-uncertain,strict,2000,3,0,EPR1750,0.8035
03,03-nuclear-reactor-hierarchical-uncertain,strict,2000,3,0,AP1000,0.063
03,03-nuclear-reactor-hierarchical-uncertain,strict,2000,3,0,BWRX300,0.0945
03,03-nuclear-reactor-hierarchical-uncertain,strict,2000,3,0,RollsRoyceSMR,0.027
03,03-nuclear-reactor-hierarchical-uncertain,strict,2000,3,0,NuScaleVOYGR6,0.0
03,03-nuclear-reactor-hierarchical-uncertain,strict,2000,3,1,APR1400,0.071
03,03-nuclear-reactor-hierarchical-uncertain,strict,2000,3,1,EPR1750,0.0845
03,03-nuclear-reactor-hierarchical-uncertain,strict,2000,3,1,AP1000,0.584
03,03-nuclear-reactor-hierarchical-uncertain,strict,2000,3,1,BWRX300,0.0
03,03-nuclear-reactor-hierarchical-uncertain,strict,2000,3,1,RollsRoyceSMR,0.054
03,03-nuclear-reactor-hierarchical-uncertain,strict,2000,3,1,NuScaleVOYGR6,0.2065
03,03-nuclear-reactor-hierarchical-uncertain,strict,2000,3,2,APR1400,0.0135
03,03-nuclear-reactor-hierarchical-uncertain,strict,2000,3,2,EPR1750,0.2305
03,03-nuclear-reactor-hierarchical-uncertain,strict,2000,3,2,AP1000,0.756
03,03-nuclear-reactor-hierarchical-uncertain,strict,2000,3,2,BWRX300,0.0
03,03-nuclear-reactor-hierarchical-uncertain,strict,2000,3,2,RollsRoyceSMR,0.0
03,03-nuclear-reactor-hierarchical-uncertain,strict,2000,3,2,NuScaleVOYGR6,0.0
03,03-nuclear-reactor-hierarchical-uncertain,strict,2000,4,0,APR1400,0.0145
03,03-nuclear-reactor-hierarchical-uncertain,strict,2000,4,0,EPR1750,0.8135
03,03-nuclear-reactor-hierarchical-uncertain,strict,2000,4,0,AP1000,0.061
03,03-nuclear-reactor-hierarchical-uncertain,strict,2000,4,0,BWRX300,0.0855
03,03-nuclear-reactor-hierarchical-uncertain,strict,2000,4,0,RollsRoyceSMR,0.025
03,03-nuclear-reactor-hierarchical-uncertain,strict,2000,4,0,NuScaleVOYGR6,0.0005
03,03-nuclear-reactor-hierarchical-uncertain,strict,2000,4,1,APR1400,0.07
03,03-nuclear-reactor-hierarchical-uncertain,strict,2000,4,1,EPR1750,0.091
03,03-nuclear-reactor-hierarchical-uncertain,strict,2000,4,1,AP1000,0.5685
03,03-nuclear-reactor-hierarchical-uncertain,strict,2000,4,1,BWRX300,0.0
03,03-nuclear-reactor-hierarchical-uncertain,strict,2000,4,1,RollsRoyceSMR,0.0665
03,03-nuclear-reactor-hierarchical-uncertain,strict,2000,4,1,NuScaleVOYGR6,0.204
03,03-nuclear-reactor-hierarchical-uncertain,strict,2000,4,2,APR1400,0.0075
03,03-nuclear-reactor-hierarchical-uncertain,strict,2000,4,2,EPR1750,0.2165
03,03-nuclear-reactor-hierarchical-uncertain,strict,2000,4,2,AP1000,0.776
03,03-nuclear-reactor-hierarchical-uncertain,strict,2000,4,2,BWRX300,0.0
03,03-nuclear-reactor-hierarchical-uncertain,strict,2000,4,2,RollsRoyceSMR,0.0
03,03-nuclear-reactor-hierarchical-uncertain,strict,2000,4,2,NuScaleVOYGR6,0.0
03,03-nuclear-reactor-hierarchical-uncertain,strict,5000,0,0,APR1400,0.0124
03,03-nuclear-reactor-hierarchical-uncertain,strict,5000,0,0,EPR1750,0.8018
03,03-nuclear-reactor-hierarchical-uncertain,strict,5000,0,0,AP1000,0.0728
03,03-nuclear-reactor-hierarchical-uncertain,strict,5000,0,0,BWRX300,0.0862
03,03-nuclear-reactor-hierarchical-uncertain,strict,5000,0,0,RollsRoyceSMR,0.0268
03,03-nuclear-reactor-hierarchical-uncertain,strict,5000,0,0,NuScaleVOYGR6,0.0
03,03-nuclear-reactor-hierarchical-uncertain,strict,5000,0,1,APR1400,0.073
03,03-nuclear-reactor-hierarchical-uncertain,strict,5000,0,1,EPR1750,0.0942
03,03-nuclear-reactor-hierarchical-uncertain,strict,5000,0,1,AP1000,0.5748
03,03-nuclear-reactor-hierarchical-uncertain,strict,5000,0,1,BWRX300,0.0
03,03-nuclear-reactor-hierarchical-uncertain,strict,5000,0,1,RollsRoyceSMR,0.0512
03,03-nuclear-reactor-hierarchical-uncertain,strict,5000,0,1,NuScaleVOYGR6,0.2068
03,03-nuclear-reactor-hierarchical-uncertain,strict,5000,0,2,APR1400,0.0086
03,03-nuclear-reactor-hierarchical-uncertain,strict,5000,0,2,EPR1750,0.2076
03,03-nuclear-reactor-hierarchical-uncertain,strict,5000,0,2,AP1000,0.7834
03,03-nuclear-reactor-hierarchical-uncertain,strict,5000,0,2,BWRX300,0.0004
03,03-nuclear-reactor-hierarchical-uncertain,strict,5000,0,2,RollsRoyceSMR,0.0
03,03-nuclear-reactor-hierarchical-uncertain,strict,5000,0,2,NuScaleVOYGR6,0.0
03,03-nuclear-reactor-hierarchical-uncertain,strict,5000,1,0,APR1400,0.0108
03,03-nuclear-reactor-hierarchical-uncertain,strict,5000,1,0,EPR1750,0.8002
03,03-nuclear-reactor-hierarchical-uncertain,strict,5000,1,0,AP1000,0.0696
03,03-nuclear-reactor-hierarchical-uncertain,strict,5000,1,0,BWRX300,0.092
03,03-nuclear-reactor-hierarchical-uncertain,strict,5000,1,0,RollsRoyceSMR,0.027
03,03-nuclear-reactor-hierarchical-uncertain,strict,5000,1,0,NuScaleVOYGR6,0.0004
03,03-nuclear-reactor-hierarchical-uncertain,strict,5000,1,1,APR1400,0.0728
03,03-nuclear-reactor-hierarchical-uncertain,strict,5000,1,1,EPR1750,0.0822
03,03-nuclear-reactor-hierarchical-uncertain,strict,5000,1,1,AP1000,0.5836
03,03-nuclear-reactor-hierarchical-uncertain,strict,5000,1,1,BWRX300,0.0
03,03-nuclear-reactor-hierarchical-uncertain,strict,5000,1,1,RollsRoyceSMR,0.056
03,03-nuclear-reactor-hierarchical-uncertain,strict,5000,1,1,NuScaleVOYGR6,0.2054
03,03-nuclear-reactor-hierarchical-uncertain,strict,5000,1,2,APR1400,0.0114
03,03-nuclear-reactor-hierarchical-uncertain,strict,5000,1,2,EPR1750,0.211
03,03-nuclear-reactor-hierarchical-uncertain,strict,5000,1,2,AP1000,0.777
03,03-nuclear-reactor-hierarchical-uncertain,strict,5000,1,2,BWRX300,0.0006
03,03-nuclear-reactor-hierarchical-uncertain,strict,5000,1,2,RollsRoyceSMR,0.0
03,03-nuclear-reactor-hierarchical-uncertain,strict,5000,1,2,NuScaleVOYGR6,0.0
03,03-nuclear-reactor-hierarchical-uncertain,strict,5000,2,0,APR1400,0.0136
03,03-nuclear-reactor-hierarchical-uncertain,strict,5000,2,0,EPR1750,0.8068
03,03-nuclear-reactor-hierarchical-uncertain,strict,5000,2,0,AP1000,0.0642
03,03-nuclear-reactor-hierarchical-uncertain,strict,5000,2,0,BWRX300,0.088
03,03-nuclear-reactor-hierarchical-uncertain,strict,5000,2,0,RollsRoyceSMR,0.0272
03,03-nuclear-reactor-hierarchical-uncertain,strict,5000,2,0,NuScaleVOYGR6,0.0002
03,03-nuclear-reactor-hierarchical-uncertain,strict,5000,2,1,APR1400,0.064
03,03-nuclear-reactor-hierarchical-uncertain,strict,5000,2,1,EPR1750,0.083
03,03-nuclear-reactor-hierarchical-uncertain,strict,5000,2,1,AP1000,0.5914
03,03-nuclear-reactor-hierarchical-uncertain,strict,5000,2,1,BWRX300,0.0
03,03-nuclear-reactor-hierarchical-uncertain,strict,5000,2,1,RollsRoyceSMR,0.0604
03,03-nuclear-reactor-hierarchical-uncertain,strict,5000,2,1,NuScaleVOYGR6,0.2012
03,03-nuclear-reactor-hierarchical-uncertain,strict,5000,2,2,APR1400,0.0128
03,03-nuclear-reactor-hierarchical-uncertain,strict,5000,2,2,EPR1750,0.2108
03,03-nuclear-reactor-hierarchical-uncertain,strict,5000,2,2,AP1000,0.776
03,03-nuclear-reactor-hierarchical-uncertain,strict,5000,2,2,BWRX300,0.0002
03,03-nuclear-reactor-hierarchical-uncertain,strict,5000,2,2,RollsRoyceSMR,0.0002
03,03-nuclear-reactor-hierarchical-uncertain,strict,5000,2,2,NuScaleVOYGR6,0.0
03,03-nuclear-reactor-hierarchical-uncertain,strict,5000,3,0,APR1400,0.012
03,03-nuclear-reactor-hierarchical-uncertain,strict,5000,3,0,EPR1750,0.7988
03,03-nuclear-reactor-hierarchical-uncertain,strict,5000,3,0,AP1000,0.0674
03,03-nuclear-reactor-hierarchical-uncertain,strict,5000,3,0,BWRX300,0.0926
03,03-nuclear-reactor-hierarchical-uncertain,strict,5000,3,0,RollsRoyceSMR,0.0292
03,03-nuclear-reactor-hierarchical-uncertain,strict,5000,3,0,NuScaleVOYGR6,0.0
03,03-nuclear-reactor-hierarchical-uncertain,strict,5000,3,1,APR1400,0.071
03,03-nuclear-reactor-hierarchical-uncertain,strict,5000,3,1,EPR1750,0.0826
03,03-nuclear-reactor-hierarchical-uncertain,strict,5000,3,1,AP1000,0.5882
03,03-nuclear-reactor-hierarchical-uncertain,strict,5000,3,1,BWRX300,0.0
03,03-nuclear-reactor-hierarchical-uncertain,strict,5000,3,1,RollsRoyceSMR,0.0528
03,03-nuclear-reactor-hierarchical-uncertain,strict,5000,3,1,NuScaleVOYGR6,0.2054
03,03-nuclear-reactor-hierarchical-uncertain,strict,5000,3,2,APR1400,0.0124
03,03-nuclear-reactor-hierarchical-uncertain,strict,5000,3,2,EPR1750,0.216
03,03-nuclear-reactor-hierarchical-uncertain,strict,5000,3,2,AP1000,0.7716
03,03-nuclear-reactor-hierarchical-uncertain,strict,5000,3,2,BWRX300,0.0
03,03-nuclear-reactor-hierarchical-uncertain,strict,5000,3,2,RollsRoyceSMR,0.0
03,03-nuclear-reactor-hierarchical-uncertain,strict,5000,3,2,NuScaleVOYGR6,0.0
03,03-nuclear-reactor-hierarchical-uncertain,strict,5000,4,0,APR1400,0.0116
03,03-nuclear-reactor-hierarchical-uncertain,strict,5000,4,0,EPR1750,0.806
03,03-nuclear-reactor-hierarchical-uncertain,strict,5000,4,0,AP1000,0.0646
03,03-nuclear-reactor-hierarchical-uncertain,strict,5000,4,0,BWRX300,0.0868
03,03-nuclear-reactor-hierarchical-uncertain,strict,5000,4,0,RollsRoyceSMR,0.031
03,03-nuclear-reactor-hierarchical-uncertain,strict,5000,4,0,NuScaleVOYGR6,0.0
03,03-nuclear-reactor-hierarchical-uncertain,strict,5000,4,1,APR1400,0.065
03,03-nuclear-reactor-hierarchical-uncertain,strict,5000,4,1,EPR1750,0.0832
03,03-nuclear-reactor-hierarchical-uncertain,strict,5000,4,1,AP1000,0.587
03,03-nuclear-reactor-hierarchical-uncertain,strict,5000,4,1,BWRX300,0.0
03,03-nuclear-reactor-hierarchical-uncertain,strict,5000,4,1,RollsRoyceSMR,0.0638
03,03-nuclear-reactor-hierarchical-uncertain,strict,5000,4,1,NuScaleVOYGR6,0.201
03,03-nuclear-reactor-hierarchical-uncertain,strict,5000,4,2,APR1400,0.0098
03,03-nuclear-reactor-hierarchical-uncertain,strict,5000,4,2,EPR1750,0.2108
03,03-nuclear-reactor-hierarchical-uncertain,strict,5000,4,2,AP1000,0.7794
03,03-nuclear-reactor-hierarchical-uncertain,strict,5000,4,2,BWRX300,0.0
03,03-nuclear-reactor-hierarchical-uncertain,strict,5000,4,2,RollsRoyceSMR,0.0
03,03-nuclear-reactor-hierarchical-uncertain,strict,5000,4,2,NuScaleVOYGR6,0.0
03,03-nuclear-reactor-hierarchical-uncertain,strict,10000,0,0,APR1400,0.0126
03,03-nuclear-reactor-hierarchical-uncertain,strict,10000,0,0,EPR1750,0.8048
03,03-nuclear-reactor-hierarchical-uncertain,strict,10000,0,0,AP1000,0.0635
03,03-nuclear-reactor-hierarchical-uncertain,strict,10000,0,0,BWRX300,0.0926
03,03-nuclear-reactor-hierarchical-uncertain,strict,10000,0,0,RollsRoyceSMR,0.0264
03,03-nuclear-reactor-hierarchical-uncertain,strict,10000,0,0,NuScaleVOYGR6,0.0001
03,03-nuclear-reactor-hierarchical-uncertain,strict,10000,0,1,APR1400,0.0685
03,03-nuclear-reactor-hierarchical-uncertain,strict,10000,0,1,EPR1750,0.0843
03,03-nuclear-reactor-hierarchical-uncertain,strict,10000,0,1,AP1000,0.5819
03,03-nuclear-reactor-hierarchical-uncertain,strict,10000,0,1,BWRX300,0.0
03,03-nuclear-reactor-hierarchical-uncertain,strict,10000,0,1,RollsRoyceSMR,0.056
03,03-nuclear-reactor-hierarchical-uncertain,strict,10000,0,1,NuScaleVOYGR6,0.2093
03,03-nuclear-reactor-hierarchical-uncertain,strict,10000,0,2,APR1400,0.0102
03,03-nuclear-reactor-hierarchical-uncertain,strict,10000,0,2,EPR1750,0.2068
03,03-nuclear-reactor-hierarchical-uncertain,strict,10000,0,2,AP1000,0.7824
03,03-nuclear-reactor-hierarchical-uncertain,strict,10000,0,2,BWRX300,0.0006
03,03-nuclear-reactor-hierarchical-uncertain,strict,10000,0,2,RollsRoyceSMR,0.0
03,03-nuclear-reactor-hierarchical-uncertain,strict,10000,0,2,NuScaleVOYGR6,0.0
03,03-nuclear-reactor-hierarchical-uncertain,strict,10000,1,0,APR1400,0.0127
03,03-nuclear-reactor-hierarchical-uncertain,strict,10000,1,0,EPR1750,0.8083
03,03-nuclear-reactor-hierarchical-uncertain,strict,10000,1,0,AP1000,0.0632
03,03-nuclear-reactor-hierarchical-uncertain,strict,10000,1,0,BWRX300,0.0897
03,03-nuclear-reactor-hierarchical-uncertain,strict,10000,1,0,RollsRoyceSMR,0.026
03,03-nuclear-reactor-hierarchical-uncertain,strict,10000,1,0,NuScaleVOYGR6,0.0001
03,03-nuclear-reactor-hierarchical-uncertain,strict,10000,1,1,APR1400,0.0671
03,03-nuclear-reactor-hierarchical-uncertain,strict,10000,1,1,EPR1750,0.0813
03,03-nuclear-reactor-hierarchical-uncertain,strict,10000,1,1,AP1000,0.5799
03,03-nuclear-reactor-hierarchical-uncertain,strict,10000,1,1,BWRX300,0.0
03,03-nuclear-reactor-hierarchical-uncertain,strict,10000,1,1,RollsRoyceSMR,0.0575
03,03-nuclear-reactor-hierarchical-uncertain,strict,10000,1,1,NuScaleVOYGR6,0.2142
03,03-nuclear-reactor-hierarchical-uncertain,strict,10000,1,2,APR1400,0.0102
03,03-nuclear-reactor-hierarchical-uncertain,strict,10000,1,2,EPR1750,0.2134
03,03-nuclear-reactor-hierarchical-uncertain,strict,10000,1,2,AP1000,0.7764
03,03-nuclear-reactor-hierarchical-uncertain,strict,10000,1,2,BWRX300,0.0
03,03-nuclear-reactor-hierarchical-uncertain,strict,10000,1,2,RollsRoyceSMR,0.0
03,03-nuclear-reactor-hierarchical-uncertain,strict,10000,1,2,NuScaleVOYGR6,0.0
03,03-nuclear-reactor-hierarchical-uncertain,strict,10000,2,0,APR1400,0.0112
03,03-nuclear-reactor-hierarchical-uncertain,strict,10000,2,0,EPR1750,0.8066
03,03-nuclear-reactor-hierarchical-uncertain,strict,10000,2,0,AP1000,0.0674
03,03-nuclear-reactor-hierarchical-uncertain,strict,10000,2,0,BWRX300,0.0892
03,03-nuclear-reactor-hierarchical-uncertain,strict,10000,2,0,RollsRoyceSMR,0.0256
03,03-nuclear-reactor-hierarchical-uncertain,strict,10000,2,0,NuScaleVOYGR6,0.0
03,03-nuclear-reactor-hierarchical-uncertain,strict,10000,2,1,APR1400,0.069
03,03-nuclear-reactor-hierarchical-uncertain,strict,10000,2,1,EPR1750,0.0814
03,03-nuclear-reactor-hierarchical-uncertain,strict,10000,2,1,AP1000,0.5896
03,03-nuclear-reactor-hierarchical-uncertain,strict,10000,2,1,BWRX300,0.0
03,03-nuclear-reactor-hierarchical-uncertain,strict,10000,2,1,RollsRoyceSMR,0.0538
03,03-nuclear-reactor-hierarchical-uncertain,strict,10000,2,1,NuScaleVOYGR6,0.2062
03,03-nuclear-reactor-hierarchical-uncertain,strict,10000,2,2,APR1400,0.0105
03,03-nuclear-reactor-hierarchical-uncertain,strict,10000,2,2,EPR1750,0.215
03,03-nuclear-reactor-hierarchical-uncertain,strict,10000,2,2,AP1000,0.7744
03,03-nuclear-reactor-hierarchical-uncertain,strict,10000,2,2,BWRX300,0.0
03,03-nuclear-reactor-hierarchical-uncertain,strict,10000,2,2,RollsRoyceSMR,0.0001
03,03-nuclear-reactor-hierarchical-uncertain,strict,10000,2,2,NuScaleVOYGR6,0.0
03,03-nuclear-reactor-hierarchical-uncertain,strict,10000,3,0,APR1400,0.0118
03,03-nuclear-reactor-hierarchical-uncertain,strict,10000,3,0,EPR1750,0.809
03,03-nuclear-reactor-hierarchical-uncertain,strict,10000,3,0,AP1000,0.0664
03,03-nuclear-reactor-hierarchical-uncertain,strict,10000,3,0,BWRX300,0.0872
03,03-nuclear-reactor-hierarchical-uncertain,strict,10000,3,0,RollsRoyceSMR,0.0252
03,03-nuclear-reactor-hierarchical-uncertain,strict,10000,3,0,NuScaleVOYGR6,0.0004
03,03-nuclear-reactor-hierarchical-uncertain,strict,10000,3,1,APR1400,0.0664
03,03-nuclear-reactor-hierarchical-uncertain,strict,10000,3,1,EPR1750,0.0861
03,03-nuclear-reactor-hierarchical-uncertain,strict,10000,3,1,AP1000,0.5826
03,03-nuclear-reactor-hierarchical-uncertain,strict,10000,3,1,BWRX300,0.0
03,03-nuclear-reactor-hierarchical-uncertain,strict,10000,3,1,RollsRoyceSMR,0.0529
03,03-nuclear-reactor-hierarchical-uncertain,strict,10000,3,1,NuScaleVOYGR6,0.212
03,03-nuclear-reactor-hierarchical-uncertain,strict,10000,3,2,APR1400,0.0104
03,03-nuclear-reactor-hierarchical-uncertain,strict,10000,3,2,EPR1750,0.2133
03,03-nuclear-reactor-hierarchical-uncertain,strict,10000,3,2,AP1000,0.776
03,03-nuclear-reactor-hierarchical-uncertain,strict,10000,3,2,BWRX300,0.0003
03,03-nuclear-reactor-hierarchical-uncertain,strict,10000,3,2,RollsRoyceSMR,0.0
03,03-nuclear-reactor-hierarchical-uncertain,strict,10000,3,2,NuScaleVOYGR6,0.0
03,03-nuclear-reactor-hierarchical-uncertain,strict,10000,4,0,APR1400,0.0121
03,03-nuclear-reactor-hierarchical-uncertain,strict,10000,4,0,EPR1750,0.7982
03,03-nuclear-reactor-hierarchical-uncertain,strict,10000,4,0,AP1000,0.072
03,03-nuclear-reactor-hierarchical-uncertain,strict,10000,4,0,BWRX300,0.0918
03,03-nuclear-reactor-hierarchical-uncertain,strict,10000,4,0,RollsRoyceSMR,0.0256
03,03-nuclear-reactor-hierarchical-uncertain,strict,10000,4,0,NuScaleVOYGR6,0.0003
03,03-nuclear-reactor-hierarchical-uncertain,strict,10000,4,1,APR1400,0.0672
03,03-nuclear-reactor-hierarchical-uncertain,strict,10000,4,1,EPR1750,0.0845
03,03-nuclear-reactor-hierarchical-uncertain,strict,10000,4,1,AP1000,0.593
03,03-nuclear-reactor-hierarchical-uncertain,strict,10000,4,1,BWRX300,0.0
03,03-nuclear-reactor-hierarchical-uncertain,strict,10000,4,1,RollsRoyceSMR,0.0572
03,03-nuclear-reactor-hierarchical-uncertain,strict,10000,4,1,NuScaleVOYGR6,0.1981
03,03-nuclear-reactor-hierarchical-uncertain,strict,10000,4,2,APR1400,0.0115
03,03-nuclear-reactor-hierarchical-uncertain,strict,10000,4,2,EPR1750,0.2129
03,03-nuclear-reactor-hierarchical-uncertain,strict,10000,4,2,AP1000,0.7752
03,03-nuclear-reactor-hierarchical-uncertain,strict,10000,4,2,BWRX300,0.0004
03,03-nuclear-reactor-hierarchical-uncertain,strict,10000,4,2,RollsRoyceSMR,0.0
03,03-nuclear-reactor-hierarchical-uncertain,strict,10000,4,2,NuScaleVOYGR6,0.0
03,03-nuclear-reactor-hierarchical-uncertain,non_strict,50,0,pooled,APR1400,0.06
03,03-nuclear-reactor-hierarchical-uncertain,non_strict,50,0,pooled,EPR1750,0.36
03,03-nuclear-reactor-hierarchical-uncertain,non_strict,50,0,pooled,AP1000,0.46
03,03-nuclear-reactor-hierarchical-uncertain,non_strict,50,0,pooled,BWRX300,0.04
03,03-nuclear-reactor-hierarchical-uncertain,non_strict,50,0,pooled,RollsRoyceSMR,0.06
03,03-nuclear-reactor-hierarchical-uncertain,non_strict,50,0,pooled,NuScaleVOYGR6,0.02
03,03-nuclear-reactor-hierarchical-uncertain,non_strict,50,1,pooled,APR1400,0.0
03,03-nuclear-reactor-hierarchical-uncertain,non_strict,50,1,pooled,EPR1750,0.38
03,03-nuclear-reactor-hierarchical-uncertain,non_strict,50,1,pooled,AP1000,0.44
03,03-nuclear-reactor-hierarchical-uncertain,non_strict,50,1,pooled,BWRX300,0.0
03,03-nuclear-reactor-hierarchical-uncertain,non_strict,50,1,pooled,RollsRoyceSMR,0.08
03,03-nuclear-reactor-hierarchical-uncertain,non_strict,50,1,pooled,NuScaleVOYGR6,0.1
03,03-nuclear-reactor-hierarchical-uncertain,non_strict,50,2,pooled,APR1400,0.0
03,03-nuclear-reactor-hierarchical-uncertain,non_strict,50,2,pooled,EPR1750,0.56
03,03-nuclear-reactor-hierarchical-uncertain,non_strict,50,2,pooled,AP1000,0.38
03,03-nuclear-reactor-hierarchical-uncertain,non_strict,50,2,pooled,BWRX300,0.02
03,03-nuclear-reactor-hierarchical-uncertain,non_strict,50,2,pooled,RollsRoyceSMR,0.0
03,03-nuclear-reactor-hierarchical-uncertain,non_strict,50,2,pooled,NuScaleVOYGR6,0.04
03,03-nuclear-reactor-hierarchical-uncertain,non_strict,50,3,pooled,APR1400,0.06
03,03-nuclear-reactor-hierarchical-uncertain,non_strict,50,3,pooled,EPR1750,0.42
03,03-nuclear-reactor-hierarchical-uncertain,non_strict,50,3,pooled,AP1000,0.48
03,03-nuclear-reactor-hierarchical-uncertain,non_strict,50,3,pooled,BWRX300,0.02
03,03-nuclear-reactor-hierarchical-uncertain,non_strict,50,3,pooled,RollsRoyceSMR,0.0
03,03-nuclear-reactor-hierarchical-uncertain,non_strict,50,3,pooled,NuScaleVOYGR6,0.02
03,03-nuclear-reactor-hierarchical-uncertain,non_strict,50,4,pooled,APR1400,0.0
03,03-nuclear-reactor-hierarchical-uncertain,non_strict,50,4,pooled,EPR1750,0.54
03,03-nuclear-reactor-hierarchical-uncertain,non_strict,50,4,pooled,AP1000,0.36
03,03-nuclear-reactor-hierarchical-uncertain,non_strict,50,4,pooled,BWRX300,0.0
03,03-nuclear-reactor-hierarchical-uncertain,non_strict,50,4,pooled,RollsRoyceSMR,0.02
03,03-nuclear-reactor-hierarchical-uncertain,non_strict,50,4,pooled,NuScaleVOYGR6,0.08
03,03-nuclear-reactor-hierarchical-uncertain,non_strict,100,0,pooled,APR1400,0.02
03,03-nuclear-reactor-hierarchical-uncertain,non_strict,100,0,pooled,EPR1750,0.53
03,03-nuclear-reactor-hierarchical-uncertain,non_strict,100,0,pooled,AP1000,0.39
03,03-nuclear-reactor-hierarchical-uncertain,non_strict,100,0,pooled,BWRX300,0.04
03,03-nuclear-reactor-hierarchical-uncertain,non_strict,100,0,pooled,RollsRoyceSMR,0.01
03,03-nuclear-reactor-hierarchical-uncertain,non_strict,100,0,pooled,NuScaleVOYGR6,0.01
03,03-nuclear-reactor-hierarchical-uncertain,non_strict,100,1,pooled,APR1400,0.05
03,03-nuclear-reactor-hierarchical-uncertain,non_strict,100,1,pooled,EPR1750,0.4
03,03-nuclear-reactor-hierarchical-uncertain,non_strict,100,1,pooled,AP1000,0.52
03,03-nuclear-reactor-hierarchical-uncertain,non_strict,100,1,pooled,BWRX300,0.0
03,03-nuclear-reactor-hierarchical-uncertain,non_strict,100,1,pooled,RollsRoyceSMR,0.02
03,03-nuclear-reactor-hierarchical-uncertain,non_strict,100,1,pooled,NuScaleVOYGR6,0.01
03,03-nuclear-reactor-hierarchical-uncertain,non_strict,100,2,pooled,APR1400,0.08
03,03-nuclear-reactor-hierarchical-uncertain,non_strict,100,2,pooled,EPR1750,0.44
03,03-nuclear-reactor-hierarchical-uncertain,non_strict,100,2,pooled,AP1000,0.42
03,03-nuclear-reactor-hierarchical-uncertain,non_strict,100,2,pooled,BWRX300,0.02
03,03-nuclear-reactor-hierarchical-uncertain,non_strict,100,2,pooled,RollsRoyceSMR,0.01
03,03-nuclear-reactor-hierarchical-uncertain,non_strict,100,2,pooled,NuScaleVOYGR6,0.03
03,03-nuclear-reactor-hierarchical-uncertain,non_strict,100,3,pooled,APR1400,0.03
03,03-nuclear-reactor-hierarchical-uncertain,non_strict,100,3,pooled,EPR1750,0.48
03,03-nuclear-reactor-hierarchical-uncertain,non_strict,100,3,pooled,AP1000,0.36
03,03-nuclear-reactor-hierarchical-uncertain,non_strict,100,3,pooled,BWRX300,0.04
03,03-nuclear-reactor-hierarchical-uncertain,non_strict,100,3,pooled,RollsRoyceSMR,0.04
03,03-nuclear-reactor-hierarchical-uncertain,non_strict,100,3,pooled,NuScaleVOYGR6,0.05
03,03-nuclear-reactor-hierarchical-uncertain,non_strict,100,4,pooled,APR1400,0.03
03,03-nuclear-reactor-hierarchical-uncertain,non_strict,100,4,pooled,EPR1750,0.45
03,03-nuclear-reactor-hierarchical-uncertain,non_strict,100,4,pooled,AP1000,0.43
03,03-nuclear-reactor-hierarchical-uncertain,non_strict,100,4,pooled,BWRX300,0.03
03,03-nuclear-reactor-hierarchical-uncertain,non_strict,100,4,pooled,RollsRoyceSMR,0.03
03,03-nuclear-reactor-hierarchical-uncertain,non_strict,100,4,pooled,NuScaleVOYGR6,0.03
03,03-nuclear-reactor-hierarchical-uncertain,non_strict,200,0,pooled,APR1400,0.055
03,03-nuclear-reactor-hierarchical-uncertain,non_strict,200,0,pooled,EPR1750,0.445
03,03-nuclear-reactor-hierarchical-uncertain,non_strict,200,0,pooled,AP1000,0.42
03,03-nuclear-reactor-hierarchical-uncertain,non_strict,200,0,pooled,BWRX300,0.035
03,03-nuclear-reactor-hierarchical-uncertain,non_strict,200,0,pooled,RollsRoyceSMR,0.01
03,03-nuclear-reactor-hierarchical-uncertain,non_strict,200,0,pooled,NuScaleVOYGR6,0.035
03,03-nuclear-reactor-hierarchical-uncertain,non_strict,200,1,pooled,APR1400,0.04
03,03-nuclear-reactor-hierarchical-uncertain,non_strict,200,1,pooled,EPR1750,0.415
03,03-nuclear-reactor-hierarchical-uncertain,non_strict,200,1,pooled,AP1000,0.43
03,03-nuclear-reactor-hierarchical-uncertain,non_strict,200,1,pooled,BWRX300,0.045
03,03-nuclear-reactor-hierarchical-uncertain,non_strict,200,1,pooled,RollsRoyceSMR,0.02
03,03-nuclear-reactor-hierarchical-uncertain,non_strict,200,1,pooled,NuScaleVOYGR6,0.05
03,03-nuclear-reactor-hierarchical-uncertain,non_strict,200,2,pooled,APR1400,0.04
03,03-nuclear-reactor-hierarchical-uncertain,non_strict,200,2,pooled,EPR1750,0.365
03,03-nuclear-reactor-hierarchical-uncertain,non_strict,200,2,pooled,AP1000,0.445
03,03-nuclear-reactor-hierarchical-uncertain,non_strict,200,2,pooled,BWRX300,0.05
03,03-nuclear-reactor-hierarchical-uncertain,non_strict,200,2,pooled,RollsRoyceSMR,0.075
03,03-nuclear-reactor-hierarchical-uncertain,non_strict,200,2,pooled,NuScaleVOYGR6,0.025
03,03-nuclear-reactor-hierarchical-uncertain,non_strict,200,3,pooled,APR1400,0.035
03,03-nuclear-reactor-hierarchical-uncertain,non_strict,200,3,pooled,EPR1750,0.39
03,03-nuclear-reactor-hierarchical-uncertain,non_strict,200,3,pooled,AP1000,0.445
03,03-nuclear-reactor-hierarchical-uncertain,non_strict,200,3,pooled,BWRX300,0.035
03,03-nuclear-reactor-hierarchical-uncertain,non_strict,200,3,pooled,RollsRoyceSMR,0.03
03,03-nuclear-reactor-hierarchical-uncertain,non_strict,200,3,pooled,NuScaleVOYGR6,0.065
03,03-nuclear-reactor-hierarchical-uncertain,non_strict,200,4,pooled,APR1400,0.035
03,03-nuclear-reactor-hierarchical-uncertain,non_strict,200,4,pooled,EPR1750,0.435
03,03-nuclear-reactor-hierarchical-uncertain,non_strict,200,4,pooled,AP1000,0.435
03,03-nuclear-reactor-hierarchical-uncertain,non_strict,200,4,pooled,BWRX300,0.025
03,03-nuclear-reactor-hierarchical-uncertain,non_strict,200,4,pooled,RollsRoyceSMR,0.03
03,03-nuclear-reactor-hierarchical-uncertain,non_strict,200,4,pooled,NuScaleVOYGR6,0.04
03,03-nuclear-reactor-hierarchical-uncertain,non_strict,500,0,pooled,APR1400,0.026
03,03-nuclear-reactor-hierarchical-uncertain,non_strict,500,0,pooled,EPR1750,0.43
03,03-nuclear-reactor-hierarchical-uncertain,non_strict,500,0,pooled,AP1000,0.438
03,03-nuclear-reactor-hierarchical-uncertain,non_strict,500,0,pooled,BWRX300,0.03
03,03-nuclear-reactor-hierarchical-uncertain,non_strict,500,0,pooled,RollsRoyceSMR,0.04
03,03-nuclear-reactor-hierarchical-uncertain,non_strict,500,0,pooled,NuScaleVOYGR6,0.036
03,03-nuclear-reactor-hierarchical-uncertain,non_strict,500,1,pooled,APR1400,0.034
03,03-nuclear-reactor-hierarchical-uncertain,non_strict,500,1,pooled,EPR1750,0.436
03,03-nuclear-reactor-hierarchical-uncertain,non_strict,500,1,pooled,AP1000,0.424
03,03-nuclear-reactor-hierarchical-uncertain,non_strict,500,1,pooled,BWRX300,0.026
03,03-nuclear-reactor-hierarchical-uncertain,non_strict,500,1,pooled,RollsRoyceSMR,0.034
03,03-nuclear-reactor-hierarchical-uncertain,non_strict,500,1,pooled,NuScaleVOYGR6,0.046
03,03-nuclear-reactor-hierarchical-uncertain,non_strict,500,2,pooled,APR1400,0.04
03,03-nuclear-reactor-hierarchical-uncertain,non_strict,500,2,pooled,EPR1750,0.444
03,03-nuclear-reactor-hierarchical-uncertain,non_strict,500,2,pooled,AP1000,0.426
03,03-nuclear-reactor-hierarchical-uncertain,non_strict,500,2,pooled,BWRX300,0.022
03,03-nuclear-reactor-hierarchical-uncertain,non_strict,500,2,pooled,RollsRoyceSMR,0.036
03,03-nuclear-reactor-hierarchical-uncertain,non_strict,500,2,pooled,NuScaleVOYGR6,0.032
03,03-nuclear-reactor-hierarchical-uncertain,non_strict,500,3,pooled,APR1400,0.056
03,03-nuclear-reactor-hierarchical-uncertain,non_strict,500,3,pooled,EPR1750,0.386
03,03-nuclear-reactor-hierarchical-uncertain,non_strict,500,3,pooled,AP1000,0.446
03,03-nuclear-reactor-hierarchical-uncertain,non_strict,500,3,pooled,BWRX300,0.028
03,03-nuclear-reactor-hierarchical-uncertain,non_strict,500,3,pooled,RollsRoyceSMR,0.034
03,03-nuclear-reactor-hierarchical-uncertain,non_strict,500,3,pooled,NuScaleVOYGR6,0.05
03,03-nuclear-reactor-hierarchical-uncertain,non_strict,500,4,pooled,APR1400,0.054
03,03-nuclear-reactor-hierarchical-uncertain,non_strict,500,4,pooled,EPR1750,0.438
03,03-nuclear-reactor-hierarchical-uncertain,non_strict,500,4,pooled,AP1000,0.402
03,03-nuclear-reactor-hierarchical-uncertain,non_strict,500,4,pooled,BWRX300,0.032
03,03-nuclear-reactor-hierarchical-uncertain,non_strict,500,4,pooled,RollsRoyceSMR,0.028
03,03-nuclear-reactor-hierarchical-uncertain,non_strict,500,4,pooled,NuScaleVOYGR6,0.046
03,03-nuclear-reactor-hierarchical-uncertain,non_strict,1000,0,pooled,APR1400,0.045
03,03-nuclear-reactor-hierarchical-uncertain,non_strict,1000,0,pooled,EPR1750,0.42
03,03-nuclear-reactor-hierarchical-uncertain,non_strict,1000,0,pooled,AP1000,0.437
03,03-nuclear-reactor-hierarchical-uncertain,non_strict,1000,0,pooled,BWRX300,0.031
03,03-nuclear-reactor-hierarchical-uncertain,non_strict,1000,0,pooled,RollsRoyceSMR,0.029
03,03-nuclear-reactor-hierarchical-uncertain,non_strict,1000,0,pooled,NuScaleVOYGR6,0.038
03,03-nuclear-reactor-hierarchical-uncertain,non_strict,1000,1,pooled,APR1400,0.044
03,03-nuclear-reactor-hierarchical-uncertain,non_strict,1000,1,pooled,EPR1750,0.41
03,03-nuclear-reactor-hierarchical-uncertain,non_strict,1000,1,pooled,AP1000,0.446
03,03-nuclear-reactor-hierarchical-uncertain,non_strict,1000,1,pooled,BWRX300,0.028
03,03-nuclear-reactor-hierarchical-uncertain,non_strict,1000,1,pooled,RollsRoyceSMR,0.04
03,03-nuclear-reactor-hierarchical-uncertain,non_strict,1000,1,pooled,NuScaleVOYGR6,0.032
03,03-nuclear-reactor-hierarchical-uncertain,non_strict,1000,2,pooled,APR1400,0.04
03,03-nuclear-reactor-hierarchical-uncertain,non_strict,1000,2,pooled,EPR1750,0.459
03,03-nuclear-reactor-hierarchical-uncertain,non_strict,1000,2,pooled,AP1000,0.41
03,03-nuclear-reactor-hierarchical-uncertain,non_strict,1000,2,pooled,BWRX300,0.023
03,03-nuclear-reactor-hierarchical-uncertain,non_strict,1000,2,pooled,RollsRoyceSMR,0.027
03,03-nuclear-reactor-hierarchical-uncertain,non_strict,1000,2,pooled,NuScaleVOYGR6,0.041
03,03-nuclear-reactor-hierarchical-uncertain,non_strict,1000,3,pooled,APR1400,0.044
03,03-nuclear-reactor-hierarchical-uncertain,non_strict,1000,3,pooled,EPR1750,0.411
03,03-nuclear-reactor-hierarchical-uncertain,non_strict,1000,3,pooled,AP1000,0.451
03,03-nuclear-reactor-hierarchical-uncertain,non_strict,1000,3,pooled,BWRX300,0.038
03,03-nuclear-reactor-hierarchical-uncertain,non_strict,1000,3,pooled,RollsRoyceSMR,0.023
03,03-nuclear-reactor-hierarchical-uncertain,non_strict,1000,3,pooled,NuScaleVOYGR6,0.033
03,03-nuclear-reactor-hierarchical-uncertain,non_strict,1000,4,pooled,APR1400,0.029
03,03-nuclear-reactor-hierarchical-uncertain,non_strict,1000,4,pooled,EPR1750,0.418
03,03-nuclear-reactor-hierarchical-uncertain,non_strict,1000,4,pooled,AP1000,0.441
03,03-nuclear-reactor-hierarchical-uncertain,non_strict,1000,4,pooled,BWRX300,0.031
03,03-nuclear-reactor-hierarchical-uncertain,non_strict,1000,4,pooled,RollsRoyceSMR,0.028
03,03-nuclear-reactor-hierarchical-uncertain,non_strict,1000,4,pooled,NuScaleVOYGR6,0.053
03,03-nuclear-reactor-hierarchical-uncertain,non_strict,2000,0,pooled,APR1400,0.0395
03,03-nuclear-reactor-hierarchical-uncertain,non_strict,2000,0,pooled,EPR1750,0.4205
03,03-nuclear-reactor-hierarchical-uncertain,non_strict,2000,0,pooled,AP1000,0.4375
03,03-nuclear-reactor-hierarchical-uncertain,non_strict,2000,0,pooled,BWRX300,0.0275
03,03-nuclear-reactor-hierarchical-uncertain,non_strict,2000,0,pooled,RollsRoyceSMR,0.0335
03,03-nuclear-reactor-hierarchical-uncertain,non_strict,2000,0,pooled,NuScaleVOYGR6,0.0415
03,03-nuclear-reactor-hierarchical-uncertain,non_strict,2000,1,pooled,APR1400,0.0505
03,03-nuclear-reactor-hierarchical-uncertain,non_strict,2000,1,pooled,EPR1750,0.4195
03,03-nuclear-reactor-hierarchical-uncertain,non_strict,2000,1,pooled,AP1000,0.442
03,03-nuclear-reactor-hierarchical-uncertain,non_strict,2000,1,pooled,BWRX300,0.022
03,03-nuclear-reactor-hierarchical-uncertain,non_strict,2000,1,pooled,RollsRoyceSMR,0.0305
03,03-nuclear-reactor-hierarchical-uncertain,non_strict,2000,1,pooled,NuScaleVOYGR6,0.0355
03,03-nuclear-reactor-hierarchical-uncertain,non_strict,2000,2,pooled,APR1400,0.045
03,03-nuclear-reactor-hierarchical-uncertain,non_strict,2000,2,pooled,EPR1750,0.4045
03,03-nuclear-reactor-hierarchical-uncertain,non_strict,2000,2,pooled,AP1000,0.453
03,03-nuclear-reactor-hierarchical-uncertain,non_strict,2000,2,pooled,BWRX300,0.03
03,03-nuclear-reactor-hierarchical-uncertain,non_strict,2000,2,pooled,RollsRoyceSMR,0.028
03,03-nuclear-reactor-hierarchical-uncertain,non_strict,2000,2,pooled,NuScaleVOYGR6,0.0395
03,03-nuclear-reactor-hierarchical-uncertain,non_strict,2000,3,pooled,APR1400,0.038
03,03-nuclear-reactor-hierarchical-uncertain,non_strict,2000,3,pooled,EPR1750,0.4165
03,03-nuclear-reactor-hierarchical-uncertain,non_strict,2000,3,pooled,AP1000,0.454
03,03-nuclear-reactor-hierarchical-uncertain,non_strict,2000,3,pooled,BWRX300,0.031
03,03-nuclear-reactor-hierarchical-uncertain,non_strict,2000,3,pooled,RollsRoyceSMR,0.0285
03,03-nuclear-reactor-hierarchical-uncertain,non_strict,2000,3,pooled,NuScaleVOYGR6,0.032
03,03-nuclear-reactor-hierarchical-uncertain,non_strict,2000,4,pooled,APR1400,0.0395
03,03-nuclear-reactor-hierarchical-uncertain,non_strict,2000,4,pooled,EPR1750,0.44
03,03-nuclear-reactor-hierarchical-uncertain,non_strict,2000,4,pooled,AP1000,0.4325
03,03-nuclear-reactor-hierarchical-uncertain,non_strict,2000,4,pooled,BWRX300,0.0245
03,03-nuclear-reactor-hierarchical-uncertain,non_strict,2000,4,pooled,RollsRoyceSMR,0.034
03,03-nuclear-reactor-hierarchical-uncertain,non_strict,2000,4,pooled,NuScaleVOYGR6,0.0295
03,03-nuclear-reactor-hierarchical-uncertain,non_strict,5000,0,pooled,APR1400,0.0436
03,03-nuclear-reactor-hierarchical-uncertain,non_strict,5000,0,pooled,EPR1750,0.427
03,03-nuclear-reactor-hierarchical-uncertain,non_strict,5000,0,pooled,AP1000,0.4374
03,03-nuclear-reactor-hierarchical-uncertain,non_strict,5000,0,pooled,BWRX300,0.0242
03,03-nuclear-reactor-hierarchical-uncertain,non_strict,5000,0,pooled,RollsRoyceSMR,0.0288
03,03-nuclear-reactor-hierarchical-uncertain,non_strict,5000,0,pooled,NuScaleVOYGR6,0.039
03,03-nuclear-reactor-hierarchical-uncertain,non_strict,5000,1,pooled,APR1400,0.0424
03,03-nuclear-reactor-hierarchical-uncertain,non_strict,5000,1,pooled,EPR1750,0.4128
03,03-nuclear-reactor-hierarchical-uncertain,non_strict,5000,1,pooled,AP1000,0.4412
03,03-nuclear-reactor-hierarchical-uncertain,non_strict,5000,1,pooled,BWRX300,0.0296
03,03-nuclear-reactor-hierarchical-uncertain,non_strict,5000,1,pooled,RollsRoyceSMR,0.0318
03,03-nuclear-reactor-hierarchical-uncertain,non_strict,5000,1,pooled,NuScaleVOYGR6,0.0422
03,03-nuclear-reactor-hierarchical-uncertain,non_strict,5000,2,pooled,APR1400,0.0436
03,03-nuclear-reactor-hierarchical-uncertain,non_strict,5000,2,pooled,EPR1750,0.4192
03,03-nuclear-reactor-hierarchical-uncertain,non_strict,5000,2,pooled,AP1000,0.442
03,03-nuclear-reactor-hierarchical-uncertain,non_strict,5000,2,pooled,BWRX300,0.0266
03,03-nuclear-reactor-hierarchical-uncertain,non_strict,5000,2,pooled,RollsRoyceSMR,0.0304
03,03-nuclear-reactor-hierarchical-uncertain,non_strict,5000,2,pooled,NuScaleVOYGR6,0.0382
03,03-nuclear-reactor-hierarchical-uncertain,non_strict,5000,3,pooled,APR1400,0.0456
03,03-nuclear-reactor-hierarchical-uncertain,non_strict,5000,3,pooled,EPR1750,0.4134
03,03-nuclear-reactor-hierarchical-uncertain,non_strict,5000,3,pooled,AP1000,0.4448
03,03-nuclear-reactor-hierarchical-uncertain,non_strict,5000,3,pooled,BWRX300,0.0292
03,03-nuclear-reactor-hierarchical-uncertain,non_strict,5000,3,pooled,RollsRoyceSMR,0.033
03,03-nuclear-reactor-hierarchical-uncertain,non_strict,5000,3,pooled,NuScaleVOYGR6,0.034
03,03-nuclear-reactor-hierarchical-uncertain,non_strict,5000,4,pooled,APR1400,0.0432
03,03-nuclear-reactor-hierarchical-uncertain,non_strict,5000,4,pooled,EPR1750,0.422
03,03-nuclear-reactor-hierarchical-uncertain,non_strict,5000,4,pooled,AP1000,0.429
03,03-nuclear-reactor-hierarchical-uncertain,non_strict,5000,4,pooled,BWRX300,0.0306
03,03-nuclear-reactor-hierarchical-uncertain,non_strict,5000,4,pooled,RollsRoyceSMR,0.0308
03,03-nuclear-reactor-hierarchical-uncertain,non_strict,5000,4,pooled,NuScaleVOYGR6,0.0444
03,03-nuclear-reactor-hierarchical-uncertain,non_strict,10000,0,pooled,APR1400,0.0455
03,03-nuclear-reactor-hierarchical-uncertain,non_strict,10000,0,pooled,EPR1750,0.4177
03,03-nuclear-reactor-hierarchical-uncertain,non_strict,10000,0,pooled,AP1000,0.4417
03,03-nuclear-reactor-hierarchical-uncertain,non_strict,10000,0,pooled,BWRX300,0.0284
03,03-nuclear-reactor-hierarchical-uncertain,non_strict,10000,0,pooled,RollsRoyceSMR,0.0306
03,03-nuclear-reactor-hierarchical-uncertain,non_strict,10000,0,pooled,NuScaleVOYGR6,0.0361
03,03-nuclear-reactor-hierarchical-uncertain,non_strict,10000,1,pooled,APR1400,0.0432
03,03-nuclear-reactor-hierarchical-uncertain,non_strict,10000,1,pooled,EPR1750,0.4158
03,03-nuclear-reactor-hierarchical-uncertain,non_strict,10000,1,pooled,AP1000,0.4372
03,03-nuclear-reactor-hierarchical-uncertain,non_strict,10000,1,pooled,BWRX300,0.0282
03,03-nuclear-reactor-hierarchical-uncertain,non_strict,10000,1,pooled,RollsRoyceSMR,0.0337
03,03-nuclear-reactor-hierarchical-uncertain,non_strict,10000,1,pooled,NuScaleVOYGR6,0.0419
03,03-nuclear-reactor-hierarchical-uncertain,non_strict,10000,2,pooled,APR1400,0.0439
03,03-nuclear-reactor-hierarchical-uncertain,non_strict,10000,2,pooled,EPR1750,0.4214
03,03-nuclear-reactor-hierarchical-uncertain,non_strict,10000,2,pooled,AP1000,0.4362
03,03-nuclear-reactor-hierarchical-uncertain,non_strict,10000,2,pooled,BWRX300,0.0268
03,03-nuclear-reactor-hierarchical-uncertain,non_strict,10000,2,pooled,RollsRoyceSMR,0.0303
03,03-nuclear-reactor-hierarchical-uncertain,non_strict,10000,2,pooled,NuScaleVOYGR6,0.0414
03,03-nuclear-reactor-hierarchical-uncertain,non_strict,10000,3,pooled,APR1400,0.0453
03,03-nuclear-reactor-hierarchical-uncertain,non_strict,10000,3,pooled,EPR1750,0.4179
03,03-nuclear-reactor-hierarchical-uncertain,non_strict,10000,3,pooled,AP1000,0.4378
03,03-nuclear-reactor-hierarchical-uncertain,non_strict,10000,3,pooled,BWRX300,0.0281
03,03-nuclear-reactor-hierarchical-uncertain,non_strict,10000,3,pooled,RollsRoyceSMR,0.0349
03,03-nuclear-reactor-hierarchical-uncertain,non_strict,10000,3,pooled,NuScaleVOYGR6,0.036
03,03-nuclear-reactor-hierarchical-uncertain,non_strict,10000,4,pooled,APR1400,0.047
03,03-nuclear-reactor-hierarchical-uncertain,non_strict,10000,4,pooled,EPR1750,0.4146
03,03-nuclear-reactor-hierarchical-uncertain,non_strict,10000,4,pooled,AP1000,0.4395
03,03-nuclear-reactor-hierarchical-uncertain,non_strict,10000,4,pooled,BWRX300,0.026
03,03-nuclear-reactor-hierarchical-uncertain,non_strict,10000,4,pooled,RollsRoyceSMR,0.0323
03,03-nuclear-reactor-hierarchical-uncertain,non_strict,10000,4,pooled,NuScaleVOYGR6,0.0406
04,04-tradeoff-elicitation-sun-kroesen-rezaei-2026,strict,50,0,0,"Apartment A (cheap, far)",1.0
04,04-tradeoff-elicitation-sun-kroesen-rezaei-2026,strict,50,0,0,"Apartment B (expensive, close)",0.0
04,04-tradeoff-elicitation-sun-kroesen-rezaei-2026,strict,50,1,0,"Apartment A (cheap, far)",1.0
04,04-tradeoff-elicitation-sun-kroesen-rezaei-2026,strict,50,1,0,"Apartment B (expensive, close)",0.0
04,04-tradeoff-elicitation-sun-kroesen-rezaei-2026,strict,50,2,0,"Apartment A (cheap, far)",1.0
04,04-tradeoff-elicitation-sun-kroesen-rezaei-2026,strict,50,2,0,"Apartment B (expensive, close)",0.0
04,04-tradeoff-elicitation-sun-kroesen-rezaei-2026,strict,50,3,0,"Apartment A (cheap, far)",1.0
04,04-tradeoff-elicitation-sun-kroesen-rezaei-2026,strict,50,3,0,"Apartment B (expensive, close)",0.0
04,04-tradeoff-elicitation-sun-kroesen-rezaei-2026,strict,50,4,0,"Apartment A (cheap, far)",1.0
04,04-tradeoff-elicitation-sun-kroesen-rezaei-2026,strict,50,4,0,"Apartment B (expensive, close)",0.0
04,04-tradeoff-elicitation-sun-kroesen-rezaei-2026,strict,100,0,0,"Apartment A (cheap, far)",1.0
04,04-tradeoff-elicitation-sun-kroesen-rezaei-2026,strict,100,0,0,"Apartment B (expensive, close)",0.0
04,04-tradeoff-elicitation-sun-kroesen-rezaei-2026,strict,100,1,0,"Apartment A (cheap, far)",1.0
04,04-tradeoff-elicitation-sun-kroesen-rezaei-2026,strict,100,1,0,"Apartment B (expensive, close)",0.0
04,04-tradeoff-elicitation-sun-kroesen-rezaei-2026,strict,100,2,0,"Apartment A (cheap, far)",1.0
04,04-tradeoff-elicitation-sun-kroesen-rezaei-2026,strict,100,2,0,"Apartment B (expensive, close)",0.0
04,04-tradeoff-elicitation-sun-kroesen-rezaei-2026,strict,100,3,0,"Apartment A (cheap, far)",1.0
04,04-tradeoff-elicitation-sun-kroesen-rezaei-2026,strict,100,3,0,"Apartment B (expensive, close)",0.0
04,04-tradeoff-elicitation-sun-kroesen-rezaei-2026,strict,100,4,0,"Apartment A (cheap, far)",1.0
04,04-tradeoff-elicitation-sun-kroesen-rezaei-2026,strict,100,4,0,"Apartment B (expensive, close)",0.0
04,04-tradeoff-elicitation-sun-kroesen-rezaei-2026,strict,200,0,0,"Apartment A (cheap, far)",1.0
04,04-tradeoff-elicitation-sun-kroesen-rezaei-2026,strict,200,0,0,"Apartment B (expensive, close)",0.0
04,04-tradeoff-elicitation-sun-kroesen-rezaei-2026,strict,200,1,0,"Apartment A (cheap, far)",1.0
04,04-tradeoff-elicitation-sun-kroesen-rezaei-2026,strict,200,1,0,"Apartment B (expensive, close)",0.0
04,04-tradeoff-elicitation-sun-kroesen-rezaei-2026,strict,200,2,0,"Apartment A (cheap, far)",1.0
04,04-tradeoff-elicitation-sun-kroesen-rezaei-2026,strict,200,2,0,"Apartment B (expensive, close)",0.0
04,04-tradeoff-elicitation-sun-kroesen-rezaei-2026,strict,200,3,0,"Apartment A (cheap, far)",1.0
04,04-tradeoff-elicitation-sun-kroesen-rezaei-2026,strict,200,3,0,"Apartment B (expensive, close)",0.0
04,04-tradeoff-elicitation-sun-kroesen-rezaei-2026,strict,200,4,0,"Apartment A (cheap, far)",1.0
04,04-tradeoff-elicitation-sun-kroesen-rezaei-2026,strict,200,4,0,"Apartment B (expensive, close)",0.0
04,04-tradeoff-elicitation-sun-kroesen-rezaei-2026,strict,500,0,0,"Apartment A (cheap, far)",1.0
04,04-tradeoff-elicitation-sun-kroesen-rezaei-2026,strict,500,0,0,"Apartment B (expensive, close)",0.0
04,04-tradeoff-elicitation-sun-kroesen-rezaei-2026,strict,500,1,0,"Apartment A (cheap, far)",1.0
04,04-tradeoff-elicitation-sun-kroesen-rezaei-2026,strict,500,1,0,"Apartment B (expensive, close)",0.0
04,04-tradeoff-elicitation-sun-kroesen-rezaei-2026,strict,500,2,0,"Apartment A (cheap, far)",1.0
04,04-tradeoff-elicitation-sun-kroesen-rezaei-2026,strict,500,2,0,"Apartment B (expensive, close)",0.0
04,04-tradeoff-elicitation-sun-kroesen-rezaei-2026,strict,500,3,0,"Apartment A (cheap, far)",1.0
04,04-tradeoff-elicitation-sun-kroesen-rezaei-2026,strict,500,3,0,"Apartment B (expensive, close)",0.0
04,04-tradeoff-elicitation-sun-kroesen-rezaei-2026,strict,500,4,0,"Apartment A (cheap, far)",1.0
04,04-tradeoff-elicitation-sun-kroesen-rezaei-2026,strict,500,4,0,"Apartment B (expensive, close)",0.0
04,04-tradeoff-elicitation-sun-kroesen-rezaei-2026,strict,1000,0,0,"Apartment A (cheap, far)",1.0
04,04-tradeoff-elicitation-sun-kroesen-rezaei-2026,strict,1000,0,0,"Apartment B (expensive, close)",0.0
04,04-tradeoff-elicitation-sun-kroesen-rezaei-2026,strict,1000,1,0,"Apartment A (cheap, far)",1.0
04,04-tradeoff-elicitation-sun-kroesen-rezaei-2026,strict,1000,1,0,"Apartment B (expensive, close)",0.0
04,04-tradeoff-elicitation-sun-kroesen-rezaei-2026,strict,1000,2,0,"Apartment A (cheap, far)",1.0
04,04-tradeoff-elicitation-sun-kroesen-rezaei-2026,strict,1000,2,0,"Apartment B (expensive, close)",0.0
04,04-tradeoff-elicitation-sun-kroesen-rezaei-2026,strict,1000,3,0,"Apartment A (cheap, far)",1.0
04,04-tradeoff-elicitation-sun-kroesen-rezaei-2026,strict,1000,3,0,"Apartment B (expensive, close)",0.0
04,04-tradeoff-elicitation-sun-kroesen-rezaei-2026,strict,1000,4,0,"Apartment A (cheap, far)",1.0
04,04-tradeoff-elicitation-sun-kroesen-rezaei-2026,strict,1000,4,0,"Apartment B (expensive, close)",0.0
04,04-tradeoff-elicitation-sun-kroesen-rezaei-2026,strict,2000,0,0,"Apartment A (cheap, far)",1.0
04,04-tradeoff-elicitation-sun-kroesen-rezaei-2026,strict,2000,0,0,"Apartment B (expensive, close)",0.0
04,04-tradeoff-elicitation-sun-kroesen-rezaei-2026,strict,2000,1,0,"Apartment A (cheap, far)",1.0
04,04-tradeoff-elicitation-sun-kroesen-rezaei-2026,strict,2000,1,0,"Apartment B (expensive, close)",0.0
04,04-tradeoff-elicitation-sun-kroesen-rezaei-2026,strict,2000,2,0,"Apartment A (cheap, far)",1.0
04,04-tradeoff-elicitation-sun-kroesen-rezaei-2026,strict,2000,2,0,"Apartment B (expensive, close)",0.0
04,04-tradeoff-elicitation-sun-kroesen-rezaei-2026,strict,2000,3,0,"Apartment A (cheap, far)",1.0
04,04-tradeoff-elicitation-sun-kroesen-rezaei-2026,strict,2000,3,0,"Apartment B (expensive, close)",0.0
04,04-tradeoff-elicitation-sun-kroesen-rezaei-2026,strict,2000,4,0,"Apartment A (cheap, far)",1.0
04,04-tradeoff-elicitation-sun-kroesen-rezaei-2026,strict,2000,4,0,"Apartment B (expensive, close)",0.0
04,04-tradeoff-elicitation-sun-kroesen-rezaei-2026,strict,5000,0,0,"Apartment A (cheap, far)",1.0
04,04-tradeoff-elicitation-sun-kroesen-rezaei-2026,strict,5000,0,0,"Apartment B (expensive, close)",0.0
04,04-tradeoff-elicitation-sun-kroesen-rezaei-2026,strict,5000,1,0,"Apartment A (cheap, far)",1.0
04,04-tradeoff-elicitation-sun-kroesen-rezaei-2026,strict,5000,1,0,"Apartment B (expensive, close)",0.0
04,04-tradeoff-elicitation-sun-kroesen-rezaei-2026,strict,5000,2,0,"Apartment A (cheap, far)",1.0
04,04-tradeoff-elicitation-sun-kroesen-rezaei-2026,strict,5000,2,0,"Apartment B (expensive, close)",0.0
04,04-tradeoff-elicitation-sun-kroesen-rezaei-2026,strict,5000,3,0,"Apartment A (cheap, far)",1.0
04,04-tradeoff-elicitation-sun-kroesen-rezaei-2026,strict,5000,3,0,"Apartment B (expensive, close)",0.0
04,04-tradeoff-elicitation-sun-kroesen-rezaei-2026,strict,5000,4,0,"Apartment A (cheap, far)",1.0
04,04-tradeoff-elicitation-sun-kroesen-rezaei-2026,strict,5000,4,0,"Apartment B (expensive, close)",0.0
04,04-tradeoff-elicitation-sun-kroesen-rezaei-2026,strict,10000,0,0,"Apartment A (cheap, far)",1.0
04,04-tradeoff-elicitation-sun-kroesen-rezaei-2026,strict,10000,0,0,"Apartment B (expensive, close)",0.0
04,04-tradeoff-elicitation-sun-kroesen-rezaei-2026,strict,10000,1,0,"Apartment A (cheap, far)",1.0
04,04-tradeoff-elicitation-sun-kroesen-rezaei-2026,strict,10000,1,0,"Apartment B (expensive, close)",0.0
04,04-tradeoff-elicitation-sun-kroesen-rezaei-2026,strict,10000,2,0,"Apartment A (cheap, far)",1.0
04,04-tradeoff-elicitation-sun-kroesen-rezaei-2026,strict,10000,2,0,"Apartment B (expensive, close)",0.0
04,04-tradeoff-elicitation-sun-kroesen-rezaei-2026,strict,10000,3,0,"Apartment A (cheap, far)",1.0
04,04-tradeoff-elicitation-sun-kroesen-rezaei-2026,strict,10000,3,0,"Apartment B (expensive, close)",0.0
04,04-tradeoff-elicitation-sun-kroesen-rezaei-2026,strict,10000,4,0,"Apartment A (cheap, far)",1.0
04,04-tradeoff-elicitation-sun-kroesen-rezaei-2026,strict,10000,4,0,"Apartment B (expensive, close)",0.0
04,04-tradeoff-elicitation-sun-kroesen-rezaei-2026,non_strict,50,0,pooled,"Apartment A (cheap, far)",1.0
04,04-tradeoff-elicitation-sun-kroesen-rezaei-2026,non_strict,50,0,pooled,"Apartment B (expensive, close)",0.0
04,04-tradeoff-elicitation-sun-kroesen-rezaei-2026,non_strict,50,1,pooled,"Apartment A (cheap, far)",1.0
04,04-tradeoff-elicitation-sun-kroesen-rezaei-2026,non_strict,50,1,pooled,"Apartment B (expensive, close)",0.0
04,04-tradeoff-elicitation-sun-kroesen-rezaei-2026,non_strict,50,2,pooled,"Apartment A (cheap, far)",1.0
04,04-tradeoff-elicitation-sun-kroesen-rezaei-2026,non_strict,50,2,pooled,"Apartment B (expensive, close)",0.0
04,04-tradeoff-elicitation-sun-kroesen-rezaei-2026,non_strict,50,3,pooled,"Apartment A (cheap, far)",1.0
04,04-tradeoff-elicitation-sun-kroesen-rezaei-2026,non_strict,50,3,pooled,"Apartment B (expensive, close)",0.0
04,04-tradeoff-elicitation-sun-kroesen-rezaei-2026,non_strict,50,4,pooled,"Apartment A (cheap, far)",1.0
04,04-tradeoff-elicitation-sun-kroesen-rezaei-2026,non_strict,50,4,pooled,"Apartment B (expensive, close)",0.0
04,04-tradeoff-elicitation-sun-kroesen-rezaei-2026,non_strict,100,0,pooled,"Apartment A (cheap, far)",1.0
04,04-tradeoff-elicitation-sun-kroesen-rezaei-2026,non_strict,100,0,pooled,"Apartment B (expensive, close)",0.0
04,04-tradeoff-elicitation-sun-kroesen-rezaei-2026,non_strict,100,1,pooled,"Apartment A (cheap, far)",1.0
04,04-tradeoff-elicitation-sun-kroesen-rezaei-2026,non_strict,100,1,pooled,"Apartment B (expensive, close)",0.0
04,04-tradeoff-elicitation-sun-kroesen-rezaei-2026,non_strict,100,2,pooled,"Apartment A (cheap, far)",1.0
04,04-tradeoff-elicitation-sun-kroesen-rezaei-2026,non_strict,100,2,pooled,"Apartment B (expensive, close)",0.0
04,04-tradeoff-elicitation-sun-kroesen-rezaei-2026,non_strict,100,3,pooled,"Apartment A (cheap, far)",1.0
04,04-tradeoff-elicitation-sun-kroesen-rezaei-2026,non_strict,100,3,pooled,"Apartment B (expensive, close)",0.0
04,04-tradeoff-elicitation-sun-kroesen-rezaei-2026,non_strict,100,4,pooled,"Apartment A (cheap, far)",1.0
04,04-tradeoff-elicitation-sun-kroesen-rezaei-2026,non_strict,100,4,pooled,"Apartment B (expensive, close)",0.0
04,04-tradeoff-elicitation-sun-kroesen-rezaei-2026,non_strict,200,0,pooled,"Apartment A (cheap, far)",1.0
04,04-tradeoff-elicitation-sun-kroesen-rezaei-2026,non_strict,200,0,pooled,"Apartment B (expensive, close)",0.0
04,04-tradeoff-elicitation-sun-kroesen-rezaei-2026,non_strict,200,1,pooled,"Apartment A (cheap, far)",1.0
04,04-tradeoff-elicitation-sun-kroesen-rezaei-2026,non_strict,200,1,pooled,"Apartment B (expensive, close)",0.0
04,04-tradeoff-elicitation-sun-kroesen-rezaei-2026,non_strict,200,2,pooled,"Apartment A (cheap, far)",1.0
04,04-tradeoff-elicitation-sun-kroesen-rezaei-2026,non_strict,200,2,pooled,"Apartment B (expensive, close)",0.0
04,04-tradeoff-elicitation-sun-kroesen-rezaei-2026,non_strict,200,3,pooled,"Apartment A (cheap, far)",1.0
04,04-tradeoff-elicitation-sun-kroesen-rezaei-2026,non_strict,200,3,pooled,"Apartment B (expensive, close)",0.0
04,04-tradeoff-elicitation-sun-kroesen-rezaei-2026,non_strict,200,4,pooled,"Apartment A (cheap, far)",1.0
04,04-tradeoff-elicitation-sun-kroesen-rezaei-2026,non_strict,200,4,pooled,"Apartment B (expensive, close)",0.0
04,04-tradeoff-elicitation-sun-kroesen-rezaei-2026,non_strict,500,0,pooled,"Apartment A (cheap, far)",1.0
04,04-tradeoff-elicitation-sun-kroesen-rezaei-2026,non_strict,500,0,pooled,"Apartment B (expensive, close)",0.0
04,04-tradeoff-elicitation-sun-kroesen-rezaei-2026,non_strict,500,1,pooled,"Apartment A (cheap, far)",1.0
04,04-tradeoff-elicitation-sun-kroesen-rezaei-2026,non_strict,500,1,pooled,"Apartment B (expensive, close)",0.0
04,04-tradeoff-elicitation-sun-kroesen-rezaei-2026,non_strict,500,2,pooled,"Apartment A (cheap, far)",1.0
04,04-tradeoff-elicitation-sun-kroesen-rezaei-2026,non_strict,500,2,pooled,"Apartment B (expensive, close)",0.0
04,04-tradeoff-elicitation-sun-kroesen-rezaei-2026,non_strict,500,3,pooled,"Apartment A (cheap, far)",1.0
04,04-tradeoff-elicitation-sun-kroesen-rezaei-2026,non_strict,500,3,pooled,"Apartment B (expensive, close)",0.0
04,04-tradeoff-elicitation-sun-kroesen-rezaei-2026,non_strict,500,4,pooled,"Apartment A (cheap, far)",1.0
04,04-tradeoff-elicitation-sun-kroesen-rezaei-2026,non_strict,500,4,pooled,"Apartment B (expensive, close)",0.0
04,04-tradeoff-elicitation-sun-kroesen-rezaei-2026,non_strict,1000,0,pooled,"Apartment A (cheap, far)",1.0
04,04-tradeoff-elicitation-sun-kroesen-rezaei-2026,non_strict,1000,0,pooled,"Apartment B (expensive, close)",0.0
04,04-tradeoff-elicitation-sun-kroesen-rezaei-2026,non_strict,1000,1,pooled,"Apartment A (cheap, far)",1.0
04,04-tradeoff-elicitation-sun-kroesen-rezaei-2026,non_strict,1000,1,pooled,"Apartment B (expensive, close)",0.0
04,04-tradeoff-elicitation-sun-kroesen-rezaei-2026,non_strict,1000,2,pooled,"Apartment A (cheap, far)",1.0
04,04-tradeoff-elicitation-sun-kroesen-rezaei-2026,non_strict,1000,2,pooled,"Apartment B (expensive, close)",0.0
04,04-tradeoff-elicitation-sun-kroesen-rezaei-2026,non_strict,1000,3,pooled,"Apartment A (cheap, far)",1.0
04,04-tradeoff-elicitation-sun-kroesen-rezaei-2026,non_strict,1000,3,pooled,"Apartment B (expensive, close)",0.0
04,04-tradeoff-elicitation-sun-kroesen-rezaei-2026,non_strict,1000,4,pooled,"Apartment A (cheap, far)",1.0
04,04-tradeoff-elicitation-sun-kroesen-rezaei-2026,non_strict,1000,4,pooled,"Apartment B (expensive, close)",0.0
04,04-tradeoff-elicitation-sun-kroesen-rezaei-2026,non_strict,2000,0,pooled,"Apartment A (cheap, far)",1.0
04,04-tradeoff-elicitation-sun-kroesen-rezaei-2026,non_strict,2000,0,pooled,"Apartment B (expensive, close)",0.0
04,04-tradeoff-elicitation-sun-kroesen-rezaei-2026,non_strict,2000,1,pooled,"Apartment A (cheap, far)",1.0
04,04-tradeoff-elicitation-sun-kroesen-rezaei-2026,non_strict,2000,1,pooled,"Apartment B (expensive, close)",0.0
04,04-tradeoff-elicitation-sun-kroesen-rezaei-2026,non_strict,2000,2,pooled,"Apartment A (cheap, far)",1.0
04,04-tradeoff-elicitation-sun-kroesen-rezaei-2026,non_strict,2000,2,pooled,"Apartment B (expensive, close)",0.0
04,04-tradeoff-elicitation-sun-kroesen-rezaei-2026,non_strict,2000,3,pooled,"Apartment A (cheap, far)",1.0
04,04-tradeoff-elicitation-sun-kroesen-rezaei-2026,non_strict,2000,3,pooled,"Apartment B (expensive, close)",0.0
04,04-tradeoff-elicitation-sun-kroesen-rezaei-2026,non_strict,2000,4,pooled,"Apartment A (cheap, far)",1.0
04,04-tradeoff-elicitation-sun-kroesen-rezaei-2026,non_strict,2000,4,pooled,"Apartment B (expensive, close)",0.0
04,04-tradeoff-elicitation-sun-kroesen-rezaei-2026,non_strict,5000,0,pooled,"Apartment A (cheap, far)",1.0
04,04-tradeoff-elicitation-sun-kroesen-rezaei-2026,non_strict,5000,0,pooled,"Apartment B (expensive, close)",0.0
04,04-tradeoff-elicitation-sun-kroesen-rezaei-2026,non_strict,5000,1,pooled,"Apartment A (cheap, far)",1.0
04,04-tradeoff-elicitation-sun-kroesen-rezaei-2026,non_strict,5000,1,pooled,"Apartment B (expensive, close)",0.0
04,04-tradeoff-elicitation-sun-kroesen-rezaei-2026,non_strict,5000,2,pooled,"Apartment A (cheap, far)",1.0
04,04-tradeoff-elicitation-sun-kroesen-rezaei-2026,non_strict,5000,2,pooled,"Apartment B (expensive, close)",0.0
04,04-tradeoff-elicitation-sun-kroesen-rezaei-2026,non_strict,5000,3,pooled,"Apartment A (cheap, far)",1.0
04,04-tradeoff-elicitation-sun-kroesen-rezaei-2026,non_strict,5000,3,pooled,"Apartment B (expensive, close)",0.0
04,04-tradeoff-elicitation-sun-kroesen-rezaei-2026,non_strict,5000,4,pooled,"Apartment A (cheap, far)",1.0
04,04-tradeoff-elicitation-sun-kroesen-rezaei-2026,non_strict,5000,4,pooled,"Apartment B (expensive, close)",0.0
04,04-tradeoff-elicitation-sun-kroesen-rezaei-2026,non_strict,10000,0,pooled,"Apartment A (cheap, far)",1.0
04,04-tradeoff-elicitation-sun-kroesen-rezaei-2026,non_strict,10000,0,pooled,"Apartment B (expensive, close)",0.0
04,04-tradeoff-elicitation-sun-kroesen-rezaei-2026,non_strict,10000,1,pooled,"Apartment A (cheap, far)",1.0
04,04-tradeoff-elicitation-sun-kroesen-rezaei-2026,non_strict,10000,1,pooled,"Apartment B (expensive, close)",0.0
04,04-tradeoff-elicitation-sun-kroesen-rezaei-2026,non_strict,10000,2,pooled,"Apartment A (cheap, far)",1.0
04,04-tradeoff-elicitation-sun-kroesen-rezaei-2026,non_strict,10000,2,pooled,"Apartment B (expensive, close)",0.0
04,04-tradeoff-elicitation-sun-kroesen-rezaei-2026,non_strict,10000,3,pooled,"Apartment A (cheap, far)",1.0
04,04-tradeoff-elicitation-sun-kroesen-rezaei-2026,non_strict,10000,3,pooled,"Apartment B (expensive, close)",0.0
04,04-tradeoff-elicitation-sun-kroesen-rezaei-2026,non_strict,10000,4,pooled,"Apartment A (cheap, far)",1.0
04,04-tradeoff-elicitation-sun-kroesen-rezaei-2026,non_strict,10000,4,pooled,"Apartment B (expensive, close)",0.0
05,05-analytically-tractable-verification,strict,50,0,0,Supplier A,0.0
05,05-analytically-tractable-verification,strict,50,0,0,Supplier B,0.0
05,05-analytically-tractable-verification,strict,50,0,0,Supplier C,0.0
05,05-analytically-tractable-verification,strict,50,0,0,Supplier D,1.0
05,05-analytically-tractable-verification,strict,50,1,0,Supplier A,0.0
05,05-analytically-tractable-verification,strict,50,1,0,Supplier B,0.0
05,05-analytically-tractable-verification,strict,50,1,0,Supplier C,0.0
05,05-analytically-tractable-verification,strict,50,1,0,Supplier D,1.0
05,05-analytically-tractable-verification,strict,50,2,0,Supplier A,0.0
05,05-analytically-tractable-verification,strict,50,2,0,Supplier B,0.0
05,05-analytically-tractable-verification,strict,50,2,0,Supplier C,0.0
05,05-analytically-tractable-verification,strict,50,2,0,Supplier D,1.0
05,05-analytically-tractable-verification,strict,50,3,0,Supplier A,0.0
05,05-analytically-tractable-verification,strict,50,3,0,Supplier B,0.0
05,05-analytically-tractable-verification,strict,50,3,0,Supplier C,0.0
05,05-analytically-tractable-verification,strict,50,3,0,Supplier D,1.0
05,05-analytically-tractable-verification,strict,50,4,0,Supplier A,0.0
05,05-analytically-tractable-verification,strict,50,4,0,Supplier B,0.0
05,05-analytically-tractable-verification,strict,50,4,0,Supplier C,0.0
05,05-analytically-tractable-verification,strict,50,4,0,Supplier D,1.0
05,05-analytically-tractable-verification,strict,100,0,0,Supplier A,0.0
05,05-analytically-tractable-verification,strict,100,0,0,Supplier B,0.0
05,05-analytically-tractable-verification,strict,100,0,0,Supplier C,0.0
05,05-analytically-tractable-verification,strict,100,0,0,Supplier D,1.0
05,05-analytically-tractable-verification,strict,100,1,0,Supplier A,0.0
05,05-analytically-tractable-verification,strict,100,1,0,Supplier B,0.0
05,05-analytically-tractable-verification,strict,100,1,0,Supplier C,0.0
05,05-analytically-tractable-verification,strict,100,1,0,Supplier D,1.0
05,05-analytically-tractable-verification,strict,100,2,0,Supplier A,0.0
05,05-analytically-tractable-verification,strict,100,2,0,Supplier B,0.0
05,05-analytically-tractable-verification,strict,100,2,0,Supplier C,0.0
05,05-analytically-tractable-verification,strict,100,2,0,Supplier D,1.0
05,05-analytically-tractable-verification,strict,100,3,0,Supplier A,0.0
05,05-analytically-tractable-verification,strict,100,3,0,Supplier B,0.0
05,05-analytically-tractable-verification,strict,100,3,0,Supplier C,0.0
05,05-analytically-tractable-verification,strict,100,3,0,Supplier D,1.0
05,05-analytically-tractable-verification,strict,100,4,0,Supplier A,0.0
05,05-analytically-tractable-verification,strict,100,4,0,Supplier B,0.0
05,05-analytically-tractable-verification,strict,100,4,0,Supplier C,0.0
05,05-analytically-tractable-verification,strict,100,4,0,Supplier D,1.0
05,05-analytically-tractable-verification,strict,200,0,0,Supplier A,0.0
05,05-analytically-tractable-verification,strict,200,0,0,Supplier B,0.0
05,05-analytically-tractable-verification,strict,200,0,0,Supplier C,0.0
05,05-analytically-tractable-verification,strict,200,0,0,Supplier D,1.0
05,05-analytically-tractable-verification,strict,200,1,0,Supplier A,0.0
05,05-analytically-tractable-verification,strict,200,1,0,Supplier B,0.0
05,05-analytically-tractable-verification,strict,200,1,0,Supplier C,0.0
05,05-analytically-tractable-verification,strict,200,1,0,Supplier D,1.0
05,05-analytically-tractable-verification,strict,200,2,0,Supplier A,0.0
05,05-analytically-tractable-verification,strict,200,2,0,Supplier B,0.0
05,05-analytically-tractable-verification,strict,200,2,0,Supplier C,0.0
05,05-analytically-tractable-verification,strict,200,2,0,Supplier D,1.0
05,05-analytically-tractable-verification,strict,200,3,0,Supplier A,0.0
05,05-analytically-tractable-verification,strict,200,3,0,Supplier B,0.0
05,05-analytically-tractable-verification,strict,200,3,0,Supplier C,0.0
05,05-analytically-tractable-verification,strict,200,3,0,Supplier D,1.0
05,05-analytically-tractable-verification,strict,200,4,0,Supplier A,0.0
05,05-analytically-tractable-verification,strict,200,4,0,Supplier B,0.0
05,05-analytically-tractable-verification,strict,200,4,0,Supplier C,0.0
05,05-analytically-tractable-verification,strict,200,4,0,Supplier D,1.0
05,05-analytically-tractable-verification,strict,500,0,0,Supplier A,0.0
05,05-analytically-tractable-verification,strict,500,0,0,Supplier B,0.0
05,05-analytically-tractable-verification,strict,500,0,0,Supplier C,0.0
05,05-analytically-tractable-verification,strict,500,0,0,Supplier D,1.0
05,05-analytically-tractable-verification,strict,500,1,0,Supplier A,0.0
05,05-analytically-tractable-verification,strict,500,1,0,Supplier B,0.0
05,05-analytically-tractable-verification,strict,500,1,0,Supplier C,0.0
05,05-analytically-tractable-verification,strict,500,1,0,Supplier D,1.0
05,05-analytically-tractable-verification,strict,500,2,0,Supplier A,0.0
05,05-analytically-tractable-verification,strict,500,2,0,Supplier B,0.0
05,05-analytically-tractable-verification,strict,500,2,0,Supplier C,0.0
05,05-analytically-tractable-verification,strict,500,2,0,Supplier D,1.0
05,05-analytically-tractable-verification,strict,500,3,0,Supplier A,0.0
05,05-analytically-tractable-verification,strict,500,3,0,Supplier B,0.0
05,05-analytically-tractable-verification,strict,500,3,0,Supplier C,0.0
05,05-analytically-tractable-verification,strict,500,3,0,Supplier D,1.0
05,05-analytically-tractable-verification,strict,500,4,0,Supplier A,0.0
05,05-analytically-tractable-verification,strict,500,4,0,Supplier B,0.0
05,05-analytically-tractable-verification,strict,500,4,0,Supplier C,0.0
05,05-analytically-tractable-verification,strict,500,4,0,Supplier D,1.0
05,05-analytically-tractable-verification,strict,1000,0,0,Supplier A,0.0
05,05-analytically-tractable-verification,strict,1000,0,0,Supplier B,0.0
05,05-analytically-tractable-verification,strict,1000,0,0,Supplier C,0.0
05,05-analytically-tractable-verification,strict,1000,0,0,Supplier D,1.0
05,05-analytically-tractable-verification,strict,1000,1,0,Supplier A,0.0
05,05-analytically-tractable-verification,strict,1000,1,0,Supplier B,0.0
05,05-analytically-tractable-verification,strict,1000,1,0,Supplier C,0.0
05,05-analytically-tractable-verification,strict,1000,1,0,Supplier D,1.0
05,05-analytically-tractable-verification,strict,1000,2,0,Supplier A,0.0
05,05-analytically-tractable-verification,strict,1000,2,0,Supplier B,0.0
05,05-analytically-tractable-verification,strict,1000,2,0,Supplier C,0.0
05,05-analytically-tractable-verification,strict,1000,2,0,Supplier D,1.0
05,05-analytically-tractable-verification,strict,1000,3,0,Supplier A,0.0
05,05-analytically-tractable-verification,strict,1000,3,0,Supplier B,0.0
05,05-analytically-tractable-verification,strict,1000,3,0,Supplier C,0.0
05,05-analytically-tractable-verification,strict,1000,3,0,Supplier D,1.0
05,05-analytically-tractable-verification,strict,1000,4,0,Supplier A,0.0
05,05-analytically-tractable-verification,strict,1000,4,0,Supplier B,0.0
05,05-analytically-tractable-verification,strict,1000,4,0,Supplier C,0.0
05,05-analytically-tractable-verification,strict,1000,4,0,Supplier D,1.0
05,05-analytically-tractable-verification,strict,2000,0,0,Supplier A,0.0
05,05-analytically-tractable-verification,strict,2000,0,0,Supplier B,0.0
05,05-analytically-tractable-verification,strict,2000,0,0,Supplier C,0.0
05,05-analytically-tractable-verification,strict,2000,0,0,Supplier D,1.0
05,05-analytically-tractable-verification,strict,2000,1,0,Supplier A,0.0
05,05-analytically-tractable-verification,strict,2000,1,0,Supplier B,0.0
05,05-analytically-tractable-verification,strict,2000,1,0,Supplier C,0.0
05,05-analytically-tractable-verification,strict,2000,1,0,Supplier D,1.0
05,05-analytically-tractable-verification,strict,2000,2,0,Supplier A,0.0
05,05-analytically-tractable-verification,strict,2000,2,0,Supplier B,0.0
05,05-analytically-tractable-verification,strict,2000,2,0,Supplier C,0.0
05,05-analytically-tractable-verification,strict,2000,2,0,Supplier D,1.0
05,05-analytically-tractable-verification,strict,2000,3,0,Supplier A,0.0
05,05-analytically-tractable-verification,strict,2000,3,0,Supplier B,0.0
05,05-analytically-tractable-verification,strict,2000,3,0,Supplier C,0.0
05,05-analytically-tractable-verification,strict,2000,3,0,Supplier D,1.0
05,05-analytically-tractable-verification,strict,2000,4,0,Supplier A,0.0
05,05-analytically-tractable-verification,strict,2000,4,0,Supplier B,0.0
05,05-analytically-tractable-verification,strict,2000,4,0,Supplier C,0.0
05,05-analytically-tractable-verification,strict,2000,4,0,Supplier D,1.0
05,05-analytically-tractable-verification,strict,5000,0,0,Supplier A,0.0
05,05-analytically-tractable-verification,strict,5000,0,0,Supplier B,0.0
05,05-analytically-tractable-verification,strict,5000,0,0,Supplier C,0.0
05,05-analytically-tractable-verification,strict,5000,0,0,Supplier D,1.0
05,05-analytically-tractable-verification,strict,5000,1,0,Supplier A,0.0
05,05-analytically-tractable-verification,strict,5000,1,0,Supplier B,0.0
05,05-analytically-tractable-verification,strict,5000,1,0,Supplier C,0.0
05,05-analytically-tractable-verification,strict,5000,1,0,Supplier D,1.0
05,05-analytically-tractable-verification,strict,5000,2,0,Supplier A,0.0
05,05-analytically-tractable-verification,strict,5000,2,0,Supplier B,0.0
05,05-analytically-tractable-verification,strict,5000,2,0,Supplier C,0.0
05,05-analytically-tractable-verification,strict,5000,2,0,Supplier D,1.0
05,05-analytically-tractable-verification,strict,5000,3,0,Supplier A,0.0
05,05-analytically-tractable-verification,strict,5000,3,0,Supplier B,0.0
05,05-analytically-tractable-verification,strict,5000,3,0,Supplier C,0.0
05,05-analytically-tractable-verification,strict,5000,3,0,Supplier D,1.0
05,05-analytically-tractable-verification,strict,5000,4,0,Supplier A,0.0
05,05-analytically-tractable-verification,strict,5000,4,0,Supplier B,0.0
05,05-analytically-tractable-verification,strict,5000,4,0,Supplier C,0.0
05,05-analytically-tractable-verification,strict,5000,4,0,Supplier D,1.0
05,05-analytically-tractable-verification,strict,10000,0,0,Supplier A,0.0
05,05-analytically-tractable-verification,strict,10000,0,0,Supplier B,0.0
05,05-analytically-tractable-verification,strict,10000,0,0,Supplier C,0.0
05,05-analytically-tractable-verification,strict,10000,0,0,Supplier D,1.0
05,05-analytically-tractable-verification,strict,10000,1,0,Supplier A,0.0
05,05-analytically-tractable-verification,strict,10000,1,0,Supplier B,0.0
05,05-analytically-tractable-verification,strict,10000,1,0,Supplier C,0.0
05,05-analytically-tractable-verification,strict,10000,1,0,Supplier D,1.0
05,05-analytically-tractable-verification,strict,10000,2,0,Supplier A,0.0
05,05-analytically-tractable-verification,strict,10000,2,0,Supplier B,0.0
05,05-analytically-tractable-verification,strict,10000,2,0,Supplier C,0.0
05,05-analytically-tractable-verification,strict,10000,2,0,Supplier D,1.0
05,05-analytically-tractable-verification,strict,10000,3,0,Supplier A,0.0
05,05-analytically-tractable-verification,strict,10000,3,0,Supplier B,0.0
05,05-analytically-tractable-verification,strict,10000,3,0,Supplier C,0.0
05,05-analytically-tractable-verification,strict,10000,3,0,Supplier D,1.0
05,05-analytically-tractable-verification,strict,10000,4,0,Supplier A,0.0
05,05-analytically-tractable-verification,strict,10000,4,0,Supplier B,0.0
05,05-analytically-tractable-verification,strict,10000,4,0,Supplier C,0.0
05,05-analytically-tractable-verification,strict,10000,4,0,Supplier D,1.0
05,05-analytically-tractable-verification,non_strict,50,0,pooled,Supplier A,0.0
05,05-analytically-tractable-verification,non_strict,50,0,pooled,Supplier B,0.0
05,05-analytically-tractable-verification,non_strict,50,0,pooled,Supplier C,0.0
05,05-analytically-tractable-verification,non_strict,50,0,pooled,Supplier D,1.0
05,05-analytically-tractable-verification,non_strict,50,1,pooled,Supplier A,0.0
05,05-analytically-tractable-verification,non_strict,50,1,pooled,Supplier B,0.0
05,05-analytically-tractable-verification,non_strict,50,1,pooled,Supplier C,0.0
05,05-analytically-tractable-verification,non_strict,50,1,pooled,Supplier D,1.0
05,05-analytically-tractable-verification,non_strict,50,2,pooled,Supplier A,0.0
05,05-analytically-tractable-verification,non_strict,50,2,pooled,Supplier B,0.0
05,05-analytically-tractable-verification,non_strict,50,2,pooled,Supplier C,0.0
05,05-analytically-tractable-verification,non_strict,50,2,pooled,Supplier D,1.0
05,05-analytically-tractable-verification,non_strict,50,3,pooled,Supplier A,0.0
05,05-analytically-tractable-verification,non_strict,50,3,pooled,Supplier B,0.0
05,05-analytically-tractable-verification,non_strict,50,3,pooled,Supplier C,0.0
05,05-analytically-tractable-verification,non_strict,50,3,pooled,Supplier D,1.0
05,05-analytically-tractable-verification,non_strict,50,4,pooled,Supplier A,0.0
05,05-analytically-tractable-verification,non_strict,50,4,pooled,Supplier B,0.0
05,05-analytically-tractable-verification,non_strict,50,4,pooled,Supplier C,0.0
05,05-analytically-tractable-verification,non_strict,50,4,pooled,Supplier D,1.0
05,05-analytically-tractable-verification,non_strict,100,0,pooled,Supplier A,0.0
05,05-analytically-tractable-verification,non_strict,100,0,pooled,Supplier B,0.0
05,05-analytically-tractable-verification,non_strict,100,0,pooled,Supplier C,0.0
05,05-analytically-tractable-verification,non_strict,100,0,pooled,Supplier D,1.0
05,05-analytically-tractable-verification,non_strict,100,1,pooled,Supplier A,0.0
05,05-analytically-tractable-verification,non_strict,100,1,pooled,Supplier B,0.0
05,05-analytically-tractable-verification,non_strict,100,1,pooled,Supplier C,0.0
05,05-analytically-tractable-verification,non_strict,100,1,pooled,Supplier D,1.0
05,05-analytically-tractable-verification,non_strict,100,2,pooled,Supplier A,0.0
05,05-analytically-tractable-verification,non_strict,100,2,pooled,Supplier B,0.0
05,05-analytically-tractable-verification,non_strict,100,2,pooled,Supplier C,0.0
05,05-analytically-tractable-verification,non_strict,100,2,pooled,Supplier D,1.0
05,05-analytically-tractable-verification,non_strict,100,3,pooled,Supplier A,0.0
05,05-analytically-tractable-verification,non_strict,100,3,pooled,Supplier B,0.0
05,05-analytically-tractable-verification,non_strict,100,3,pooled,Supplier C,0.0
05,05-analytically-tractable-verification,non_strict,100,3,pooled,Supplier D,1.0
05,05-analytically-tractable-verification,non_strict,100,4,pooled,Supplier A,0.0
05,05-analytically-tractable-verification,non_strict,100,4,pooled,Supplier B,0.0
05,05-analytically-tractable-verification,non_strict,100,4,pooled,Supplier C,0.0
05,05-analytically-tractable-verification,non_strict,100,4,pooled,Supplier D,1.0
05,05-analytically-tractable-verification,non_strict,200,0,pooled,Supplier A,0.0
05,05-analytically-tractable-verification,non_strict,200,0,pooled,Supplier B,0.0
05,05-analytically-tractable-verification,non_strict,200,0,pooled,Supplier C,0.0
05,05-analytically-tractable-verification,non_strict,200,0,pooled,Supplier D,1.0
05,05-analytically-tractable-verification,non_strict,200,1,pooled,Supplier A,0.0
05,05-analytically-tractable-verification,non_strict,200,1,pooled,Supplier B,0.0
05,05-analytically-tractable-verification,non_strict,200,1,pooled,Supplier C,0.0
05,05-analytically-tractable-verification,non_strict,200,1,pooled,Supplier D,1.0
05,05-analytically-tractable-verification,non_strict,200,2,pooled,Supplier A,0.0
05,05-analytically-tractable-verification,non_strict,200,2,pooled,Supplier B,0.0
05,05-analytically-tractable-verification,non_strict,200,2,pooled,Supplier C,0.0
05,05-analytically-tractable-verification,non_strict,200,2,pooled,Supplier D,1.0
05,05-analytically-tractable-verification,non_strict,200,3,pooled,Supplier A,0.0
05,05-analytically-tractable-verification,non_strict,200,3,pooled,Supplier B,0.0
05,05-analytically-tractable-verification,non_strict,200,3,pooled,Supplier C,0.0
05,05-analytically-tractable-verification,non_strict,200,3,pooled,Supplier D,1.0
05,05-analytically-tractable-verification,non_strict,200,4,pooled,Supplier A,0.0
05,05-analytically-tractable-verification,non_strict,200,4,pooled,Supplier B,0.0
05,05-analytically-tractable-verification,non_strict,200,4,pooled,Supplier C,0.0
05,05-analytically-tractable-verification,non_strict,200,4,pooled,Supplier D,1.0
05,05-analytically-tractable-verification,non_strict,500,0,pooled,Supplier A,0.0
05,05-analytically-tractable-verification,non_strict,500,0,pooled,Supplier B,0.0
05,05-analytically-tractable-verification,non_strict,500,0,pooled,Supplier C,0.0
05,05-analytically-tractable-verification,non_strict,500,0,pooled,Supplier D,1.0
05,05-analytically-tractable-verification,non_strict,500,1,pooled,Supplier A,0.0
05,05-analytically-tractable-verification,non_strict,500,1,pooled,Supplier B,0.0
05,05-analytically-tractable-verification,non_strict,500,1,pooled,Supplier C,0.0
05,05-analytically-tractable-verification,non_strict,500,1,pooled,Supplier D,1.0
05,05-analytically-tractable-verification,non_strict,500,2,pooled,Supplier A,0.0
05,05-analytically-tractable-verification,non_strict,500,2,pooled,Supplier B,0.0
05,05-analytically-tractable-verification,non_strict,500,2,pooled,Supplier C,0.0
05,05-analytically-tractable-verification,non_strict,500,2,pooled,Supplier D,1.0
05,05-analytically-tractable-verification,non_strict,500,3,pooled,Supplier A,0.0
05,05-analytically-tractable-verification,non_strict,500,3,pooled,Supplier B,0.0
05,05-analytically-tractable-verification,non_strict,500,3,pooled,Supplier C,0.0
05,05-analytically-tractable-verification,non_strict,500,3,pooled,Supplier D,1.0
05,05-analytically-tractable-verification,non_strict,500,4,pooled,Supplier A,0.0
05,05-analytically-tractable-verification,non_strict,500,4,pooled,Supplier B,0.0
05,05-analytically-tractable-verification,non_strict,500,4,pooled,Supplier C,0.0
05,05-analytically-tractable-verification,non_strict,500,4,pooled,Supplier D,1.0
05,05-analytically-tractable-verification,non_strict,1000,0,pooled,Supplier A,0.0
05,05-analytically-tractable-verification,non_strict,1000,0,pooled,Supplier B,0.0
05,05-analytically-tractable-verification,non_strict,1000,0,pooled,Supplier C,0.0
05,05-analytically-tractable-verification,non_strict,1000,0,pooled,Supplier D,1.0
05,05-analytically-tractable-verification,non_strict,1000,1,pooled,Supplier A,0.0
05,05-analytically-tractable-verification,non_strict,1000,1,pooled,Supplier B,0.0
05,05-analytically-tractable-verification,non_strict,1000,1,pooled,Supplier C,0.0
05,05-analytically-tractable-verification,non_strict,1000,1,pooled,Supplier D,1.0
05,05-analytically-tractable-verification,non_strict,1000,2,pooled,Supplier A,0.0
05,05-analytically-tractable-verification,non_strict,1000,2,pooled,Supplier B,0.0
05,05-analytically-tractable-verification,non_strict,1000,2,pooled,Supplier C,0.0
05,05-analytically-tractable-verification,non_strict,1000,2,pooled,Supplier D,1.0
05,05-analytically-tractable-verification,non_strict,1000,3,pooled,Supplier A,0.0
05,05-analytically-tractable-verification,non_strict,1000,3,pooled,Supplier B,0.0
05,05-analytically-tractable-verification,non_strict,1000,3,pooled,Supplier C,0.0
05,05-analytically-tractable-verification,non_strict,1000,3,pooled,Supplier D,1.0
05,05-analytically-tractable-verification,non_strict,1000,4,pooled,Supplier A,0.0
05,05-analytically-tractable-verification,non_strict,1000,4,pooled,Supplier B,0.0
05,05-analytically-tractable-verification,non_strict,1000,4,pooled,Supplier C,0.0
05,05-analytically-tractable-verification,non_strict,1000,4,pooled,Supplier D,1.0
05,05-analytically-tractable-verification,non_strict,2000,0,pooled,Supplier A,0.0
05,05-analytically-tractable-verification,non_strict,2000,0,pooled,Supplier B,0.0
05,05-analytically-tractable-verification,non_strict,2000,0,pooled,Supplier C,0.0
05,05-analytically-tractable-verification,non_strict,2000,0,pooled,Supplier D,1.0
05,05-analytically-tractable-verification,non_strict,2000,1,pooled,Supplier A,0.0
05,05-analytically-tractable-verification,non_strict,2000,1,pooled,Supplier B,0.0
05,05-analytically-tractable-verification,non_strict,2000,1,pooled,Supplier C,0.0
05,05-analytically-tractable-verification,non_strict,2000,1,pooled,Supplier D,1.0
05,05-analytically-tractable-verification,non_strict,2000,2,pooled,Supplier A,0.0
05,05-analytically-tractable-verification,non_strict,2000,2,pooled,Supplier B,0.0
05,05-analytically-tractable-verification,non_strict,2000,2,pooled,Supplier C,0.0
05,05-analytically-tractable-verification,non_strict,2000,2,pooled,Supplier D,1.0
05,05-analytically-tractable-verification,non_strict,2000,3,pooled,Supplier A,0.0
05,05-analytically-tractable-verification,non_strict,2000,3,pooled,Supplier B,0.0
05,05-analytically-tractable-verification,non_strict,2000,3,pooled,Supplier C,0.0
05,05-analytically-tractable-verification,non_strict,2000,3,pooled,Supplier D,1.0
05,05-analytically-tractable-verification,non_strict,2000,4,pooled,Supplier A,0.0
05,05-analytically-tractable-verification,non_strict,2000,4,pooled,Supplier B,0.0
05,05-analytically-tractable-verification,non_strict,2000,4,pooled,Supplier C,0.0
05,05-analytically-tractable-verification,non_strict,2000,4,pooled,Supplier D,1.0
05,05-analytically-tractable-verification,non_strict,5000,0,pooled,Supplier A,0.0
05,05-analytically-tractable-verification,non_strict,5000,0,pooled,Supplier B,0.0
05,05-analytically-tractable-verification,non_strict,5000,0,pooled,Supplier C,0.0
05,05-analytically-tractable-verification,non_strict,5000,0,pooled,Supplier D,1.0
05,05-analytically-tractable-verification,non_strict,5000,1,pooled,Supplier A,0.0
05,05-analytically-tractable-verification,non_strict,5000,1,pooled,Supplier B,0.0
05,05-analytically-tractable-verification,non_strict,5000,1,pooled,Supplier C,0.0
05,05-analytically-tractable-verification,non_strict,5000,1,pooled,Supplier D,1.0
05,05-analytically-tractable-verification,non_strict,5000,2,pooled,Supplier A,0.0
05,05-analytically-tractable-verification,non_strict,5000,2,pooled,Supplier B,0.0
05,05-analytically-tractable-verification,non_strict,5000,2,pooled,Supplier C,0.0
05,05-analytically-tractable-verification,non_strict,5000,2,pooled,Supplier D,1.0
05,05-analytically-tractable-verification,non_strict,5000,3,pooled,Supplier A,0.0
05,05-analytically-tractable-verification,non_strict,5000,3,pooled,Supplier B,0.0
05,05-analytically-tractable-verification,non_strict,5000,3,pooled,Supplier C,0.0
05,05-analytically-tractable-verification,non_strict,5000,3,pooled,Supplier D,1.0
05,05-analytically-tractable-verification,non_strict,5000,4,pooled,Supplier A,0.0
05,05-analytically-tractable-verification,non_strict,5000,4,pooled,Supplier B,0.0
05,05-analytically-tractable-verification,non_strict,5000,4,pooled,Supplier C,0.0
05,05-analytically-tractable-verification,non_strict,5000,4,pooled,Supplier D,1.0
05,05-analytically-tractable-verification,non_strict,10000,0,pooled,Supplier A,0.0
05,05-analytically-tractable-verification,non_strict,10000,0,pooled,Supplier B,0.0
05,05-analytically-tractable-verification,non_strict,10000,0,pooled,Supplier C,0.0
05,05-analytically-tractable-verification,non_strict,10000,0,pooled,Supplier D,1.0
05,05-analytically-tractable-verification,non_strict,10000,1,pooled,Supplier A,0.0
05,05-analytically-tractable-verification,non_strict,10000,1,pooled,Supplier B,0.0
05,05-analytically-tractable-verification,non_strict,10000,1,pooled,Supplier C,0.0
05,05-analytically-tractable-verification,non_strict,10000,1,pooled,Supplier D,1.0
05,05-analytically-tractable-verification,non_strict,10000,2,pooled,Supplier A,0.0
05,05-analytically-tractable-verification,non_strict,10000,2,pooled,Supplier B,0.0
05,05-analytically-tractable-verification,non_strict,10000,2,pooled,Supplier C,0.0
05,05-analytically-tractable-verification,non_strict,10000,2,pooled,Supplier D,1.0
05,05-analytically-tractable-verification,non_strict,10000,3,pooled,Supplier A,0.0
05,05-analytically-tractable-verification,non_strict,10000,3,pooled,Supplier B,0.0
05,05-analytically-tractable-verification,non_strict,10000,3,pooled,Supplier C,0.0
05,05-analytically-tractable-verification,non_strict,10000,3,pooled,Supplier D,1.0
05,05-analytically-tractable-verification,non_strict,10000,4,pooled,Supplier A,0.0
05,05-analytically-tractable-verification,non_strict,10000,4,pooled,Supplier B,0.0
05,05-analytically-tractable-verification,non_strict,10000,4,pooled,Supplier C,0.0
05,05-analytically-tractable-verification,non_strict,10000,4,pooled,Supplier D,1.0
