case_key,case_name,mc_mode,mc_iterations,repeat_id,elicitation_id,alternative,mean,std,std_over_mean_pct
01,01-port-selection-liang-et-al,strict,50,0,0,Piraeus,0.490143,0.006725,1.372
01,01-port-selection-liang-et-al,strict,50,0,0,Koper,0.532366,0.006547,1.2298
01,01-port-selection-liang-et-al,strict,50,0,0,Genoa,0.306003,0.004026,1.3156
01,01-port-selection-liang-et-al,strict,50,0,0,Antwerp,0.534949,0.00384,0.7178
01,01-port-selection-liang-et-al,strict,50,0,0,Rotterdam,0.636109,0.001162,0.1826
01,01-port-selection-liang-et-al,strict,50,0,0,Hamburg,0.497126,0.006501,1.3077
01,01-port-selection-liang-et-al,strict,50,0,0,Gdansk,0.582807,0.002864,0.4914
01,01-port-selection-liang-et-al,strict,50,1,0,Piraeus,0.488398,0.00807,1.6523
01,01-port-selection-liang-et-al,strict,50,1,0,Koper,0.530875,0.006946,1.3084
01,01-port-selection-liang-et-al,strict,50,1,0,Genoa,0.305016,0.004454,1.4603
01,01-port-selection-liang-et-al,strict,50,1,0,Antwerp,0.534072,0.004079,0.7638
01,01-port-selection-liang-et-al,strict,50,1,0,Rotterdam,0.636268,0.001619,0.2544
01,01-port-selection-liang-et-al,strict,50,1,0,Hamburg,0.498828,0.007848,1.5732
01,01-port-selection-liang-et-al,strict,50,1,0,Gdansk,0.583396,0.002776,0.4759
01,01-port-selection-liang-et-al,strict,50,2,0,Piraeus,0.488802,0.00724,1.4811
01,01-port-selection-liang-et-al,strict,50,2,0,Koper,0.53119,0.006564,1.2358
01,01-port-selection-liang-et-al,strict,50,2,0,Genoa,0.305235,0.004096,1.3418
01,01-port-selection-liang-et-al,strict,50,2,0,Antwerp,0.5342,0.003784,0.7084
01,01-port-selection-liang-et-al,strict,50,2,0,Rotterdam,0.636139,0.001624,0.2554
01,01-port-selection-liang-et-al,strict,50,2,0,Hamburg,0.498317,0.007017,1.4082
01,01-port-selection-liang-et-al,strict,50,2,0,Gdansk,0.583211,0.002604,0.4465
01,01-port-selection-liang-et-al,strict,50,3,0,Piraeus,0.488357,0.007646,1.5657
01,01-port-selection-liang-et-al,strict,50,3,0,Koper,0.53119,0.006598,1.2422
01,01-port-selection-liang-et-al,strict,50,3,0,Genoa,0.305132,0.004214,1.3809
01,01-port-selection-liang-et-al,strict,50,3,0,Antwerp,0.5342,0.003834,0.7177
01,01-port-selection-liang-et-al,strict,50,3,0,Rotterdam,0.636428,0.001674,0.263
01,01-port-selection-liang-et-al,strict,50,3,0,Hamburg,0.498867,0.007511,1.5055
01,01-port-selection-liang-et-al,strict,50,3,0,Gdansk,0.583213,0.002674,0.4586
01,01-port-selection-liang-et-al,strict,50,4,0,Piraeus,0.48969,0.007298,1.4904
01,01-port-selection-liang-et-al,strict,50,4,0,Koper,0.531846,0.006625,1.2457
01,01-port-selection-liang-et-al,strict,50,4,0,Genoa,0.305682,0.004153,1.3585
01,01-port-selection-liang-et-al,strict,50,4,0,Antwerp,0.534601,0.003851,0.7203
01,01-port-selection-liang-et-al,strict,50,4,0,Rotterdam,0.636009,0.001516,0.2383
01,01-port-selection-liang-et-al,strict,50,4,0,Hamburg,0.497519,0.007059,1.4188
01,01-port-selection-liang-et-al,strict,50,4,0,Gdansk,0.583079,0.002691,0.4615
01,01-port-selection-liang-et-al,strict,100,0,0,Piraeus,0.488709,0.007183,1.4698
01,01-port-selection-liang-et-al,strict,100,0,0,Koper,0.530859,0.006388,1.2033
01,01-port-selection-liang-et-al,strict,100,0,0,Genoa,0.305086,0.004034,1.3224
01,01-port-selection-liang-et-al,strict,100,0,0,Antwerp,0.534019,0.003699,0.6927
01,01-port-selection-liang-et-al,strict,100,0,0,Rotterdam,0.636003,0.001473,0.2316
01,01-port-selection-liang-et-al,strict,100,0,0,Hamburg,0.498424,0.006993,1.4031
01,01-port-selection-liang-et-al,strict,100,0,0,Gdansk,0.583449,0.002576,0.4415
01,01-port-selection-liang-et-al,strict,100,1,0,Piraeus,0.488875,0.007461,1.5261
01,01-port-selection-liang-et-al,strict,100,1,0,Koper,0.531358,0.00633,1.1914
01,01-port-selection-liang-et-al,strict,100,1,0,Genoa,0.305327,0.004077,1.3354
01,01-port-selection-liang-et-al,strict,100,1,0,Antwerp,0.534311,0.003698,0.6921
01,01-port-selection-liang-et-al,strict,100,1,0,Rotterdam,0.636228,0.00161,0.2531
01,01-port-selection-liang-et-al,strict,100,1,0,Hamburg,0.498293,0.007314,1.4677
01,01-port-selection-liang-et-al,strict,100,1,0,Gdansk,0.583134,0.002532,0.4343
01,01-port-selection-liang-et-al,strict,100,2,0,Piraeus,0.489938,0.007513,1.5334
01,01-port-selection-liang-et-al,strict,100,2,0,Koper,0.532482,0.006374,1.197
01,01-port-selection-liang-et-al,strict,100,2,0,Genoa,0.306011,0.004113,1.3442
01,01-port-selection-liang-et-al,strict,100,2,0,Antwerp,0.534999,0.003769,0.7045
01,01-port-selection-liang-et-al,strict,100,2,0,Rotterdam,0.636316,0.0016,0.2515
01,01-port-selection-liang-et-al,strict,100,2,0,Hamburg,0.497289,0.007344,1.4768
01,01-port-selection-liang-et-al,strict,100,2,0,Gdansk,0.58259,0.002575,0.442
01,01-port-selection-liang-et-al,strict,100,3,0,Piraeus,0.48925,0.00742,1.5167
01,01-port-selection-liang-et-al,strict,100,3,0,Koper,0.531879,0.006618,1.2443
01,01-port-selection-liang-et-al,strict,100,3,0,Genoa,0.305601,0.004181,1.368
01,01-port-selection-liang-et-al,strict,100,3,0,Antwerp,0.534625,0.003874,0.7246
01,01-port-selection-liang-et-al,strict,100,3,0,Rotterdam,0.636334,0.001585,0.2491
01,01-port-selection-liang-et-al,strict,100,3,0,Hamburg,0.498011,0.007243,1.4544
01,01-port-selection-liang-et-al,strict,100,3,0,Gdansk,0.582959,0.002774,0.4758
01,01-port-selection-liang-et-al,strict,100,4,0,Piraeus,0.490596,0.006889,1.4042
01,01-port-selection-liang-et-al,strict,100,4,0,Koper,0.53251,0.006366,1.1954
01,01-port-selection-liang-et-al,strict,100,4,0,Genoa,0.306148,0.003982,1.3007
01,01-port-selection-liang-et-al,strict,100,4,0,Antwerp,0.535009,0.00373,0.6973
01,01-port-selection-liang-et-al,strict,100,4,0,Rotterdam,0.63588,0.001348,0.2119
01,01-port-selection-liang-et-al,strict,100,4,0,Hamburg,0.49664,0.0067,1.3491
01,01-port-selection-liang-et-al,strict,100,4,0,Gdansk,0.582839,0.002731,0.4686
01,01-port-selection-liang-et-al,strict,200,0,0,Piraeus,0.489538,0.007779,1.589
01,01-port-selection-liang-et-al,strict,200,0,0,Koper,0.532285,0.006468,1.2152
01,01-port-selection-liang-et-al,strict,200,0,0,Genoa,0.305826,0.004196,1.3719
01,01-port-selection-liang-et-al,strict,200,0,0,Antwerp,0.534846,0.003804,0.7112
01,01-port-selection-liang-et-al,strict,200,0,0,Rotterdam,0.636424,0.001709,0.2685
01,01-port-selection-liang-et-al,strict,200,0,0,Hamburg,0.497733,0.007605,1.528
01,01-port-selection-liang-et-al,strict,200,0,0,Gdansk,0.582736,0.002568,0.4407
01,01-port-selection-liang-et-al,strict,200,1,0,Piraeus,0.489906,0.007021,1.4331
01,01-port-selection-liang-et-al,strict,200,1,0,Koper,0.532174,0.006402,1.203
01,01-port-selection-liang-et-al,strict,200,1,0,Genoa,0.305875,0.004015,1.3126
01,01-port-selection-liang-et-al,strict,200,1,0,Antwerp,0.534811,0.003751,0.7014
01,01-port-selection-liang-et-al,strict,200,1,0,Rotterdam,0.63612,0.001417,0.2227
01,01-port-selection-liang-et-al,strict,200,1,0,Hamburg,0.497302,0.006829,1.3732
01,01-port-selection-liang-et-al,strict,200,1,0,Gdansk,0.582829,0.002693,0.462
01,01-port-selection-liang-et-al,strict,200,2,0,Piraeus,0.490446,0.006746,1.3755
01,01-port-selection-liang-et-al,strict,200,2,0,Koper,0.532664,0.006357,1.1935
01,01-port-selection-liang-et-al,strict,200,2,0,Genoa,0.306184,0.003934,1.2847
01,01-port-selection-liang-et-al,strict,200,2,0,Antwerp,0.535096,0.003719,0.6949
01,01-port-selection-liang-et-al,strict,200,2,0,Rotterdam,0.636089,0.00137,0.2154
01,01-port-selection-liang-et-al,strict,200,2,0,Hamburg,0.496776,0.006541,1.3166
01,01-port-selection-liang-et-al,strict,200,2,0,Gdansk,0.582631,0.002712,0.4655
01,01-port-selection-liang-et-al,strict,200,3,0,Piraeus,0.489116,0.007458,1.5249
01,01-port-selection-liang-et-al,strict,200,3,0,Koper,0.53155,0.006498,1.2224
01,01-port-selection-liang-et-al,strict,200,3,0,Genoa,0.30545,0.004143,1.3563
01,01-port-selection-liang-et-al,strict,200,3,0,Antwerp,0.534435,0.003802,0.7113
01,01-port-selection-liang-et-al,strict,200,3,0,Rotterdam,0.636211,0.001569,0.2467
01,01-port-selection-liang-et-al,strict,200,3,0,Hamburg,0.498085,0.007284,1.4623
01,01-port-selection-liang-et-al,strict,200,3,0,Gdansk,0.583088,0.002652,0.4548
01,01-port-selection-liang-et-al,strict,200,4,0,Piraeus,0.489314,0.007538,1.5406
01,01-port-selection-liang-et-al,strict,200,4,0,Koper,0.53181,0.006539,1.2296
01,01-port-selection-liang-et-al,strict,200,4,0,Genoa,0.3056,0.004171,1.365
01,01-port-selection-liang-et-al,strict,200,4,0,Antwerp,0.534593,0.003836,0.7176
01,01-port-selection-liang-et-al,strict,200,4,0,Rotterdam,0.636268,0.001626,0.2556
01,01-port-selection-liang-et-al,strict,200,4,0,Hamburg,0.497875,0.007335,1.4732
01,01-port-selection-liang-et-al,strict,200,4,0,Gdansk,0.582904,0.002621,0.4497
01,01-port-selection-liang-et-al,strict,500,0,0,Piraeus,0.489431,0.007524,1.5374
01,01-port-selection-liang-et-al,strict,500,0,0,Koper,0.531762,0.00654,1.2299
01,01-port-selection-liang-et-al,strict,500,0,0,Genoa,0.305604,0.00417,1.3647
01,01-port-selection-liang-et-al,strict,500,0,0,Antwerp,0.534562,0.003824,0.7154
01,01-port-selection-liang-et-al,strict,500,0,0,Rotterdam,0.636145,0.001589,0.2498
01,01-port-selection-liang-et-al,strict,500,0,0,Hamburg,0.497752,0.007322,1.4711
01,01-port-selection-liang-et-al,strict,500,0,0,Gdansk,0.582992,0.002612,0.4481
01,01-port-selection-liang-et-al,strict,500,1,0,Piraeus,0.489958,0.007313,1.4927
01,01-port-selection-liang-et-al,strict,500,1,0,Koper,0.532234,0.006434,1.2088
01,01-port-selection-liang-et-al,strict,500,1,0,Genoa,0.305907,0.004086,1.3357
01,01-port-selection-liang-et-al,strict,500,1,0,Antwerp,0.53484,0.003772,0.7053
01,01-port-selection-liang-et-al,strict,500,1,0,Rotterdam,0.636127,0.001502,0.2361
01,01-port-selection-liang-et-al,strict,500,1,0,Hamburg,0.497256,0.007105,1.4289
01,01-port-selection-liang-et-al,strict,500,1,0,Gdansk,0.582811,0.002613,0.4483
01,01-port-selection-liang-et-al,strict,500,2,0,Piraeus,0.488998,0.007362,1.5054
01,01-port-selection-liang-et-al,strict,500,2,0,Koper,0.531368,0.006265,1.179
01,01-port-selection-liang-et-al,strict,500,2,0,Genoa,0.305359,0.004038,1.3225
01,01-port-selection-liang-et-al,strict,500,2,0,Antwerp,0.534328,0.00368,0.6887
01,01-port-selection-liang-et-al,strict,500,2,0,Rotterdam,0.636169,0.001597,0.2511
01,01-port-selection-liang-et-al,strict,500,2,0,Hamburg,0.498168,0.007233,1.4518
01,01-port-selection-liang-et-al,strict,500,2,0,Gdansk,0.583145,0.002584,0.4431
01,01-port-selection-liang-et-al,strict,500,3,0,Piraeus,0.489737,0.007359,1.5027
01,01-port-selection-liang-et-al,strict,500,3,0,Koper,0.532164,0.006492,1.2199
01,01-port-selection-liang-et-al,strict,500,3,0,Genoa,0.305828,0.004118,1.3466
01,01-port-selection-liang-et-al,strict,500,3,0,Antwerp,0.534796,0.003802,0.7109
01,01-port-selection-liang-et-al,strict,500,3,0,Rotterdam,0.63621,0.001547,0.2431
01,01-port-selection-liang-et-al,strict,500,3,0,Hamburg,0.49749,0.007176,1.4425
01,01-port-selection-liang-et-al,strict,500,3,0,Gdansk,0.582827,0.002667,0.4577
01,01-port-selection-liang-et-al,strict,500,4,0,Piraeus,0.489859,0.007359,1.5023
01,01-port-selection-liang-et-al,strict,500,4,0,Koper,0.532154,0.006544,1.2297
01,01-port-selection-liang-et-al,strict,500,4,0,Genoa,0.305848,0.004137,1.3527
01,01-port-selection-liang-et-al,strict,500,4,0,Antwerp,0.534791,0.003827,0.7156
01,01-port-selection-liang-et-al,strict,500,4,0,Rotterdam,0.636132,0.001496,0.2351
01,01-port-selection-liang-et-al,strict,500,4,0,Hamburg,0.497368,0.007147,1.437
01,01-port-selection-liang-et-al,strict,500,4,0,Gdansk,0.582873,0.002669,0.458
01,01-port-selection-liang-et-al,strict,1000,0,0,Piraeus,0.489296,0.007415,1.5153
01,01-port-selection-liang-et-al,strict,1000,0,0,Koper,0.531717,0.006584,1.2382
01,01-port-selection-liang-et-al,strict,1000,0,0,Genoa,0.305552,0.004165,1.3632
01,01-port-selection-liang-et-al,strict,1000,0,0,Antwerp,0.534534,0.003849,0.72
01,01-port-selection-liang-et-al,strict,1000,0,0,Rotterdam,0.636205,0.001546,0.243
01,01-port-selection-liang-et-al,strict,1000,0,0,Hamburg,0.497922,0.007217,1.4494
01,01-port-selection-liang-et-al,strict,1000,0,0,Gdansk,0.583037,0.002704,0.4639
01,01-port-selection-liang-et-al,strict,1000,1,0,Piraeus,0.489409,0.007429,1.5179
01,01-port-selection-liang-et-al,strict,1000,1,0,Koper,0.531857,0.006531,1.2279
01,01-port-selection-liang-et-al,strict,1000,1,0,Genoa,0.305632,0.004145,1.3563
01,01-port-selection-liang-et-al,strict,1000,1,0,Antwerp,0.534608,0.003813,0.7132
01,01-port-selection-liang-et-al,strict,1000,1,0,Rotterdam,0.636214,0.001562,0.2455
01,01-port-selection-liang-et-al,strict,1000,1,0,Hamburg,0.497808,0.007245,1.4553
01,01-port-selection-liang-et-al,strict,1000,1,0,Gdansk,0.582968,0.002659,0.4561
01,01-port-selection-liang-et-al,strict,1000,2,0,Piraeus,0.488989,0.007529,1.5398
01,01-port-selection-liang-et-al,strict,1000,2,0,Koper,0.531531,0.00654,1.2304
01,01-port-selection-liang-et-al,strict,1000,2,0,Genoa,0.305415,0.004174,1.3666
01,01-port-selection-liang-et-al,strict,1000,2,0,Antwerp,0.534425,0.00383,0.7166
01,01-port-selection-liang-et-al,strict,1000,2,0,Rotterdam,0.636281,0.00161,0.253
01,01-port-selection-liang-et-al,strict,1000,2,0,Hamburg,0.498212,0.007358,1.4769
01,01-port-selection-liang-et-al,strict,1000,2,0,Gdansk,0.58306,0.002666,0.4572
01,01-port-selection-liang-et-al,strict,1000,3,0,Piraeus,0.48916,0.007702,1.5746
01,01-port-selection-liang-et-al,strict,1000,3,0,Koper,0.531789,0.006557,1.233
01,01-port-selection-liang-et-al,strict,1000,3,0,Genoa,0.305546,0.004219,1.3807
01,01-port-selection-liang-et-al,strict,1000,3,0,Antwerp,0.534565,0.003843,0.7188
01,01-port-selection-liang-et-al,strict,1000,3,0,Rotterdam,0.636331,0.00165,0.2593
01,01-port-selection-liang-et-al,strict,1000,3,0,Hamburg,0.498095,0.007543,1.5144
01,01-port-selection-liang-et-al,strict,1000,3,0,Gdansk,0.583001,0.002665,0.4572
01,01-port-selection-liang-et-al,strict,1000,4,0,Piraeus,0.489707,0.007407,1.5125
01,01-port-selection-liang-et-al,strict,1000,4,0,Koper,0.53208,0.006529,1.227
01,01-port-selection-liang-et-al,strict,1000,4,0,Genoa,0.305784,0.004143,1.3549
01,01-port-selection-liang-et-al,strict,1000,4,0,Antwerp,0.534744,0.003822,0.7147
01,01-port-selection-liang-et-al,strict,1000,4,0,Rotterdam,0.636179,0.001528,0.2402
01,01-port-selection-liang-et-al,strict,1000,4,0,Hamburg,0.497534,0.007206,1.4484
01,01-port-selection-liang-et-al,strict,1000,4,0,Gdansk,0.582908,0.002672,0.4584
01,01-port-selection-liang-et-al,strict,2000,0,0,Piraeus,0.48929,0.007467,1.5262
01,01-port-selection-liang-et-al,strict,2000,0,0,Koper,0.531661,0.00653,1.2282
01,01-port-selection-liang-et-al,strict,2000,0,0,Genoa,0.30553,0.004157,1.3605
01,01-port-selection-liang-et-al,strict,2000,0,0,Antwerp,0.534502,0.003823,0.7152
01,01-port-selection-liang-et-al,strict,2000,0,0,Rotterdam,0.636176,0.001567,0.2462
01,01-port-selection-liang-et-al,strict,2000,0,0,Hamburg,0.497914,0.007278,1.4616
01,01-port-selection-liang-et-al,strict,2000,0,0,Gdansk,0.583056,0.002663,0.4567
01,01-port-selection-liang-et-al,strict,2000,1,0,Piraeus,0.489579,0.007403,1.5121
01,01-port-selection-liang-et-al,strict,2000,1,0,Koper,0.531923,0.006453,1.2131
01,01-port-selection-liang-et-al,strict,2000,1,0,Genoa,0.305697,0.004113,1.3453
01,01-port-selection-liang-et-al,strict,2000,1,0,Antwerp,0.534649,0.003775,0.7062
01,01-port-selection-liang-et-al,strict,2000,1,0,Rotterdam,0.636153,0.00155,0.2436
01,01-port-selection-liang-et-al,strict,2000,1,0,Hamburg,0.497633,0.007222,1.4512
01,01-port-selection-liang-et-al,strict,2000,1,0,Gdansk,0.582958,0.002627,0.4507
01,01-port-selection-liang-et-al,strict,2000,2,0,Piraeus,0.489357,0.007516,1.5359
01,01-port-selection-liang-et-al,strict,2000,2,0,Koper,0.531815,0.006565,1.2345
01,01-port-selection-liang-et-al,strict,2000,2,0,Genoa,0.305604,0.004181,1.368
01,01-port-selection-liang-et-al,strict,2000,2,0,Antwerp,0.53459,0.003843,0.7189
01,01-port-selection-liang-et-al,strict,2000,2,0,Rotterdam,0.636228,0.001586,0.2493
01,01-port-selection-liang-et-al,strict,2000,2,0,Hamburg,0.497868,0.007328,1.4718
01,01-port-selection-liang-et-al,strict,2000,2,0,Gdansk,0.582988,0.002676,0.4591
01,01-port-selection-liang-et-al,strict,2000,3,0,Piraeus,0.489368,0.007556,1.544
01,01-port-selection-liang-et-al,strict,2000,3,0,Koper,0.531851,0.006492,1.2206
01,01-port-selection-liang-et-al,strict,2000,3,0,Genoa,0.305622,0.004158,1.3606
01,01-port-selection-liang-et-al,strict,2000,3,0,Antwerp,0.534604,0.0038,0.7109
01,01-port-selection-liang-et-al,strict,2000,3,0,Rotterdam,0.636241,0.00162,0.2547
01,01-port-selection-liang-et-al,strict,2000,3,0,Hamburg,0.497847,0.007378,1.4819
01,01-port-selection-liang-et-al,strict,2000,3,0,Gdansk,0.582954,0.002614,0.4484
01,01-port-selection-liang-et-al,strict,2000,4,0,Piraeus,0.489506,0.007328,1.4971
01,01-port-selection-liang-et-al,strict,2000,4,0,Koper,0.531847,0.006484,1.2191
01,01-port-selection-liang-et-al,strict,2000,4,0,Genoa,0.305653,0.004108,1.344
01,01-port-selection-liang-et-al,strict,2000,4,0,Antwerp,0.534609,0.00379,0.7089
01,01-port-selection-liang-et-al,strict,2000,4,0,Rotterdam,0.636152,0.001522,0.2393
01,01-port-selection-liang-et-al,strict,2000,4,0,Hamburg,0.497695,0.007137,1.434
01,01-port-selection-liang-et-al,strict,2000,4,0,Gdansk,0.582975,0.00265,0.4546
01,01-port-selection-liang-et-al,strict,5000,0,0,Piraeus,0.489427,0.00745,1.5221
01,01-port-selection-liang-et-al,strict,5000,0,0,Koper,0.531872,0.006513,1.2246
01,01-port-selection-liang-et-al,strict,5000,0,0,Genoa,0.305643,0.004146,1.3563
01,01-port-selection-liang-et-al,strict,5000,0,0,Antwerp,0.53462,0.003812,0.713
01,01-port-selection-liang-et-al,strict,5000,0,0,Rotterdam,0.636218,0.001571,0.247
01,01-port-selection-liang-et-al,strict,5000,0,0,Hamburg,0.497796,0.007264,1.4593
01,01-port-selection-liang-et-al,strict,5000,0,0,Gdansk,0.582965,0.002658,0.456
01,01-port-selection-liang-et-al,strict,5000,1,0,Piraeus,0.489531,0.007473,1.5265
01,01-port-selection-liang-et-al,strict,5000,1,0,Koper,0.531894,0.006485,1.2193
01,01-port-selection-liang-et-al,strict,5000,1,0,Genoa,0.305676,0.004141,1.3546
01,01-port-selection-liang-et-al,strict,5000,1,0,Antwerp,0.534635,0.003798,0.7104
01,01-port-selection-liang-et-al,strict,5000,1,0,Rotterdam,0.636168,0.001574,0.2475
01,01-port-selection-liang-et-al,strict,5000,1,0,Hamburg,0.497679,0.007289,1.4646
01,01-port-selection-liang-et-al,strict,5000,1,0,Gdansk,0.582958,0.002631,0.4514
01,01-port-selection-liang-et-al,strict,5000,2,0,Piraeus,0.489539,0.007519,1.536
01,01-port-selection-liang-et-al,strict,5000,2,0,Koper,0.531951,0.006532,1.2279
01,01-port-selection-liang-et-al,strict,5000,2,0,Genoa,0.305699,0.00417,1.3641
01,01-port-selection-liang-et-al,strict,5000,2,0,Antwerp,0.534673,0.00383,0.7164
01,01-port-selection-liang-et-al,strict,5000,2,0,Rotterdam,0.636208,0.00157,0.2467
01,01-port-selection-liang-et-al,strict,5000,2,0,Hamburg,0.497687,0.007329,1.4727
01,01-port-selection-liang-et-al,strict,5000,2,0,Gdansk,0.582928,0.002655,0.4555
01,01-port-selection-liang-et-al,strict,5000,3,0,Piraeus,0.489606,0.007414,1.5142
01,01-port-selection-liang-et-al,strict,5000,3,0,Koper,0.531989,0.006508,1.2233
01,01-port-selection-liang-et-al,strict,5000,3,0,Genoa,0.30573,0.004136,1.3528
01,01-port-selection-liang-et-al,strict,5000,3,0,Antwerp,0.534693,0.003811,0.7127
01,01-port-selection-liang-et-al,strict,5000,3,0,Rotterdam,0.636186,0.001546,0.2431
01,01-port-selection-liang-et-al,strict,5000,3,0,Hamburg,0.497613,0.007218,1.4506
01,01-port-selection-liang-et-al,strict,5000,3,0,Gdansk,0.582914,0.002653,0.455
01,01-port-selection-liang-et-al,strict,5000,4,0,Piraeus,0.489421,0.00755,1.5426
01,01-port-selection-liang-et-al,strict,5000,4,0,Koper,0.531917,0.006546,1.2306
01,01-port-selection-liang-et-al,strict,5000,4,0,Genoa,0.305658,0.004182,1.3681
01,01-port-selection-liang-et-al,strict,5000,4,0,Antwerp,0.534649,0.003837,0.7177
01,01-port-selection-liang-et-al,strict,5000,4,0,Rotterdam,0.636257,0.001587,0.2494
01,01-port-selection-liang-et-al,strict,5000,4,0,Hamburg,0.497817,0.00737,1.4804
01,01-port-selection-liang-et-al,strict,5000,4,0,Gdansk,0.58294,0.00267,0.4581
01,01-port-selection-liang-et-al,strict,10000,0,0,Piraeus,0.48953,0.007485,1.5291
01,01-port-selection-liang-et-al,strict,10000,0,0,Koper,0.531955,0.006523,1.2263
01,01-port-selection-liang-et-al,strict,10000,0,0,Genoa,0.305698,0.004158,1.3601
01,01-port-selection-liang-et-al,strict,10000,0,0,Antwerp,0.534671,0.00382,0.7145
01,01-port-selection-liang-et-al,strict,10000,0,0,Rotterdam,0.63621,0.001565,0.246
01,01-port-selection-liang-et-al,strict,10000,0,0,Hamburg,0.497697,0.007299,1.4665
01,01-port-selection-liang-et-al,strict,10000,0,0,Gdansk,0.58293,0.002655,0.4554
01,01-port-selection-liang-et-al,strict,10000,1,0,Piraeus,0.489482,0.00751,1.5344
01,01-port-selection-liang-et-al,strict,10000,1,0,Koper,0.531899,0.006527,1.2271
01,01-port-selection-liang-et-al,strict,10000,1,0,Genoa,0.305666,0.004165,1.3626
01,01-port-selection-liang-et-al,strict,10000,1,0,Antwerp,0.534639,0.003823,0.715
01,01-port-selection-liang-et-al,strict,10000,1,0,Rotterdam,0.636204,0.001576,0.2477
01,01-port-selection-liang-et-al,strict,10000,1,0,Hamburg,0.497737,0.007325,1.4716
01,01-port-selection-liang-et-al,strict,10000,1,0,Gdansk,0.582949,0.00265,0.4546
01,01-port-selection-liang-et-al,strict,10000,2,0,Piraeus,0.489381,0.007529,1.5384
01,01-port-selection-liang-et-al,strict,10000,2,0,Koper,0.531823,0.006542,1.2301
01,01-port-selection-liang-et-al,strict,10000,2,0,Genoa,0.305614,0.004175,1.366
01,01-port-selection-liang-et-al,strict,10000,2,0,Antwerp,0.534595,0.003832,0.7167
01,01-port-selection-liang-et-al,strict,10000,2,0,Rotterdam,0.636221,0.001583,0.2488
01,01-port-selection-liang-et-al,strict,10000,2,0,Hamburg,0.49784,0.007343,1.4749
01,01-port-selection-liang-et-al,strict,10000,2,0,Gdansk,0.58298,0.002658,0.456
01,01-port-selection-liang-et-al,strict,10000,3,0,Piraeus,0.489482,0.007442,1.5204
01,01-port-selection-liang-et-al,strict,10000,3,0,Koper,0.531892,0.006511,1.2241
01,01-port-selection-liang-et-al,strict,10000,3,0,Genoa,0.305663,0.004143,1.3553
01,01-port-selection-liang-et-al,strict,10000,3,0,Antwerp,0.534633,0.003809,0.7125
01,01-port-selection-liang-et-al,strict,10000,3,0,Rotterdam,0.636197,0.001562,0.2456
01,01-port-selection-liang-et-al,strict,10000,3,0,Hamburg,0.497736,0.007255,1.4576
01,01-port-selection-liang-et-al,strict,10000,3,0,Gdansk,0.582957,0.002652,0.4549
01,01-port-selection-liang-et-al,strict,10000,4,0,Piraeus,0.489403,0.007505,1.5335
01,01-port-selection-liang-et-al,strict,10000,4,0,Koper,0.531837,0.006527,1.2273
01,01-port-selection-liang-et-al,strict,10000,4,0,Genoa,0.305623,0.004164,1.3623
01,01-port-selection-liang-et-al,strict,10000,4,0,Antwerp,0.534601,0.003822,0.7149
01,01-port-selection-liang-et-al,strict,10000,4,0,Rotterdam,0.636213,0.001583,0.2488
01,01-port-selection-liang-et-al,strict,10000,4,0,Hamburg,0.497819,0.007325,1.4714
01,01-port-selection-liang-et-al,strict,10000,4,0,Gdansk,0.582981,0.002662,0.4567
01,01-port-selection-liang-et-al,non_strict,50,0,pooled,Piraeus,0.488071,0.008106,1.6608
01,01-port-selection-liang-et-al,non_strict,50,0,pooled,Koper,0.530901,0.00646,1.2167
01,01-port-selection-liang-et-al,non_strict,50,0,pooled,Genoa,0.304955,0.004256,1.3955
01,01-port-selection-liang-et-al,non_strict,50,0,pooled,Antwerp,0.534012,0.003755,0.7032
01,01-port-selection-liang-et-al,non_strict,50,0,pooled,Rotterdam,0.636415,0.001893,0.2974
01,01-port-selection-liang-et-al,non_strict,50,0,pooled,Hamburg,0.499107,0.007982,1.5993
01,01-port-selection-liang-et-al,non_strict,50,0,pooled,Gdansk,0.58331,0.002426,0.4158
01,01-port-selection-liang-et-al,non_strict,50,1,pooled,Piraeus,0.490351,0.007423,1.5138
01,01-port-selection-liang-et-al,non_strict,50,1,pooled,Koper,0.532814,0.006794,1.2751
01,01-port-selection-liang-et-al,non_strict,50,1,pooled,Genoa,0.306189,0.004235,1.3831
01,01-port-selection-liang-et-al,non_strict,50,1,pooled,Antwerp,0.535153,0.003949,0.738
01,01-port-selection-liang-et-al,non_strict,50,1,pooled,Rotterdam,0.636232,0.001511,0.2375
01,01-port-selection-liang-et-al,non_strict,50,1,pooled,Hamburg,0.496991,0.007157,1.4401
01,01-port-selection-liang-et-al,non_strict,50,1,pooled,Gdansk,0.582701,0.002784,0.4777
01,01-port-selection-liang-et-al,non_strict,50,2,pooled,Piraeus,0.48914,0.007197,1.4713
01,01-port-selection-liang-et-al,non_strict,50,2,pooled,Koper,0.531042,0.006105,1.1497
01,01-port-selection-liang-et-al,non_strict,50,2,pooled,Genoa,0.305265,0.003947,1.2931
01,01-port-selection-liang-et-al,non_strict,50,2,pooled,Antwerp,0.534141,0.003575,0.6692
01,01-port-selection-liang-et-al,non_strict,50,2,pooled,Rotterdam,0.635875,0.001405,0.2209
01,01-port-selection-liang-et-al,non_strict,50,2,pooled,Hamburg,0.497967,0.00705,1.4158
01,01-port-selection-liang-et-al,non_strict,50,2,pooled,Gdansk,0.583368,0.002472,0.4238
01,01-port-selection-liang-et-al,non_strict,50,3,pooled,Piraeus,0.48903,0.00797,1.6297
01,01-port-selection-liang-et-al,non_strict,50,3,pooled,Koper,0.531585,0.006774,1.2743
01,01-port-selection-liang-et-al,non_strict,50,3,pooled,Genoa,0.305437,0.004353,1.4252
01,01-port-selection-liang-et-al,non_strict,50,3,pooled,Antwerp,0.534452,0.003959,0.7407
01,01-port-selection-liang-et-al,non_strict,50,3,pooled,Rotterdam,0.636275,0.001755,0.2758
01,01-port-selection-liang-et-al,non_strict,50,3,pooled,Hamburg,0.498181,0.007745,1.5546
01,01-port-selection-liang-et-al,non_strict,50,3,pooled,Gdansk,0.583063,0.002623,0.4499
01,01-port-selection-liang-et-al,non_strict,50,4,pooled,Piraeus,0.489496,0.007441,1.5201
01,01-port-selection-liang-et-al,non_strict,50,4,pooled,Koper,0.531799,0.006719,1.2635
01,01-port-selection-liang-et-al,non_strict,50,4,pooled,Genoa,0.305645,0.004221,1.3809
01,01-port-selection-liang-et-al,non_strict,50,4,pooled,Antwerp,0.53461,0.003925,0.7341
01,01-port-selection-liang-et-al,non_strict,50,4,pooled,Rotterdam,0.636147,0.001494,0.2349
01,01-port-selection-liang-et-al,non_strict,50,4,pooled,Hamburg,0.497644,0.007184,1.4436
01,01-port-selection-liang-et-al,non_strict,50,4,pooled,Gdansk,0.582879,0.002657,0.4558
01,01-port-selection-liang-et-al,non_strict,100,0,pooled,Piraeus,0.488798,0.007623,1.5596
01,01-port-selection-liang-et-al,non_strict,100,0,pooled,Koper,0.531281,0.006519,1.227
01,01-port-selection-liang-et-al,non_strict,100,0,pooled,Genoa,0.305281,0.004196,1.3745
01,01-port-selection-liang-et-al,non_strict,100,0,pooled,Antwerp,0.534298,0.003842,0.7191
01,01-port-selection-liang-et-al,non_strict,100,0,pooled,Rotterdam,0.636263,0.00163,0.2561
01,01-port-selection-liang-et-al,non_strict,100,0,pooled,Hamburg,0.498387,0.007451,1.495
01,01-port-selection-liang-et-al,non_strict,100,0,pooled,Gdansk,0.583145,0.00266,0.4561
01,01-port-selection-liang-et-al,non_strict,100,1,pooled,Piraeus,0.489919,0.007589,1.549
01,01-port-selection-liang-et-al,non_strict,100,1,pooled,Koper,0.532285,0.006693,1.2574
01,01-port-selection-liang-et-al,non_strict,100,1,pooled,Genoa,0.305907,0.004249,1.3891
01,01-port-selection-liang-et-al,non_strict,100,1,pooled,Antwerp,0.534879,0.003931,0.7349
01,01-port-selection-liang-et-al,non_strict,100,1,pooled,Rotterdam,0.636189,0.001577,0.2479
01,01-port-selection-liang-et-al,non_strict,100,1,pooled,Hamburg,0.497349,0.007366,1.4811
01,01-port-selection-liang-et-al,non_strict,100,1,pooled,Gdansk,0.582831,0.002745,0.4709
01,01-port-selection-liang-et-al,non_strict,100,2,pooled,Piraeus,0.489895,0.007819,1.596
01,01-port-selection-liang-et-al,non_strict,100,2,pooled,Koper,0.532142,0.006607,1.2415
01,01-port-selection-liang-et-al,non_strict,100,2,pooled,Genoa,0.305838,0.004264,1.3944
01,01-port-selection-liang-et-al,non_strict,100,2,pooled,Antwerp,0.534765,0.003857,0.7212
01,01-port-selection-liang-et-al,non_strict,100,2,pooled,Rotterdam,0.636076,0.001573,0.2473
01,01-port-selection-liang-et-al,non_strict,100,2,pooled,Hamburg,0.497383,0.007615,1.531
01,01-port-selection-liang-et-al,non_strict,100,2,pooled,Gdansk,0.583009,0.002588,0.4439
01,01-port-selection-liang-et-al,non_strict,100,3,pooled,Piraeus,0.488954,0.008236,1.6845
01,01-port-selection-liang-et-al,non_strict,100,3,pooled,Koper,0.531858,0.006808,1.28
01,01-port-selection-liang-et-al,non_strict,100,3,pooled,Genoa,0.305516,0.004431,1.4502
01,01-port-selection-liang-et-al,non_strict,100,3,pooled,Antwerp,0.534599,0.003995,0.7473
01,01-port-selection-liang-et-al,non_strict,100,3,pooled,Rotterdam,0.636506,0.001794,0.2818
01,01-port-selection-liang-et-al,non_strict,100,3,pooled,Hamburg,0.498359,0.00806,1.6173
01,01-port-selection-liang-et-al,non_strict,100,3,pooled,Gdansk,0.582971,0.002691,0.4616
01,01-port-selection-liang-et-al,non_strict,100,4,pooled,Piraeus,0.489033,0.007269,1.4864
01,01-port-selection-liang-et-al,non_strict,100,4,pooled,Koper,0.531194,0.006217,1.1705
01,01-port-selection-liang-et-al,non_strict,100,4,pooled,Genoa,0.305301,0.00399,1.307
01,01-port-selection-liang-et-al,non_strict,100,4,pooled,Antwerp,0.534217,0.003623,0.6782
01,01-port-selection-liang-et-al,non_strict,100,4,pooled,Rotterdam,0.636016,0.00157,0.2468
01,01-port-selection-liang-et-al,non_strict,100,4,pooled,Hamburg,0.498065,0.00711,1.4275
01,01-port-selection-liang-et-al,non_strict,100,4,pooled,Gdansk,0.58322,0.002471,0.4237
01,01-port-selection-liang-et-al,non_strict,200,0,pooled,Piraeus,0.48929,0.007355,1.5032
01,01-port-selection-liang-et-al,non_strict,200,0,pooled,Koper,0.531655,0.006374,1.1988
01,01-port-selection-liang-et-al,non_strict,200,0,pooled,Genoa,0.305529,0.004059,1.3285
01,01-port-selection-liang-et-al,non_strict,200,0,pooled,Antwerp,0.534475,0.003707,0.6937
01,01-port-selection-liang-et-al,non_strict,200,0,pooled,Rotterdam,0.636146,0.001621,0.2548
01,01-port-selection-liang-et-al,non_strict,200,0,pooled,Hamburg,0.497865,0.007187,1.4436
01,01-port-selection-liang-et-al,non_strict,200,0,pooled,Gdansk,0.583025,0.00255,0.4374
01,01-port-selection-liang-et-al,non_strict,200,1,pooled,Piraeus,0.489402,0.007104,1.4515
01,01-port-selection-liang-et-al,non_strict,200,1,pooled,Koper,0.531561,0.006394,1.2028
01,01-port-selection-liang-et-al,non_strict,200,1,pooled,Genoa,0.305523,0.004025,1.3175
01,01-port-selection-liang-et-al,non_strict,200,1,pooled,Antwerp,0.534443,0.00372,0.6961
01,01-port-selection-liang-et-al,non_strict,200,1,pooled,Rotterdam,0.636023,0.001428,0.2244
01,01-port-selection-liang-et-al,non_strict,200,1,pooled,Hamburg,0.49774,0.006926,1.3915
01,01-port-selection-liang-et-al,non_strict,200,1,pooled,Gdansk,0.583094,0.002623,0.4498
01,01-port-selection-liang-et-al,non_strict,200,2,pooled,Piraeus,0.48944,0.007756,1.5846
01,01-port-selection-liang-et-al,non_strict,200,2,pooled,Koper,0.532003,0.006377,1.1986
01,01-port-selection-liang-et-al,non_strict,200,2,pooled,Genoa,0.305707,0.004158,1.3601
01,01-port-selection-liang-et-al,non_strict,200,2,pooled,Antwerp,0.534691,0.003746,0.7006
01,01-port-selection-liang-et-al,non_strict,200,2,pooled,Rotterdam,0.636293,0.00172,0.2703
01,01-port-selection-liang-et-al,non_strict,200,2,pooled,Hamburg,0.497747,0.007597,1.5263
01,01-port-selection-liang-et-al,non_strict,200,2,pooled,Gdansk,0.582808,0.002469,0.4237
01,01-port-selection-liang-et-al,non_strict,200,3,pooled,Piraeus,0.489678,0.00748,1.5276
01,01-port-selection-liang-et-al,non_strict,200,3,pooled,Koper,0.53199,0.006437,1.21
01,01-port-selection-liang-et-al,non_strict,200,3,pooled,Genoa,0.305738,0.004119,1.3471
01,01-port-selection-liang-et-al,non_strict,200,3,pooled,Antwerp,0.534675,0.003759,0.703
01,01-port-selection-liang-et-al,non_strict,200,3,pooled,Rotterdam,0.636125,0.001581,0.2485
01,01-port-selection-liang-et-al,non_strict,200,3,pooled,Hamburg,0.497546,0.007305,1.4683
01,01-port-selection-liang-et-al,non_strict,200,3,pooled,Gdansk,0.582975,0.002601,0.4461
01,01-port-selection-liang-et-al,non_strict,200,4,pooled,Piraeus,0.48888,0.007449,1.5236
01,01-port-selection-liang-et-al,non_strict,200,4,pooled,Koper,0.531351,0.006366,1.198
01,01-port-selection-liang-et-al,non_strict,200,4,pooled,Genoa,0.30532,0.004078,1.3358
01,01-port-selection-liang-et-al,non_strict,200,4,pooled,Antwerp,0.534298,0.00371,0.6943
01,01-port-selection-liang-et-al,non_strict,200,4,pooled,Rotterdam,0.636217,0.001663,0.2614
01,01-port-selection-liang-et-al,non_strict,200,4,pooled,Hamburg,0.498278,0.007288,1.4626
01,01-port-selection-liang-et-al,non_strict,200,4,pooled,Gdansk,0.583138,0.002541,0.4358
01,01-port-selection-liang-et-al,non_strict,500,0,pooled,Piraeus,0.488973,0.007391,1.5114
01,01-port-selection-liang-et-al,non_strict,500,0,pooled,Koper,0.531493,0.006439,1.2115
01,01-port-selection-liang-et-al,non_strict,500,0,pooled,Genoa,0.305393,0.004103,1.3436
01,01-port-selection-liang-et-al,non_strict,500,0,pooled,Antwerp,0.53439,0.003761,0.7038
01,01-port-selection-liang-et-al,non_strict,500,0,pooled,Rotterdam,0.636253,0.00159,0.2499
01,01-port-selection-liang-et-al,non_strict,500,0,pooled,Hamburg,0.498234,0.007245,1.4541
01,01-port-selection-liang-et-al,non_strict,500,0,pooled,Gdansk,0.583116,0.002661,0.4564
01,01-port-selection-liang-et-al,non_strict,500,1,pooled,Piraeus,0.489746,0.007492,1.5298
01,01-port-selection-liang-et-al,non_strict,500,1,pooled,Koper,0.532152,0.006521,1.2255
01,01-port-selection-liang-et-al,non_strict,500,1,pooled,Genoa,0.305818,0.004151,1.3574
01,01-port-selection-liang-et-al,non_strict,500,1,pooled,Antwerp,0.534774,0.003806,0.7118
01,01-port-selection-liang-et-al,non_strict,500,1,pooled,Rotterdam,0.636181,0.001611,0.2533
01,01-port-selection-liang-et-al,non_strict,500,1,pooled,Hamburg,0.497481,0.007299,1.4672
01,01-port-selection-liang-et-al,non_strict,500,1,pooled,Gdansk,0.582867,0.002623,0.4499
01,01-port-selection-liang-et-al,non_strict,500,2,pooled,Piraeus,0.489803,0.007553,1.542
01,01-port-selection-liang-et-al,non_strict,500,2,pooled,Koper,0.532285,0.006496,1.2205
01,01-port-selection-liang-et-al,non_strict,500,2,pooled,Genoa,0.305892,0.004162,1.3605
01,01-port-selection-liang-et-al,non_strict,500,2,pooled,Antwerp,0.534868,0.003817,0.7137
01,01-port-selection-liang-et-al,non_strict,500,2,pooled,Rotterdam,0.636262,0.001587,0.2495
01,01-port-selection-liang-et-al,non_strict,500,2,pooled,Hamburg,0.497435,0.007358,1.4791
01,01-port-selection-liang-et-al,non_strict,500,2,pooled,Gdansk,0.582751,0.002612,0.4483
01,01-port-selection-liang-et-al,non_strict,500,3,pooled,Piraeus,0.489462,0.007667,1.5664
01,01-port-selection-liang-et-al,non_strict,500,3,pooled,Koper,0.531985,0.00667,1.2538
01,01-port-selection-liang-et-al,non_strict,500,3,pooled,Genoa,0.305696,0.00426,1.3935
01,01-port-selection-liang-et-al,non_strict,500,3,pooled,Antwerp,0.534709,0.003928,0.7346
01,01-port-selection-liang-et-al,non_strict,500,3,pooled,Rotterdam,0.636297,0.001611,0.2532
01,01-port-selection-liang-et-al,non_strict,500,3,pooled,Hamburg,0.497783,0.007467,1.5
01,01-port-selection-liang-et-al,non_strict,500,3,pooled,Gdansk,0.582877,0.002731,0.4685
01,01-port-selection-liang-et-al,non_strict,500,4,pooled,Piraeus,0.489879,0.007323,1.4948
01,01-port-selection-liang-et-al,non_strict,500,4,pooled,Koper,0.532279,0.006582,1.2365
01,01-port-selection-liang-et-al,non_strict,500,4,pooled,Genoa,0.3059,0.00414,1.3535
01,01-port-selection-liang-et-al,non_strict,500,4,pooled,Antwerp,0.53486,0.003841,0.7182
01,01-port-selection-liang-et-al,non_strict,500,4,pooled,Rotterdam,0.636199,0.00147,0.2311
01,01-port-selection-liang-et-al,non_strict,500,4,pooled,Hamburg,0.497366,0.007102,1.4279
01,01-port-selection-liang-et-al,non_strict,500,4,pooled,Gdansk,0.582807,0.002685,0.4607
01,01-port-selection-liang-et-al,non_strict,1000,0,pooled,Piraeus,0.489428,0.007507,1.5338
01,01-port-selection-liang-et-al,non_strict,1000,0,pooled,Koper,0.531806,0.006497,1.2217
01,01-port-selection-liang-et-al,non_strict,1000,0,pooled,Genoa,0.305617,0.00415,1.3579
01,01-port-selection-liang-et-al,non_strict,1000,0,pooled,Antwerp,0.534579,0.003799,0.7106
01,01-port-selection-liang-et-al,non_strict,1000,0,pooled,Rotterdam,0.63617,0.001598,0.2512
01,01-port-selection-liang-et-al,non_strict,1000,0,pooled,Hamburg,0.497775,0.007326,1.4718
01,01-port-selection-liang-et-al,non_strict,1000,0,pooled,Gdansk,0.582995,0.002622,0.4498
01,01-port-selection-liang-et-al,non_strict,1000,1,pooled,Piraeus,0.489088,0.007588,1.5515
01,01-port-selection-liang-et-al,non_strict,1000,1,pooled,Koper,0.53154,0.006513,1.2253
01,01-port-selection-liang-et-al,non_strict,1000,1,pooled,Genoa,0.305441,0.004178,1.3677
01,01-port-selection-liang-et-al,non_strict,1000,1,pooled,Antwerp,0.534431,0.003817,0.7142
01,01-port-selection-liang-et-al,non_strict,1000,1,pooled,Rotterdam,0.636228,0.001604,0.252
01,01-port-selection-liang-et-al,non_strict,1000,1,pooled,Hamburg,0.498112,0.007412,1.4879
01,01-port-selection-liang-et-al,non_strict,1000,1,pooled,Gdansk,0.583081,0.002628,0.4508
01,01-port-selection-liang-et-al,non_strict,1000,2,pooled,Piraeus,0.489301,0.007492,1.5312
01,01-port-selection-liang-et-al,non_strict,1000,2,pooled,Koper,0.531763,0.006531,1.2282
01,01-port-selection-liang-et-al,non_strict,1000,2,pooled,Genoa,0.305572,0.004162,1.362
01,01-port-selection-liang-et-al,non_strict,1000,2,pooled,Antwerp,0.534558,0.003825,0.7155
01,01-port-selection-liang-et-al,non_strict,1000,2,pooled,Rotterdam,0.636232,0.001589,0.2497
01,01-port-selection-liang-et-al,non_strict,1000,2,pooled,Hamburg,0.49792,0.007307,1.4675
01,01-port-selection-liang-et-al,non_strict,1000,2,pooled,Gdansk,0.583005,0.002665,0.4572
01,01-port-selection-liang-et-al,non_strict,1000,3,pooled,Piraeus,0.489245,0.007415,1.5156
01,01-port-selection-liang-et-al,non_strict,1000,3,pooled,Koper,0.531709,0.006485,1.2196
01,01-port-selection-liang-et-al,non_strict,1000,3,pooled,Genoa,0.305539,0.004124,1.3497
01,01-port-selection-liang-et-al,non_strict,1000,3,pooled,Antwerp,0.534523,0.003794,0.7098
01,01-port-selection-liang-et-al,non_strict,1000,3,pooled,Rotterdam,0.636233,0.001588,0.2496
01,01-port-selection-liang-et-al,non_strict,1000,3,pooled,Hamburg,0.49796,0.007235,1.453
01,01-port-selection-liang-et-al,non_strict,1000,3,pooled,Gdansk,0.583009,0.002653,0.455
01,01-port-selection-liang-et-al,non_strict,1000,4,pooled,Piraeus,0.489793,0.00732,1.4945
01,01-port-selection-liang-et-al,non_strict,1000,4,pooled,Koper,0.532119,0.006396,1.202
01,01-port-selection-liang-et-al,non_strict,1000,4,pooled,Genoa,0.30582,0.004069,1.3304
01,01-port-selection-liang-et-al,non_strict,1000,4,pooled,Antwerp,0.534755,0.003736,0.6986
01,01-port-selection-liang-et-al,non_strict,1000,4,pooled,Rotterdam,0.636134,0.001542,0.2424
01,01-port-selection-liang-et-al,non_strict,1000,4,pooled,Hamburg,0.497425,0.007137,1.4347
01,01-port-selection-liang-et-al,non_strict,1000,4,pooled,Gdansk,0.58289,0.002598,0.4457
01,01-port-selection-liang-et-al,non_strict,2000,0,pooled,Piraeus,0.48945,0.007396,1.511
01,01-port-selection-liang-et-al,non_strict,2000,0,pooled,Koper,0.531773,0.006511,1.2244
01,01-port-selection-liang-et-al,non_strict,2000,0,pooled,Genoa,0.305612,0.004136,1.3533
01,01-port-selection-liang-et-al,non_strict,2000,0,pooled,Antwerp,0.53457,0.00381,0.7127
01,01-port-selection-liang-et-al,non_strict,2000,0,pooled,Rotterdam,0.636149,0.0015,0.2359
01,01-port-selection-liang-et-al,non_strict,2000,0,pooled,Hamburg,0.497757,0.007203,1.447
01,01-port-selection-liang-et-al,non_strict,2000,0,pooled,Gdansk,0.583017,0.002658,0.456
01,01-port-selection-liang-et-al,non_strict,2000,1,pooled,Piraeus,0.489386,0.007571,1.547
01,01-port-selection-liang-et-al,non_strict,2000,1,pooled,Koper,0.531816,0.006508,1.2237
01,01-port-selection-liang-et-al,non_strict,2000,1,pooled,Genoa,0.30561,0.004172,1.365
01,01-port-selection-liang-et-al,non_strict,2000,1,pooled,Antwerp,0.534586,0.003811,0.7128
01,01-port-selection-liang-et-al,non_strict,2000,1,pooled,Rotterdam,0.636204,0.001605,0.2522
01,01-port-selection-liang-et-al,non_strict,2000,1,pooled,Hamburg,0.497838,0.007397,1.4858
01,01-port-selection-liang-et-al,non_strict,2000,1,pooled,Gdansk,0.583003,0.002635,0.452
01,01-port-selection-liang-et-al,non_strict,2000,2,pooled,Piraeus,0.489691,0.007389,1.5089
01,01-port-selection-liang-et-al,non_strict,2000,2,pooled,Koper,0.532059,0.006417,1.206
01,01-port-selection-liang-et-al,non_strict,2000,2,pooled,Genoa,0.305776,0.004096,1.3394
01,01-port-selection-liang-et-al,non_strict,2000,2,pooled,Antwerp,0.534728,0.003758,0.7027
01,01-port-selection-liang-et-al,non_strict,2000,2,pooled,Rotterdam,0.636166,0.001572,0.2472
01,01-port-selection-liang-et-al,non_strict,2000,2,pooled,Hamburg,0.497524,0.007216,1.4504
01,01-port-selection-liang-et-al,non_strict,2000,2,pooled,Gdansk,0.58289,0.002617,0.4491
01,01-port-selection-liang-et-al,non_strict,2000,3,pooled,Piraeus,0.489464,0.00755,1.5424
01,01-port-selection-liang-et-al,non_strict,2000,3,pooled,Koper,0.531948,0.006501,1.2221
01,01-port-selection-liang-et-al,non_strict,2000,3,pooled,Genoa,0.305681,0.004163,1.3619
01,01-port-selection-liang-et-al,non_strict,2000,3,pooled,Antwerp,0.534664,0.003811,0.7128
01,01-port-selection-liang-et-al,non_strict,2000,3,pooled,Rotterdam,0.636246,0.001609,0.2529
01,01-port-selection-liang-et-al,non_strict,2000,3,pooled,Hamburg,0.497765,0.007373,1.4813
01,01-port-selection-liang-et-al,non_strict,2000,3,pooled,Gdansk,0.582921,0.002638,0.4525
01,01-port-selection-liang-et-al,non_strict,2000,4,pooled,Piraeus,0.489573,0.007371,1.5056
01,01-port-selection-liang-et-al,non_strict,2000,4,pooled,Koper,0.53198,0.006481,1.2183
01,01-port-selection-liang-et-al,non_strict,2000,4,pooled,Genoa,0.30572,0.004114,1.3457
01,01-port-selection-liang-et-al,non_strict,2000,4,pooled,Antwerp,0.534684,0.003791,0.709
01,01-port-selection-liang-et-al,non_strict,2000,4,pooled,Rotterdam,0.636195,0.001563,0.2456
01,01-port-selection-liang-et-al,non_strict,2000,4,pooled,Hamburg,0.497635,0.007185,1.4439
01,01-port-selection-liang-et-al,non_strict,2000,4,pooled,Gdansk,0.5829,0.002644,0.4537
01,01-port-selection-liang-et-al,non_strict,5000,0,pooled,Piraeus,0.489445,0.007482,1.5286
01,01-port-selection-liang-et-al,non_strict,5000,0,pooled,Koper,0.531837,0.006517,1.2253
01,01-port-selection-liang-et-al,non_strict,5000,0,pooled,Genoa,0.305633,0.004154,1.3593
01,01-port-selection-liang-et-al,non_strict,5000,0,pooled,Antwerp,0.534602,0.003815,0.7135
01,01-port-selection-liang-et-al,non_strict,5000,0,pooled,Rotterdam,0.636185,0.001577,0.2479
01,01-port-selection-liang-et-al,non_strict,5000,0,pooled,Hamburg,0.497768,0.007296,1.4658
01,01-port-selection-liang-et-al,non_strict,5000,0,pooled,Gdansk,0.582981,0.002649,0.4544
01,01-port-selection-liang-et-al,non_strict,5000,1,pooled,Piraeus,0.489424,0.00751,1.5345
01,01-port-selection-liang-et-al,non_strict,5000,1,pooled,Koper,0.531831,0.006555,1.2325
01,01-port-selection-liang-et-al,non_strict,5000,1,pooled,Genoa,0.305626,0.004174,1.3656
01,01-port-selection-liang-et-al,non_strict,5000,1,pooled,Antwerp,0.534599,0.003835,0.7174
01,01-port-selection-liang-et-al,non_strict,5000,1,pooled,Rotterdam,0.636198,0.00158,0.2484
01,01-port-selection-liang-et-al,non_strict,5000,1,pooled,Hamburg,0.497788,0.007313,1.4691
01,01-port-selection-liang-et-al,non_strict,5000,1,pooled,Gdansk,0.582975,0.002651,0.4547
01,01-port-selection-liang-et-al,non_strict,5000,2,pooled,Piraeus,0.489261,0.007502,1.5333
01,01-port-selection-liang-et-al,non_strict,5000,2,pooled,Koper,0.531742,0.006459,1.2146
01,01-port-selection-liang-et-al,non_strict,5000,2,pooled,Genoa,0.305556,0.004135,1.3532
01,01-port-selection-liang-et-al,non_strict,5000,2,pooled,Antwerp,0.534539,0.00378,0.7071
01,01-port-selection-liang-et-al,non_strict,5000,2,pooled,Rotterdam,0.636237,0.001608,0.2527
01,01-port-selection-liang-et-al,non_strict,5000,2,pooled,Hamburg,0.497948,0.007335,1.473
01,01-port-selection-liang-et-al,non_strict,5000,2,pooled,Gdansk,0.583002,0.00262,0.4494
01,01-port-selection-liang-et-al,non_strict,5000,3,pooled,Piraeus,0.489528,0.007463,1.5246
01,01-port-selection-liang-et-al,non_strict,5000,3,pooled,Koper,0.531881,0.006509,1.2237
01,01-port-selection-liang-et-al,non_strict,5000,3,pooled,Genoa,0.30567,0.004148,1.3571
01,01-port-selection-liang-et-al,non_strict,5000,3,pooled,Antwerp,0.534631,0.003811,0.7129
01,01-port-selection-liang-et-al,non_strict,5000,3,pooled,Rotterdam,0.636167,0.001544,0.2427
01,01-port-selection-liang-et-al,non_strict,5000,3,pooled,Hamburg,0.497685,0.007272,1.4613
01,01-port-selection-liang-et-al,non_strict,5000,3,pooled,Gdansk,0.582967,0.002642,0.4533
01,01-port-selection-liang-et-al,non_strict,5000,4,pooled,Piraeus,0.489261,0.007526,1.5383
01,01-port-selection-liang-et-al,non_strict,5000,4,pooled,Koper,0.531718,0.00654,1.23
01,01-port-selection-liang-et-al,non_strict,5000,4,pooled,Genoa,0.305547,0.004173,1.3657
01,01-port-selection-liang-et-al,non_strict,5000,4,pooled,Antwerp,0.534533,0.00383,0.7165
01,01-port-selection-liang-et-al,non_strict,5000,4,pooled,Rotterdam,0.636231,0.001585,0.2492
01,01-port-selection-liang-et-al,non_strict,5000,4,pooled,Hamburg,0.49795,0.007341,1.4742
01,01-port-selection-liang-et-al,non_strict,5000,4,pooled,Gdansk,0.583012,0.002655,0.4553
01,01-port-selection-liang-et-al,non_strict,10000,0,pooled,Piraeus,0.489413,0.007504,1.5333
01,01-port-selection-liang-et-al,non_strict,10000,0,pooled,Koper,0.531848,0.006521,1.2261
01,01-port-selection-liang-et-al,non_strict,10000,0,pooled,Genoa,0.305629,0.00416,1.3612
01,01-port-selection-liang-et-al,non_strict,10000,0,pooled,Antwerp,0.534605,0.003815,0.7137
01,01-port-selection-liang-et-al,non_strict,10000,0,pooled,Rotterdam,0.636211,0.001582,0.2487
01,01-port-selection-liang-et-al,non_strict,10000,0,pooled,Hamburg,0.497811,0.007324,1.4713
01,01-port-selection-liang-et-al,non_strict,10000,0,pooled,Gdansk,0.582982,0.002654,0.4552
01,01-port-selection-liang-et-al,non_strict,10000,1,pooled,Piraeus,0.489377,0.007529,1.5384
01,01-port-selection-liang-et-al,non_strict,10000,1,pooled,Koper,0.531817,0.006529,1.2277
01,01-port-selection-liang-et-al,non_strict,10000,1,pooled,Genoa,0.305611,0.00417,1.3645
01,01-port-selection-liang-et-al,non_strict,10000,1,pooled,Antwerp,0.534592,0.003826,0.7157
01,01-port-selection-liang-et-al,non_strict,10000,1,pooled,Rotterdam,0.636222,0.001583,0.2488
01,01-port-selection-liang-et-al,non_strict,10000,1,pooled,Hamburg,0.497843,0.007344,1.4751
01,01-port-selection-liang-et-al,non_strict,10000,1,pooled,Gdansk,0.582979,0.002652,0.4549
01,01-port-selection-liang-et-al,non_strict,10000,2,pooled,Piraeus,0.489388,0.007465,1.5253
01,01-port-selection-liang-et-al,non_strict,10000,2,pooled,Koper,0.531783,0.006518,1.2256
01,01-port-selection-liang-et-al,non_strict,10000,2,pooled,Genoa,0.3056,0.004152,1.3586
01,01-port-selection-liang-et-al,non_strict,10000,2,pooled,Antwerp,0.534571,0.003815,0.7137
01,01-port-selection-liang-et-al,non_strict,10000,2,pooled,Rotterdam,0.636189,0.001564,0.2458
01,01-port-selection-liang-et-al,non_strict,10000,2,pooled,Hamburg,0.497825,0.007278,1.462
01,01-port-selection-liang-et-al,non_strict,10000,2,pooled,Gdansk,0.583006,0.002656,0.4556
01,01-port-selection-liang-et-al,non_strict,10000,3,pooled,Piraeus,0.489424,0.00743,1.5181
01,01-port-selection-liang-et-al,non_strict,10000,3,pooled,Koper,0.531803,0.006519,1.2258
01,01-port-selection-liang-et-al,non_strict,10000,3,pooled,Genoa,0.305617,0.004143,1.3558
01,01-port-selection-liang-et-al,non_strict,10000,3,pooled,Antwerp,0.534585,0.003814,0.7135
01,01-port-selection-liang-et-al,non_strict,10000,3,pooled,Rotterdam,0.636181,0.001553,0.2442
01,01-port-selection-liang-et-al,non_strict,10000,3,pooled,Hamburg,0.497782,0.00724,1.4544
01,01-port-selection-liang-et-al,non_strict,10000,3,pooled,Gdansk,0.582986,0.002655,0.4555
01,01-port-selection-liang-et-al,non_strict,10000,4,pooled,Piraeus,0.489536,0.007461,1.524
01,01-port-selection-liang-et-al,non_strict,10000,4,pooled,Koper,0.531907,0.0065,1.222
01,01-port-selection-liang-et-al,non_strict,10000,4,pooled,Genoa,0.305682,0.004144,1.3555
01,01-port-selection-liang-et-al,non_strict,10000,4,pooled,Antwerp,0.534644,0.003805,0.7118
01,01-port-selection-liang-et-al,non_strict,10000,4,pooled,Rotterdam,0.636174,0.001562,0.2455
01,01-port-selection-liang-et-al,non_strict,10000,4,pooled,Hamburg,0.497678,0.007274,1.4616
01,01-port-selection-liang-et-al,non_strict,10000,4,pooled,Gdansk,0.582953,0.002641,0.4531
02,02-port-selection-uncertainty-two-decision-makers,strict,50,0,0,Piraeus,0.533229,0.028997,5.438
02,02-port-selection-uncertainty-two-decision-makers,strict,50,0,0,Koper,0.693786,0.047124,6.7923
02,02-port-selection-uncertainty-two-decision-makers,strict,50,0,0,Genoa,0.438084,0.042427,9.6847
02,02-port-selection-uncertainty-two-decision-makers,strict,50,0,0,Antwerp,0.622517,0.026876,4.3173
02,02-port-selection-uncertainty-two-decision-makers,strict,50,0,0,Rotterdam,0.579931,0.020742,3.5767
02,02-port-selection-uncertainty-two-decision-makers,strict,50,0,0,Hamburg,0.50972,0.019994,3.9226
02,02-port-selection-uncertainty-two-decision-makers,strict,50,0,0,Gdansk,0.638138,0.039044,6.1185
02,02-port-selection-uncertainty-two-decision-makers,strict,50,0,1,Piraeus,0.459039,0.035268,7.683
02,02-port-selection-uncertainty-two-decision-makers,strict,50,0,1,Koper,0.569953,0.028506,5.0015
02,02-port-selection-uncertainty-two-decision-makers,strict,50,0,1,Genoa,0.323726,0.033264,10.2753
02,02-port-selection-uncertainty-two-decision-makers,strict,50,0,1,Antwerp,0.557349,0.036322,6.5169
02,02-port-selection-uncertainty-two-decision-makers,strict,50,0,1,Rotterdam,0.647626,0.031611,4.8811
02,02-port-selection-uncertainty-two-decision-makers,strict,50,0,1,Hamburg,0.540725,0.037122,6.8653
02,02-port-selection-uncertainty-two-decision-makers,strict,50,0,1,Gdansk,0.569155,0.038323,6.7333
02,02-port-selection-uncertainty-two-decision-makers,strict,50,1,0,Piraeus,0.529878,0.027428,5.1762
02,02-port-selection-uncertainty-two-decision-makers,strict,50,1,0,Koper,0.69534,0.04784,6.8801
02,02-port-selection-uncertainty-two-decision-makers,strict,50,1,0,Genoa,0.427054,0.043648,10.2207
02,02-port-selection-uncertainty-two-decision-makers,strict,50,1,0,Antwerp,0.622581,0.025046,4.023
02,02-port-selection-uncertainty-two-decision-makers,strict,50,1,0,Rotterdam,0.589019,0.023558,3.9995
02,02-port-selection-uncertainty-two-decision-makers,strict,50,1,0,Hamburg,0.507644,0.022207,4.3744
02,02-port-selection-uncertainty-two-decision-makers,strict,50,1,0,Gdansk,0.628353,0.038868,6.1857
02,02-port-selection-uncertainty-two-decision-makers,strict,50,1,1,Piraeus,0.456537,0.034706,7.6021
02,02-port-selection-uncertainty-two-decision-makers,strict,50,1,1,Koper,0.571592,0.026803,4.6892
02,02-port-selection-uncertainty-two-decision-makers,strict,50,1,1,Genoa,0.32389,0.042332,13.07
02,02-port-selection-uncertainty-two-decision-makers,strict,50,1,1,Antwerp,0.565234,0.038713,6.8491
02,02-port-selection-uncertainty-two-decision-makers,strict,50,1,1,Rotterdam,0.647849,0.027768,4.2862
02,02-port-selection-uncertainty-two-decision-makers,strict,50,1,1,Hamburg,0.539484,0.032653,6.0526
02,02-port-selection-uncertainty-two-decision-makers,strict,50,1,1,Gdansk,0.565743,0.034612,6.1179
02,02-port-selection-uncertainty-two-decision-makers,strict,50,2,0,Piraeus,0.534901,0.028434,5.3158
02,02-port-selection-uncertainty-two-decision-makers,strict,50,2,0,Koper,0.68497,0.039245,5.7295
02,02-port-selection-uncertainty-two-decision-makers,strict,50,2,0,Genoa,0.417635,0.046793,11.2042
02,02-port-selection-uncertainty-two-decision-makers,strict,50,2,0,Antwerp,0.620996,0.025349,4.082
02,02-port-selection-uncertainty-two-decision-makers,strict,50,2,0,Rotterdam,0.585013,0.019705,3.3683
02,02-port-selection-uncertainty-two-decision-makers,strict,50,2,0,Hamburg,0.510562,0.020642,4.043
02,02-port-selection-uncertainty-two-decision-makers,strict,50,2,0,Gdansk,0.639372,0.041753,6.5304
02,02-port-selection-uncertainty-two-decision-makers,strict,50,2,1,Piraeus,0.455708,0.032803,7.1983
02,02-port-selection-uncertainty-two-decision-makers,strict,50,2,1,Koper,0.569646,0.023582,4.1397
02,02-port-selection-uncertainty-two-decision-makers,strict,50,2,1,Genoa,0.320963,0.040737,12.692
02,02-port-selection-uncertainty-two-decision-makers,strict,50,2,1,Antwerp,0.569506,0.039825,6.9929
02,02-port-selection-uncertainty-two-decision-makers,strict,50,2,1,Rotterdam,0.649112,0.02706,4.1687
02,02-port-selection-uncertainty-two-decision-makers,strict,50,2,1,Hamburg,0.538488,0.035243,6.5449
02,02-port-selection-uncertainty-two-decision-makers,strict,50,2,1,Gdansk,0.567695,0.043668,7.6921
02,02-port-selection-uncertainty-two-decision-makers,strict,50,3,0,Piraeus,0.527759,0.033954,6.4336
02,02-port-selection-uncertainty-two-decision-makers,strict,50,3,0,Koper,0.693657,0.041439,5.974
02,02-port-selection-uncertainty-two-decision-makers,strict,50,3,0,Genoa,0.411821,0.03918,9.5139
02,02-port-selection-uncertainty-two-decision-makers,strict,50,3,0,Antwerp,0.623707,0.026691,4.2794
02,02-port-selection-uncertainty-two-decision-makers,strict,50,3,0,Rotterdam,0.583019,0.019218,3.2963
02,02-port-selection-uncertainty-two-decision-makers,strict,50,3,0,Hamburg,0.514408,0.022766,4.4257
02,02-port-selection-uncertainty-two-decision-makers,strict,50,3,0,Gdansk,0.629507,0.041337,6.5665
02,02-port-selection-uncertainty-two-decision-makers,strict,50,3,1,Piraeus,0.459073,0.03141,6.842
02,02-port-selection-uncertainty-two-decision-makers,strict,50,3,1,Koper,0.575122,0.028441,4.9452
02,02-port-selection-uncertainty-two-decision-makers,strict,50,3,1,Genoa,0.323046,0.040476,12.5294
02,02-port-selection-uncertainty-two-decision-makers,strict,50,3,1,Antwerp,0.558032,0.039666,7.1082
02,02-port-selection-uncertainty-two-decision-makers,strict,50,3,1,Rotterdam,0.643994,0.027128,4.2124
02,02-port-selection-uncertainty-two-decision-makers,strict,50,3,1,Hamburg,0.541225,0.035885,6.6304
02,02-port-selection-uncertainty-two-decision-makers,strict,50,3,1,Gdansk,0.574978,0.040989,7.1289
02,02-port-selection-uncertainty-two-decision-makers,strict,50,4,0,Piraeus,0.529134,0.025016,4.7277
02,02-port-selection-uncertainty-two-decision-makers,strict,50,4,0,Koper,0.691199,0.043607,6.3088
02,02-port-selection-uncertainty-two-decision-makers,strict,50,4,0,Genoa,0.434679,0.040581,9.3359
02,02-port-selection-uncertainty-two-decision-makers,strict,50,4,0,Antwerp,0.615854,0.022039,3.5786
02,02-port-selection-uncertainty-two-decision-makers,strict,50,4,0,Rotterdam,0.586952,0.018534,3.1577
02,02-port-selection-uncertainty-two-decision-makers,strict,50,4,0,Hamburg,0.511336,0.021197,4.1454
02,02-port-selection-uncertainty-two-decision-makers,strict,50,4,0,Gdansk,0.639418,0.037023,5.7902
02,02-port-selection-uncertainty-two-decision-makers,strict,50,4,1,Piraeus,0.456687,0.039871,8.7304
02,02-port-selection-uncertainty-two-decision-makers,strict,50,4,1,Koper,0.572713,0.02208,3.8553
02,02-port-selection-uncertainty-two-decision-makers,strict,50,4,1,Genoa,0.33163,0.034346,10.3566
02,02-port-selection-uncertainty-two-decision-makers,strict,50,4,1,Antwerp,0.556565,0.038792,6.97
02,02-port-selection-uncertainty-two-decision-makers,strict,50,4,1,Rotterdam,0.647104,0.030259,4.6761
02,02-port-selection-uncertainty-two-decision-makers,strict,50,4,1,Hamburg,0.536728,0.034202,6.3722
02,02-port-selection-uncertainty-two-decision-makers,strict,50,4,1,Gdansk,0.56727,0.0416,7.3333
02,02-port-selection-uncertainty-two-decision-makers,strict,100,0,0,Piraeus,0.534845,0.02801,5.237
02,02-port-selection-uncertainty-two-decision-makers,strict,100,0,0,Koper,0.690082,0.043107,6.2466
02,02-port-selection-uncertainty-two-decision-makers,strict,100,0,0,Genoa,0.424788,0.038731,9.1176
02,02-port-selection-uncertainty-two-decision-makers,strict,100,0,0,Antwerp,0.621738,0.027154,4.3674
02,02-port-selection-uncertainty-two-decision-makers,strict,100,0,0,Rotterdam,0.581259,0.021327,3.6692
02,02-port-selection-uncertainty-two-decision-makers,strict,100,0,0,Hamburg,0.508545,0.020939,4.1174
02,02-port-selection-uncertainty-two-decision-makers,strict,100,0,0,Gdansk,0.633822,0.039571,6.2432
02,02-port-selection-uncertainty-two-decision-makers,strict,100,0,1,Piraeus,0.452286,0.037596,8.3125
02,02-port-selection-uncertainty-two-decision-makers,strict,100,0,1,Koper,0.574192,0.026601,4.6327
02,02-port-selection-uncertainty-two-decision-makers,strict,100,0,1,Genoa,0.320415,0.038878,12.1338
02,02-port-selection-uncertainty-two-decision-makers,strict,100,0,1,Antwerp,0.56462,0.038993,6.906
02,02-port-selection-uncertainty-two-decision-makers,strict,100,0,1,Rotterdam,0.649455,0.027297,4.2031
02,02-port-selection-uncertainty-two-decision-makers,strict,100,0,1,Hamburg,0.538755,0.035974,6.6773
02,02-port-selection-uncertainty-two-decision-makers,strict,100,0,1,Gdansk,0.576076,0.039816,6.9116
02,02-port-selection-uncertainty-two-decision-makers,strict,100,1,0,Piraeus,0.531967,0.030025,5.6442
02,02-port-selection-uncertainty-two-decision-makers,strict,100,1,0,Koper,0.693666,0.042709,6.1569
02,02-port-selection-uncertainty-two-decision-makers,strict,100,1,0,Genoa,0.424343,0.041929,9.881
02,02-port-selection-uncertainty-two-decision-makers,strict,100,1,0,Antwerp,0.624526,0.025459,4.0765
02,02-port-selection-uncertainty-two-decision-makers,strict,100,1,0,Rotterdam,0.578793,0.019434,3.3577
02,02-port-selection-uncertainty-two-decision-makers,strict,100,1,0,Hamburg,0.507519,0.019239,3.7908
02,02-port-selection-uncertainty-two-decision-makers,strict,100,1,0,Gdansk,0.640033,0.038341,5.9904
02,02-port-selection-uncertainty-two-decision-makers,strict,100,1,1,Piraeus,0.454834,0.034109,7.4993
02,02-port-selection-uncertainty-two-decision-makers,strict,100,1,1,Koper,0.576737,0.024321,4.2171
02,02-port-selection-uncertainty-two-decision-makers,strict,100,1,1,Genoa,0.328559,0.038164,11.6155
02,02-port-selection-uncertainty-two-decision-makers,strict,100,1,1,Antwerp,0.558106,0.037368,6.6955
02,02-port-selection-uncertainty-two-decision-makers,strict,100,1,1,Rotterdam,0.645553,0.033693,5.2192
02,02-port-selection-uncertainty-two-decision-makers,strict,100,1,1,Hamburg,0.538714,0.035329,6.5581
02,02-port-selection-uncertainty-two-decision-makers,strict,100,1,1,Gdansk,0.57205,0.042218,7.3801
02,02-port-selection-uncertainty-two-decision-makers,strict,100,2,0,Piraeus,0.529581,0.026318,4.9696
02,02-port-selection-uncertainty-two-decision-makers,strict,100,2,0,Koper,0.686754,0.04565,6.6473
02,02-port-selection-uncertainty-two-decision-makers,strict,100,2,0,Genoa,0.431123,0.039861,9.2459
02,02-port-selection-uncertainty-two-decision-makers,strict,100,2,0,Antwerp,0.626389,0.025132,4.0123
02,02-port-selection-uncertainty-two-decision-makers,strict,100,2,0,Rotterdam,0.58156,0.020261,3.4839
02,02-port-selection-uncertainty-two-decision-makers,strict,100,2,0,Hamburg,0.507541,0.0211,4.1572
02,02-port-selection-uncertainty-two-decision-makers,strict,100,2,0,Gdansk,0.627276,0.043606,6.9516
02,02-port-selection-uncertainty-two-decision-makers,strict,100,2,1,Piraeus,0.456963,0.03463,7.5782
02,02-port-selection-uncertainty-two-decision-makers,strict,100,2,1,Koper,0.573621,0.023986,4.1816
02,02-port-selection-uncertainty-two-decision-makers,strict,100,2,1,Genoa,0.330508,0.036067,10.9125
02,02-port-selection-uncertainty-two-decision-makers,strict,100,2,1,Antwerp,0.563128,0.039376,6.9924
02,02-port-selection-uncertainty-two-decision-makers,strict,100,2,1,Rotterdam,0.650205,0.031207,4.7995
02,02-port-selection-uncertainty-two-decision-makers,strict,100,2,1,Hamburg,0.540965,0.034097,6.303
02,02-port-selection-uncertainty-two-decision-makers,strict,100,2,1,Gdansk,0.569208,0.042761,7.5124
02,02-port-selection-uncertainty-two-decision-makers,strict,100,3,0,Piraeus,0.523686,0.027245,5.2026
02,02-port-selection-uncertainty-two-decision-makers,strict,100,3,0,Koper,0.695317,0.042535,6.1174
02,02-port-selection-uncertainty-two-decision-makers,strict,100,3,0,Genoa,0.42654,0.046124,10.8136
02,02-port-selection-uncertainty-two-decision-makers,strict,100,3,0,Antwerp,0.622211,0.025053,4.0264
02,02-port-selection-uncertainty-two-decision-makers,strict,100,3,0,Rotterdam,0.586525,0.020692,3.528
02,02-port-selection-uncertainty-two-decision-makers,strict,100,3,0,Hamburg,0.508373,0.019835,3.9016
02,02-port-selection-uncertainty-two-decision-makers,strict,100,3,0,Gdansk,0.63759,0.03569,5.5976
02,02-port-selection-uncertainty-two-decision-makers,strict,100,3,1,Piraeus,0.458767,0.033502,7.3025
02,02-port-selection-uncertainty-two-decision-makers,strict,100,3,1,Koper,0.570758,0.022781,3.9913
02,02-port-selection-uncertainty-two-decision-makers,strict,100,3,1,Genoa,0.321472,0.033639,10.4641
02,02-port-selection-uncertainty-two-decision-makers,strict,100,3,1,Antwerp,0.560881,0.039766,7.0899
02,02-port-selection-uncertainty-two-decision-makers,strict,100,3,1,Rotterdam,0.646679,0.028149,4.3529
02,02-port-selection-uncertainty-two-decision-makers,strict,100,3,1,Hamburg,0.541033,0.030573,5.6509
02,02-port-selection-uncertainty-two-decision-makers,strict,100,3,1,Gdansk,0.571109,0.03745,6.5575
02,02-port-selection-uncertainty-two-decision-makers,strict,100,4,0,Piraeus,0.526779,0.028083,5.3311
02,02-port-selection-uncertainty-two-decision-makers,strict,100,4,0,Koper,0.694011,0.044652,6.4339
02,02-port-selection-uncertainty-two-decision-makers,strict,100,4,0,Genoa,0.427846,0.038659,9.0356
02,02-port-selection-uncertainty-two-decision-makers,strict,100,4,0,Antwerp,0.6239,0.027084,4.3411
02,02-port-selection-uncertainty-two-decision-makers,strict,100,4,0,Rotterdam,0.581429,0.020944,3.6022
02,02-port-selection-uncertainty-two-decision-makers,strict,100,4,0,Hamburg,0.508896,0.021068,4.14
02,02-port-selection-uncertainty-two-decision-makers,strict,100,4,0,Gdansk,0.628536,0.044418,7.067
02,02-port-selection-uncertainty-two-decision-makers,strict,100,4,1,Piraeus,0.456705,0.038296,8.3853
02,02-port-selection-uncertainty-two-decision-makers,strict,100,4,1,Koper,0.573705,0.022369,3.8991
02,02-port-selection-uncertainty-two-decision-makers,strict,100,4,1,Genoa,0.321259,0.037926,11.8054
02,02-port-selection-uncertainty-two-decision-makers,strict,100,4,1,Antwerp,0.564273,0.038648,6.8492
02,02-port-selection-uncertainty-two-decision-makers,strict,100,4,1,Rotterdam,0.652587,0.030495,4.673
02,02-port-selection-uncertainty-two-decision-makers,strict,100,4,1,Hamburg,0.536652,0.03518,6.5554
02,02-port-selection-uncertainty-two-decision-makers,strict,100,4,1,Gdansk,0.56984,0.040943,7.185
02,02-port-selection-uncertainty-two-decision-makers,strict,200,0,0,Piraeus,0.527499,0.026162,4.9596
02,02-port-selection-uncertainty-two-decision-makers,strict,200,0,0,Koper,0.688803,0.0437,6.3443
02,02-port-selection-uncertainty-two-decision-makers,strict,200,0,0,Genoa,0.428391,0.041956,9.7938
02,02-port-selection-uncertainty-two-decision-makers,strict,200,0,0,Antwerp,0.620641,0.026158,4.2146
02,02-port-selection-uncertainty-two-decision-makers,strict,200,0,0,Rotterdam,0.584524,0.020129,3.4436
02,02-port-selection-uncertainty-two-decision-makers,strict,200,0,0,Hamburg,0.509676,0.020496,4.0215
02,02-port-selection-uncertainty-two-decision-makers,strict,200,0,0,Gdansk,0.636884,0.036878,5.7904
02,02-port-selection-uncertainty-two-decision-makers,strict,200,0,1,Piraeus,0.460031,0.036617,7.9596
02,02-port-selection-uncertainty-two-decision-makers,strict,200,0,1,Koper,0.574141,0.024403,4.2503
02,02-port-selection-uncertainty-two-decision-makers,strict,200,0,1,Genoa,0.323564,0.036015,11.1309
02,02-port-selection-uncertainty-two-decision-makers,strict,200,0,1,Antwerp,0.559499,0.038558,6.8915
02,02-port-selection-uncertainty-two-decision-makers,strict,200,0,1,Rotterdam,0.649127,0.031028,4.7799
02,02-port-selection-uncertainty-two-decision-makers,strict,200,0,1,Hamburg,0.533728,0.035772,6.7022
02,02-port-selection-uncertainty-two-decision-makers,strict,200,0,1,Gdansk,0.568229,0.03738,6.5784
02,02-port-selection-uncertainty-two-decision-makers,strict,200,1,0,Piraeus,0.526553,0.027285,5.1819
02,02-port-selection-uncertainty-two-decision-makers,strict,200,1,0,Koper,0.685308,0.04217,6.1535
02,02-port-selection-uncertainty-two-decision-makers,strict,200,1,0,Genoa,0.421576,0.043631,10.3495
02,02-port-selection-uncertainty-two-decision-makers,strict,200,1,0,Antwerp,0.622234,0.026117,4.1973
02,02-port-selection-uncertainty-two-decision-makers,strict,200,1,0,Rotterdam,0.583579,0.021702,3.7189
02,02-port-selection-uncertainty-two-decision-makers,strict,200,1,0,Hamburg,0.508855,0.019926,3.9158
02,02-port-selection-uncertainty-two-decision-makers,strict,200,1,0,Gdansk,0.63911,0.039379,6.1615
02,02-port-selection-uncertainty-two-decision-makers,strict,200,1,1,Piraeus,0.454339,0.036092,7.9439
02,02-port-selection-uncertainty-two-decision-makers,strict,200,1,1,Koper,0.569366,0.02648,4.6508
02,02-port-selection-uncertainty-two-decision-makers,strict,200,1,1,Genoa,0.324323,0.036514,11.2587
02,02-port-selection-uncertainty-two-decision-makers,strict,200,1,1,Antwerp,0.558132,0.037969,6.8028
02,02-port-selection-uncertainty-two-decision-makers,strict,200,1,1,Rotterdam,0.64797,0.02967,4.5789
02,02-port-selection-uncertainty-two-decision-makers,strict,200,1,1,Hamburg,0.543083,0.034662,6.3824
02,02-port-selection-uncertainty-two-decision-makers,strict,200,1,1,Gdansk,0.574179,0.038108,6.6369
02,02-port-selection-uncertainty-two-decision-makers,strict,200,2,0,Piraeus,0.529792,0.028512,5.3818
02,02-port-selection-uncertainty-two-decision-makers,strict,200,2,0,Koper,0.691955,0.042971,6.2101
02,02-port-selection-uncertainty-two-decision-makers,strict,200,2,0,Genoa,0.421998,0.045714,10.8328
02,02-port-selection-uncertainty-two-decision-makers,strict,200,2,0,Antwerp,0.626428,0.023274,3.7154
02,02-port-selection-uncertainty-two-decision-makers,strict,200,2,0,Rotterdam,0.586796,0.021318,3.633
02,02-port-selection-uncertainty-two-decision-makers,strict,200,2,0,Hamburg,0.509822,0.020077,3.938
02,02-port-selection-uncertainty-two-decision-makers,strict,200,2,0,Gdansk,0.633841,0.041481,6.5444
02,02-port-selection-uncertainty-two-decision-makers,strict,200,2,1,Piraeus,0.451638,0.03358,7.4352
02,02-port-selection-uncertainty-two-decision-makers,strict,200,2,1,Koper,0.570551,0.024951,4.3731
02,02-port-selection-uncertainty-two-decision-makers,strict,200,2,1,Genoa,0.325175,0.039099,12.0239
02,02-port-selection-uncertainty-two-decision-makers,strict,200,2,1,Antwerp,0.559638,0.037884,6.7694
02,02-port-selection-uncertainty-two-decision-makers,strict,200,2,1,Rotterdam,0.645253,0.029149,4.5175
02,02-port-selection-uncertainty-two-decision-makers,strict,200,2,1,Hamburg,0.537156,0.036771,6.8455
02,02-port-selection-uncertainty-two-decision-makers,strict,200,2,1,Gdansk,0.570868,0.039675,6.95
02,02-port-selection-uncertainty-two-decision-makers,strict,200,3,0,Piraeus,0.530128,0.027542,5.1953
02,02-port-selection-uncertainty-two-decision-makers,strict,200,3,0,Koper,0.688893,0.042569,6.1793
02,02-port-selection-uncertainty-two-decision-makers,strict,200,3,0,Genoa,0.428598,0.040323,9.4082
02,02-port-selection-uncertainty-two-decision-makers,strict,200,3,0,Antwerp,0.621973,0.026149,4.2042
02,02-port-selection-uncertainty-two-decision-makers,strict,200,3,0,Rotterdam,0.58811,0.020945,3.5615
02,02-port-selection-uncertainty-two-decision-makers,strict,200,3,0,Hamburg,0.510858,0.020338,3.9812
02,02-port-selection-uncertainty-two-decision-makers,strict,200,3,0,Gdansk,0.631574,0.039807,6.3028
02,02-port-selection-uncertainty-two-decision-makers,strict,200,3,1,Piraeus,0.455325,0.036675,8.0547
02,02-port-selection-uncertainty-two-decision-makers,strict,200,3,1,Koper,0.570693,0.026432,4.6315
02,02-port-selection-uncertainty-two-decision-makers,strict,200,3,1,Genoa,0.319635,0.037079,11.6005
02,02-port-selection-uncertainty-two-decision-makers,strict,200,3,1,Antwerp,0.559367,0.0379,6.7755
02,02-port-selection-uncertainty-two-decision-makers,strict,200,3,1,Rotterdam,0.649544,0.028316,4.3594
02,02-port-selection-uncertainty-two-decision-makers,strict,200,3,1,Hamburg,0.539114,0.034873,6.4685
02,02-port-selection-uncertainty-two-decision-makers,strict,200,3,1,Gdansk,0.573483,0.039287,6.8505
02,02-port-selection-uncertainty-two-decision-makers,strict,200,4,0,Piraeus,0.529746,0.030005,5.664
02,02-port-selection-uncertainty-two-decision-makers,strict,200,4,0,Koper,0.691817,0.040791,5.8962
02,02-port-selection-uncertainty-two-decision-makers,strict,200,4,0,Genoa,0.419869,0.043351,10.3248
02,02-port-selection-uncertainty-two-decision-makers,strict,200,4,0,Antwerp,0.623395,0.024322,3.9016
02,02-port-selection-uncertainty-two-decision-makers,strict,200,4,0,Rotterdam,0.5851,0.022054,3.7693
02,02-port-selection-uncertainty-two-decision-makers,strict,200,4,0,Hamburg,0.510445,0.022387,4.3857
02,02-port-selection-uncertainty-two-decision-makers,strict,200,4,0,Gdansk,0.632286,0.040978,6.4809
02,02-port-selection-uncertainty-two-decision-makers,strict,200,4,1,Piraeus,0.458801,0.03511,7.6525
02,02-port-selection-uncertainty-two-decision-makers,strict,200,4,1,Koper,0.572896,0.025106,4.3823
02,02-port-selection-uncertainty-two-decision-makers,strict,200,4,1,Genoa,0.318835,0.03731,11.702
02,02-port-selection-uncertainty-two-decision-makers,strict,200,4,1,Antwerp,0.564266,0.037362,6.6214
02,02-port-selection-uncertainty-two-decision-makers,strict,200,4,1,Rotterdam,0.64432,0.030831,4.7851
02,02-port-selection-uncertainty-two-decision-makers,strict,200,4,1,Hamburg,0.535498,0.037021,6.9133
02,02-port-selection-uncertainty-two-decision-makers,strict,200,4,1,Gdansk,0.565248,0.03978,7.0377
02,02-port-selection-uncertainty-two-decision-makers,strict,500,0,0,Piraeus,0.528801,0.029577,5.5931
02,02-port-selection-uncertainty-two-decision-makers,strict,500,0,0,Koper,0.692727,0.043001,6.2075
02,02-port-selection-uncertainty-two-decision-makers,strict,500,0,0,Genoa,0.42481,0.041282,9.7179
02,02-port-selection-uncertainty-two-decision-makers,strict,500,0,0,Antwerp,0.622606,0.025789,4.1421
02,02-port-selection-uncertainty-two-decision-makers,strict,500,0,0,Rotterdam,0.584041,0.02197,3.7618
02,02-port-selection-uncertainty-two-decision-makers,strict,500,0,0,Hamburg,0.509625,0.020331,3.9895
02,02-port-selection-uncertainty-two-decision-makers,strict,500,0,0,Gdansk,0.63383,0.039151,6.1769
02,02-port-selection-uncertainty-two-decision-makers,strict,500,0,1,Piraeus,0.454075,0.035155,7.742
02,02-port-selection-uncertainty-two-decision-makers,strict,500,0,1,Koper,0.570768,0.025333,4.4384
02,02-port-selection-uncertainty-two-decision-makers,strict,500,0,1,Genoa,0.325563,0.03625,11.1346
02,02-port-selection-uncertainty-two-decision-makers,strict,500,0,1,Antwerp,0.562289,0.036757,6.5369
02,02-port-selection-uncertainty-two-decision-makers,strict,500,0,1,Rotterdam,0.649189,0.027226,4.1939
02,02-port-selection-uncertainty-two-decision-makers,strict,500,0,1,Hamburg,0.537977,0.034,6.32
02,02-port-selection-uncertainty-two-decision-makers,strict,500,0,1,Gdansk,0.568685,0.039634,6.9694
02,02-port-selection-uncertainty-two-decision-makers,strict,500,1,0,Piraeus,0.529416,0.027269,5.1508
02,02-port-selection-uncertainty-two-decision-makers,strict,500,1,0,Koper,0.691949,0.04194,6.0611
02,02-port-selection-uncertainty-two-decision-makers,strict,500,1,0,Genoa,0.428311,0.042858,10.0062
02,02-port-selection-uncertainty-two-decision-makers,strict,500,1,0,Antwerp,0.622943,0.025156,4.0383
02,02-port-selection-uncertainty-two-decision-makers,strict,500,1,0,Rotterdam,0.582515,0.020643,3.5438
02,02-port-selection-uncertainty-two-decision-makers,strict,500,1,0,Hamburg,0.508478,0.021774,4.2822
02,02-port-selection-uncertainty-two-decision-makers,strict,500,1,0,Gdansk,0.634308,0.040253,6.3459
02,02-port-selection-uncertainty-two-decision-makers,strict,500,1,1,Piraeus,0.45585,0.035887,7.8726
02,02-port-selection-uncertainty-two-decision-makers,strict,500,1,1,Koper,0.572409,0.024198,4.2273
02,02-port-selection-uncertainty-two-decision-makers,strict,500,1,1,Genoa,0.324601,0.035608,10.9698
02,02-port-selection-uncertainty-two-decision-makers,strict,500,1,1,Antwerp,0.561403,0.038342,6.8297
02,02-port-selection-uncertainty-two-decision-makers,strict,500,1,1,Rotterdam,0.646694,0.02978,4.6049
02,02-port-selection-uncertainty-two-decision-makers,strict,500,1,1,Hamburg,0.538399,0.03433,6.3763
02,02-port-selection-uncertainty-two-decision-makers,strict,500,1,1,Gdansk,0.570849,0.037812,6.6238
02,02-port-selection-uncertainty-two-decision-makers,strict,500,2,0,Piraeus,0.528739,0.028202,5.3338
02,02-port-selection-uncertainty-two-decision-makers,strict,500,2,0,Koper,0.689781,0.043136,6.2537
02,02-port-selection-uncertainty-two-decision-makers,strict,500,2,0,Genoa,0.424151,0.044487,10.4885
02,02-port-selection-uncertainty-two-decision-makers,strict,500,2,0,Antwerp,0.622462,0.026599,4.2732
02,02-port-selection-uncertainty-two-decision-makers,strict,500,2,0,Rotterdam,0.583718,0.020591,3.5276
02,02-port-selection-uncertainty-two-decision-makers,strict,500,2,0,Hamburg,0.509198,0.020785,4.0819
02,02-port-selection-uncertainty-two-decision-makers,strict,500,2,0,Gdansk,0.629134,0.041787,6.642
02,02-port-selection-uncertainty-two-decision-makers,strict,500,2,1,Piraeus,0.456132,0.035992,7.8907
02,02-port-selection-uncertainty-two-decision-makers,strict,500,2,1,Koper,0.570678,0.023605,4.1364
02,02-port-selection-uncertainty-two-decision-makers,strict,500,2,1,Genoa,0.325831,0.038064,11.6823
02,02-port-selection-uncertainty-two-decision-makers,strict,500,2,1,Antwerp,0.564218,0.036066,6.3922
02,02-port-selection-uncertainty-two-decision-makers,strict,500,2,1,Rotterdam,0.646938,0.030116,4.6551
02,02-port-selection-uncertainty-two-decision-makers,strict,500,2,1,Hamburg,0.536242,0.035415,6.6042
02,02-port-selection-uncertainty-two-decision-makers,strict,500,2,1,Gdansk,0.571128,0.038816,6.7963
02,02-port-selection-uncertainty-two-decision-makers,strict,500,3,0,Piraeus,0.530287,0.027887,5.2589
02,02-port-selection-uncertainty-two-decision-makers,strict,500,3,0,Koper,0.693005,0.041683,6.0148
02,02-port-selection-uncertainty-two-decision-makers,strict,500,3,0,Genoa,0.42745,0.041808,9.7809
02,02-port-selection-uncertainty-two-decision-makers,strict,500,3,0,Antwerp,0.622052,0.024024,3.8621
02,02-port-selection-uncertainty-two-decision-makers,strict,500,3,0,Rotterdam,0.584805,0.021772,3.7229
02,02-port-selection-uncertainty-two-decision-makers,strict,500,3,0,Hamburg,0.509958,0.01944,3.8121
02,02-port-selection-uncertainty-two-decision-makers,strict,500,3,0,Gdansk,0.633917,0.042718,6.7387
02,02-port-selection-uncertainty-two-decision-makers,strict,500,3,1,Piraeus,0.454706,0.035281,7.759
02,02-port-selection-uncertainty-two-decision-makers,strict,500,3,1,Koper,0.571458,0.026021,4.5535
02,02-port-selection-uncertainty-two-decision-makers,strict,500,3,1,Genoa,0.324179,0.037234,11.4857
02,02-port-selection-uncertainty-two-decision-makers,strict,500,3,1,Antwerp,0.565342,0.036514,6.4587
02,02-port-selection-uncertainty-two-decision-makers,strict,500,3,1,Rotterdam,0.648047,0.031662,4.8857
02,02-port-selection-uncertainty-two-decision-makers,strict,500,3,1,Hamburg,0.537337,0.034625,6.4438
02,02-port-selection-uncertainty-two-decision-makers,strict,500,3,1,Gdansk,0.570942,0.038636,6.767
02,02-port-selection-uncertainty-two-decision-makers,strict,500,4,0,Piraeus,0.530081,0.029057,5.4816
02,02-port-selection-uncertainty-two-decision-makers,strict,500,4,0,Koper,0.692966,0.043148,6.2266
02,02-port-selection-uncertainty-two-decision-makers,strict,500,4,0,Genoa,0.425253,0.044462,10.4553
02,02-port-selection-uncertainty-two-decision-makers,strict,500,4,0,Antwerp,0.622414,0.026682,4.2869
02,02-port-selection-uncertainty-two-decision-makers,strict,500,4,0,Rotterdam,0.583231,0.020777,3.5624
02,02-port-selection-uncertainty-two-decision-makers,strict,500,4,0,Hamburg,0.509604,0.020849,4.0913
02,02-port-selection-uncertainty-two-decision-makers,strict,500,4,0,Gdansk,0.632577,0.042236,6.6768
02,02-port-selection-uncertainty-two-decision-makers,strict,500,4,1,Piraeus,0.452612,0.035258,7.7899
02,02-port-selection-uncertainty-two-decision-makers,strict,500,4,1,Koper,0.569932,0.026468,4.644
02,02-port-selection-uncertainty-two-decision-makers,strict,500,4,1,Genoa,0.324091,0.037972,11.7164
02,02-port-selection-uncertainty-two-decision-makers,strict,500,4,1,Antwerp,0.562186,0.035715,6.3528
02,02-port-selection-uncertainty-two-decision-makers,strict,500,4,1,Rotterdam,0.647387,0.028638,4.4236
02,02-port-selection-uncertainty-two-decision-makers,strict,500,4,1,Hamburg,0.538717,0.035271,6.5472
02,02-port-selection-uncertainty-two-decision-makers,strict,500,4,1,Gdansk,0.573043,0.038644,6.7436
02,02-port-selection-uncertainty-two-decision-makers,strict,1000,0,0,Piraeus,0.52918,0.028416,5.3699
02,02-port-selection-uncertainty-two-decision-makers,strict,1000,0,0,Koper,0.690287,0.041706,6.0418
02,02-port-selection-uncertainty-two-decision-makers,strict,1000,0,0,Genoa,0.424508,0.043592,10.2689
02,02-port-selection-uncertainty-two-decision-makers,strict,1000,0,0,Antwerp,0.621458,0.025861,4.1614
02,02-port-selection-uncertainty-two-decision-makers,strict,1000,0,0,Rotterdam,0.582497,0.02227,3.8231
02,02-port-selection-uncertainty-two-decision-makers,strict,1000,0,0,Hamburg,0.508336,0.020023,3.9388
02,02-port-selection-uncertainty-two-decision-makers,strict,1000,0,0,Gdansk,0.630581,0.041628,6.6015
02,02-port-selection-uncertainty-two-decision-makers,strict,1000,0,1,Piraeus,0.456509,0.036249,7.9404
02,02-port-selection-uncertainty-two-decision-makers,strict,1000,0,1,Koper,0.571386,0.026044,4.5581
02,02-port-selection-uncertainty-two-decision-makers,strict,1000,0,1,Genoa,0.324184,0.036168,11.1565
02,02-port-selection-uncertainty-two-decision-makers,strict,1000,0,1,Antwerp,0.562524,0.037179,6.6093
02,02-port-selection-uncertainty-two-decision-makers,strict,1000,0,1,Rotterdam,0.646797,0.030499,4.7153
02,02-port-selection-uncertainty-two-decision-makers,strict,1000,0,1,Hamburg,0.537503,0.035901,6.6793
02,02-port-selection-uncertainty-two-decision-makers,strict,1000,0,1,Gdansk,0.570265,0.037741,6.6182
02,02-port-selection-uncertainty-two-decision-makers,strict,1000,1,0,Piraeus,0.528626,0.029085,5.502
02,02-port-selection-uncertainty-two-decision-makers,strict,1000,1,0,Koper,0.691562,0.043339,6.2668
02,02-port-selection-uncertainty-two-decision-makers,strict,1000,1,0,Genoa,0.424593,0.043408,10.2235
02,02-port-selection-uncertainty-two-decision-makers,strict,1000,1,0,Antwerp,0.623748,0.026556,4.2574
02,02-port-selection-uncertainty-two-decision-makers,strict,1000,1,0,Rotterdam,0.583776,0.021287,3.6464
02,02-port-selection-uncertainty-two-decision-makers,strict,1000,1,0,Hamburg,0.507974,0.021289,4.1909
02,02-port-selection-uncertainty-two-decision-makers,strict,1000,1,0,Gdansk,0.632757,0.042016,6.6402
02,02-port-selection-uncertainty-two-decision-makers,strict,1000,1,1,Piraeus,0.458264,0.034297,7.4842
02,02-port-selection-uncertainty-two-decision-makers,strict,1000,1,1,Koper,0.570652,0.025052,4.3901
02,02-port-selection-uncertainty-two-decision-makers,strict,1000,1,1,Genoa,0.325139,0.037633,11.5745
02,02-port-selection-uncertainty-two-decision-makers,strict,1000,1,1,Antwerp,0.561075,0.036684,6.5382
02,02-port-selection-uncertainty-two-decision-makers,strict,1000,1,1,Rotterdam,0.646608,0.030354,4.6943
02,02-port-selection-uncertainty-two-decision-makers,strict,1000,1,1,Hamburg,0.538922,0.03429,6.3627
02,02-port-selection-uncertainty-two-decision-makers,strict,1000,1,1,Gdansk,0.571691,0.039087,6.8371
02,02-port-selection-uncertainty-two-decision-makers,strict,1000,2,0,Piraeus,0.526823,0.027621,5.243
02,02-port-selection-uncertainty-two-decision-makers,strict,1000,2,0,Koper,0.692841,0.042226,6.0946
02,02-port-selection-uncertainty-two-decision-makers,strict,1000,2,0,Genoa,0.42726,0.042478,9.9419
02,02-port-selection-uncertainty-two-decision-makers,strict,1000,2,0,Antwerp,0.623264,0.026212,4.2056
02,02-port-selection-uncertainty-two-decision-makers,strict,1000,2,0,Rotterdam,0.581987,0.02099,3.6065
02,02-port-selection-uncertainty-two-decision-makers,strict,1000,2,0,Hamburg,0.509231,0.020927,4.1095
02,02-port-selection-uncertainty-two-decision-makers,strict,1000,2,0,Gdansk,0.631697,0.040875,6.4706
02,02-port-selection-uncertainty-two-decision-makers,strict,1000,2,1,Piraeus,0.456132,0.035545,7.7927
02,02-port-selection-uncertainty-two-decision-makers,strict,1000,2,1,Koper,0.57201,0.024623,4.3047
02,02-port-selection-uncertainty-two-decision-makers,strict,1000,2,1,Genoa,0.325488,0.036914,11.3413
02,02-port-selection-uncertainty-two-decision-makers,strict,1000,2,1,Antwerp,0.56149,0.036804,6.5548
02,02-port-selection-uncertainty-two-decision-makers,strict,1000,2,1,Rotterdam,0.648008,0.029854,4.6071
02,02-port-selection-uncertainty-two-decision-makers,strict,1000,2,1,Hamburg,0.538985,0.03459,6.4177
02,02-port-selection-uncertainty-two-decision-makers,strict,1000,2,1,Gdansk,0.570102,0.03905,6.8497
02,02-port-selection-uncertainty-two-decision-makers,strict,1000,3,0,Piraeus,0.529039,0.027785,5.2521
02,02-port-selection-uncertainty-two-decision-makers,strict,1000,3,0,Koper,0.689659,0.042779,6.2029
02,02-port-selection-uncertainty-two-decision-makers,strict,1000,3,0,Genoa,0.426502,0.041573,9.7475
02,02-port-selection-uncertainty-two-decision-makers,strict,1000,3,0,Antwerp,0.621664,0.026103,4.199
02,02-port-selection-uncertainty-two-decision-makers,strict,1000,3,0,Rotterdam,0.58469,0.021093,3.6075
02,02-port-selection-uncertainty-two-decision-makers,strict,1000,3,0,Hamburg,0.509381,0.021009,4.1245
02,02-port-selection-uncertainty-two-decision-makers,strict,1000,3,0,Gdansk,0.634889,0.03971,6.2546
02,02-port-selection-uncertainty-two-decision-makers,strict,1000,3,1,Piraeus,0.456935,0.035147,7.6918
02,02-port-selection-uncertainty-two-decision-makers,strict,1000,3,1,Koper,0.57254,0.025362,4.4298
02,02-port-selection-uncertainty-two-decision-makers,strict,1000,3,1,Genoa,0.326186,0.03761,11.5302
02,02-port-selection-uncertainty-two-decision-makers,strict,1000,3,1,Antwerp,0.561981,0.03832,6.8188
02,02-port-selection-uncertainty-two-decision-makers,strict,1000,3,1,Rotterdam,0.64874,0.029682,4.5753
02,02-port-selection-uncertainty-two-decision-makers,strict,1000,3,1,Hamburg,0.538613,0.035929,6.6707
02,02-port-selection-uncertainty-two-decision-makers,strict,1000,3,1,Gdansk,0.571291,0.038898,6.8088
02,02-port-selection-uncertainty-two-decision-makers,strict,1000,4,0,Piraeus,0.527879,0.026932,5.102
02,02-port-selection-uncertainty-two-decision-makers,strict,1000,4,0,Koper,0.692706,0.041801,6.0345
02,02-port-selection-uncertainty-two-decision-makers,strict,1000,4,0,Genoa,0.428205,0.042765,9.9871
02,02-port-selection-uncertainty-two-decision-makers,strict,1000,4,0,Antwerp,0.623125,0.026373,4.2324
02,02-port-selection-uncertainty-two-decision-makers,strict,1000,4,0,Rotterdam,0.584039,0.020849,3.5698
02,02-port-selection-uncertainty-two-decision-makers,strict,1000,4,0,Hamburg,0.509407,0.020437,4.0119
02,02-port-selection-uncertainty-two-decision-makers,strict,1000,4,0,Gdansk,0.632799,0.04089,6.4618
02,02-port-selection-uncertainty-two-decision-makers,strict,1000,4,1,Piraeus,0.457783,0.035808,7.822
02,02-port-selection-uncertainty-two-decision-makers,strict,1000,4,1,Koper,0.572263,0.025028,4.3735
02,02-port-selection-uncertainty-two-decision-makers,strict,1000,4,1,Genoa,0.325539,0.038062,11.692
02,02-port-selection-uncertainty-two-decision-makers,strict,1000,4,1,Antwerp,0.564048,0.036906,6.543
02,02-port-selection-uncertainty-two-decision-makers,strict,1000,4,1,Rotterdam,0.646308,0.030182,4.6699
02,02-port-selection-uncertainty-two-decision-makers,strict,1000,4,1,Hamburg,0.5369,0.035465,6.6056
02,02-port-selection-uncertainty-two-decision-makers,strict,1000,4,1,Gdansk,0.569847,0.039238,6.8857
02,02-port-selection-uncertainty-two-decision-makers,strict,2000,0,0,Piraeus,0.529019,0.027688,5.2338
02,02-port-selection-uncertainty-two-decision-makers,strict,2000,0,0,Koper,0.691536,0.042137,6.0933
02,02-port-selection-uncertainty-two-decision-makers,strict,2000,0,0,Genoa,0.426112,0.042889,10.0651
02,02-port-selection-uncertainty-two-decision-makers,strict,2000,0,0,Antwerp,0.623338,0.026937,4.3214
02,02-port-selection-uncertainty-two-decision-makers,strict,2000,0,0,Rotterdam,0.582389,0.022058,3.7875
02,02-port-selection-uncertainty-two-decision-makers,strict,2000,0,0,Hamburg,0.509495,0.020405,4.005
02,02-port-selection-uncertainty-two-decision-makers,strict,2000,0,0,Gdansk,0.631609,0.041228,6.5275
02,02-port-selection-uncertainty-two-decision-makers,strict,2000,0,1,Piraeus,0.454472,0.035204,7.7461
02,02-port-selection-uncertainty-two-decision-makers,strict,2000,0,1,Koper,0.57257,0.025015,4.3689
02,02-port-selection-uncertainty-two-decision-makers,strict,2000,0,1,Genoa,0.324507,0.037681,11.6118
02,02-port-selection-uncertainty-two-decision-makers,strict,2000,0,1,Antwerp,0.56206,0.036946,6.5733
02,02-port-selection-uncertainty-two-decision-makers,strict,2000,0,1,Rotterdam,0.648177,0.029438,4.5417
02,02-port-selection-uncertainty-two-decision-makers,strict,2000,0,1,Hamburg,0.53769,0.035112,6.5301
02,02-port-selection-uncertainty-two-decision-makers,strict,2000,0,1,Gdansk,0.571827,0.03841,6.717
02,02-port-selection-uncertainty-two-decision-makers,strict,2000,1,0,Piraeus,0.528871,0.028668,5.4207
02,02-port-selection-uncertainty-two-decision-makers,strict,2000,1,0,Koper,0.690954,0.041785,6.0475
02,02-port-selection-uncertainty-two-decision-makers,strict,2000,1,0,Genoa,0.427231,0.043165,10.1034
02,02-port-selection-uncertainty-two-decision-makers,strict,2000,1,0,Antwerp,0.622964,0.026597,4.2694
02,02-port-selection-uncertainty-two-decision-makers,strict,2000,1,0,Rotterdam,0.583967,0.021574,3.6944
02,02-port-selection-uncertainty-two-decision-makers,strict,2000,1,0,Hamburg,0.509393,0.020365,3.9979
02,02-port-selection-uncertainty-two-decision-makers,strict,2000,1,0,Gdansk,0.632094,0.041202,6.5183
02,02-port-selection-uncertainty-two-decision-makers,strict,2000,1,1,Piraeus,0.455257,0.035083,7.7062
02,02-port-selection-uncertainty-two-decision-makers,strict,2000,1,1,Koper,0.571491,0.024881,4.3537
02,02-port-selection-uncertainty-two-decision-makers,strict,2000,1,1,Genoa,0.323774,0.037197,11.4886
02,02-port-selection-uncertainty-two-decision-makers,strict,2000,1,1,Antwerp,0.562448,0.037457,6.6597
02,02-port-selection-uncertainty-two-decision-makers,strict,2000,1,1,Rotterdam,0.648336,0.02988,4.6088
02,02-port-selection-uncertainty-two-decision-makers,strict,2000,1,1,Hamburg,0.539369,0.034616,6.4178
02,02-port-selection-uncertainty-two-decision-makers,strict,2000,1,1,Gdansk,0.569854,0.039029,6.8489
02,02-port-selection-uncertainty-two-decision-makers,strict,2000,2,0,Piraeus,0.530132,0.027741,5.2329
02,02-port-selection-uncertainty-two-decision-makers,strict,2000,2,0,Koper,0.690952,0.043208,6.2533
02,02-port-selection-uncertainty-two-decision-makers,strict,2000,2,0,Genoa,0.427712,0.04324,10.1096
02,02-port-selection-uncertainty-two-decision-makers,strict,2000,2,0,Antwerp,0.621823,0.025624,4.1207
02,02-port-selection-uncertainty-two-decision-makers,strict,2000,2,0,Rotterdam,0.583797,0.02099,3.5954
02,02-port-selection-uncertainty-two-decision-makers,strict,2000,2,0,Hamburg,0.5089,0.020587,4.0455
02,02-port-selection-uncertainty-two-decision-makers,strict,2000,2,0,Gdansk,0.632399,0.041655,6.5869
02,02-port-selection-uncertainty-two-decision-makers,strict,2000,2,1,Piraeus,0.455439,0.034703,7.6198
02,02-port-selection-uncertainty-two-decision-makers,strict,2000,2,1,Koper,0.571099,0.025619,4.4859
02,02-port-selection-uncertainty-two-decision-makers,strict,2000,2,1,Genoa,0.324627,0.037324,11.4976
02,02-port-selection-uncertainty-two-decision-makers,strict,2000,2,1,Antwerp,0.562365,0.037155,6.6069
02,02-port-selection-uncertainty-two-decision-makers,strict,2000,2,1,Rotterdam,0.647275,0.029425,4.546
02,02-port-selection-uncertainty-two-decision-makers,strict,2000,2,1,Hamburg,0.537468,0.035085,6.5278
02,02-port-selection-uncertainty-two-decision-makers,strict,2000,2,1,Gdansk,0.570167,0.040208,7.0519
02,02-port-selection-uncertainty-two-decision-makers,strict,2000,3,0,Piraeus,0.52913,0.028273,5.3434
02,02-port-selection-uncertainty-two-decision-makers,strict,2000,3,0,Koper,0.691447,0.041938,6.0653
02,02-port-selection-uncertainty-two-decision-makers,strict,2000,3,0,Genoa,0.426844,0.042773,10.0206
02,02-port-selection-uncertainty-two-decision-makers,strict,2000,3,0,Antwerp,0.623026,0.026246,4.2127
02,02-port-selection-uncertainty-two-decision-makers,strict,2000,3,0,Rotterdam,0.583359,0.021553,3.6946
02,02-port-selection-uncertainty-two-decision-makers,strict,2000,3,0,Hamburg,0.50874,0.020488,4.0271
02,02-port-selection-uncertainty-two-decision-makers,strict,2000,3,0,Gdansk,0.630867,0.041056,6.5078
02,02-port-selection-uncertainty-two-decision-makers,strict,2000,3,1,Piraeus,0.455038,0.035902,7.8898
02,02-port-selection-uncertainty-two-decision-makers,strict,2000,3,1,Koper,0.571985,0.025523,4.4622
02,02-port-selection-uncertainty-two-decision-makers,strict,2000,3,1,Genoa,0.326204,0.036649,11.2351
02,02-port-selection-uncertainty-two-decision-makers,strict,2000,3,1,Antwerp,0.561744,0.036537,6.5043
02,02-port-selection-uncertainty-two-decision-makers,strict,2000,3,1,Rotterdam,0.647407,0.030539,4.7171
02,02-port-selection-uncertainty-two-decision-makers,strict,2000,3,1,Hamburg,0.538367,0.034877,6.4784
02,02-port-selection-uncertainty-two-decision-makers,strict,2000,3,1,Gdansk,0.571522,0.037376,6.5398
02,02-port-selection-uncertainty-two-decision-makers,strict,2000,4,0,Piraeus,0.529716,0.028119,5.3083
02,02-port-selection-uncertainty-two-decision-makers,strict,2000,4,0,Koper,0.691917,0.042608,6.1579
02,02-port-selection-uncertainty-two-decision-makers,strict,2000,4,0,Genoa,0.427162,0.042703,9.9969
02,02-port-selection-uncertainty-two-decision-makers,strict,2000,4,0,Antwerp,0.621846,0.025502,4.101
02,02-port-selection-uncertainty-two-decision-makers,strict,2000,4,0,Rotterdam,0.584193,0.021471,3.6753
02,02-port-selection-uncertainty-two-decision-makers,strict,2000,4,0,Hamburg,0.50807,0.020345,4.0044
02,02-port-selection-uncertainty-two-decision-makers,strict,2000,4,0,Gdansk,0.632079,0.04144,6.5561
02,02-port-selection-uncertainty-two-decision-makers,strict,2000,4,1,Piraeus,0.454684,0.035496,7.8068
02,02-port-selection-uncertainty-two-decision-makers,strict,2000,4,1,Koper,0.57174,0.02487,4.3498
02,02-port-selection-uncertainty-two-decision-makers,strict,2000,4,1,Genoa,0.324509,0.036755,11.3264
02,02-port-selection-uncertainty-two-decision-makers,strict,2000,4,1,Antwerp,0.563321,0.037395,6.6384
02,02-port-selection-uncertainty-two-decision-makers,strict,2000,4,1,Rotterdam,0.646767,0.029658,4.5855
02,02-port-selection-uncertainty-two-decision-makers,strict,2000,4,1,Hamburg,0.53614,0.034686,6.4695
02,02-port-selection-uncertainty-two-decision-makers,strict,2000,4,1,Gdansk,0.570315,0.039594,6.9424
02,02-port-selection-uncertainty-two-decision-makers,strict,5000,0,0,Piraeus,0.528609,0.027693,5.2389
02,02-port-selection-uncertainty-two-decision-makers,strict,5000,0,0,Koper,0.690716,0.042297,6.1237
02,02-port-selection-uncertainty-two-decision-makers,strict,5000,0,0,Genoa,0.42598,0.042777,10.042
02,02-port-selection-uncertainty-two-decision-makers,strict,5000,0,0,Antwerp,0.623242,0.025732,4.1287
02,02-port-selection-uncertainty-two-decision-makers,strict,5000,0,0,Rotterdam,0.58384,0.021587,3.6975
02,02-port-selection-uncertainty-two-decision-makers,strict,5000,0,0,Hamburg,0.509022,0.020891,4.1042
02,02-port-selection-uncertainty-two-decision-makers,strict,5000,0,0,Gdansk,0.632518,0.040642,6.4254
02,02-port-selection-uncertainty-two-decision-makers,strict,5000,0,1,Piraeus,0.455691,0.035289,7.7442
02,02-port-selection-uncertainty-two-decision-makers,strict,5000,0,1,Koper,0.572155,0.025295,4.421
02,02-port-selection-uncertainty-two-decision-makers,strict,5000,0,1,Genoa,0.323677,0.037324,11.5313
02,02-port-selection-uncertainty-two-decision-makers,strict,5000,0,1,Antwerp,0.563309,0.037151,6.5951
02,02-port-selection-uncertainty-two-decision-makers,strict,5000,0,1,Rotterdam,0.64733,0.030192,4.6641
02,02-port-selection-uncertainty-two-decision-makers,strict,5000,0,1,Hamburg,0.537748,0.034876,6.4855
02,02-port-selection-uncertainty-two-decision-makers,strict,5000,0,1,Gdansk,0.570662,0.038868,6.8111
02,02-port-selection-uncertainty-two-decision-makers,strict,5000,1,0,Piraeus,0.528896,0.028471,5.3831
02,02-port-selection-uncertainty-two-decision-makers,strict,5000,1,0,Koper,0.691527,0.042826,6.193
02,02-port-selection-uncertainty-two-decision-makers,strict,5000,1,0,Genoa,0.4264,0.042896,10.0601
02,02-port-selection-uncertainty-two-decision-makers,strict,5000,1,0,Antwerp,0.622611,0.026345,4.2314
02,02-port-selection-uncertainty-two-decision-makers,strict,5000,1,0,Rotterdam,0.583278,0.021361,3.6622
02,02-port-selection-uncertainty-two-decision-makers,strict,5000,1,0,Hamburg,0.509023,0.020632,4.0532
02,02-port-selection-uncertainty-two-decision-makers,strict,5000,1,0,Gdansk,0.632169,0.041219,6.5202
02,02-port-selection-uncertainty-two-decision-makers,strict,5000,1,1,Piraeus,0.455257,0.035211,7.7343
02,02-port-selection-uncertainty-two-decision-makers,strict,5000,1,1,Koper,0.572068,0.025176,4.4008
02,02-port-selection-uncertainty-two-decision-makers,strict,5000,1,1,Genoa,0.32505,0.037377,11.4989
02,02-port-selection-uncertainty-two-decision-makers,strict,5000,1,1,Antwerp,0.561843,0.037033,6.5913
02,02-port-selection-uncertainty-two-decision-makers,strict,5000,1,1,Rotterdam,0.647511,0.03037,4.6903
02,02-port-selection-uncertainty-two-decision-makers,strict,5000,1,1,Hamburg,0.538276,0.034592,6.4264
02,02-port-selection-uncertainty-two-decision-makers,strict,5000,1,1,Gdansk,0.570244,0.039086,6.8542
02,02-port-selection-uncertainty-two-decision-makers,strict,5000,2,0,Piraeus,0.52879,0.028198,5.3325
02,02-port-selection-uncertainty-two-decision-makers,strict,5000,2,0,Koper,0.692995,0.042114,6.0771
02,02-port-selection-uncertainty-two-decision-makers,strict,5000,2,0,Genoa,0.426773,0.042666,9.9974
02,02-port-selection-uncertainty-two-decision-makers,strict,5000,2,0,Antwerp,0.622457,0.025908,4.1622
02,02-port-selection-uncertainty-two-decision-makers,strict,5000,2,0,Rotterdam,0.58341,0.021068,3.6112
02,02-port-selection-uncertainty-two-decision-makers,strict,5000,2,0,Hamburg,0.509395,0.020776,4.0786
02,02-port-selection-uncertainty-two-decision-makers,strict,5000,2,0,Gdansk,0.63263,0.041264,6.5226
02,02-port-selection-uncertainty-two-decision-makers,strict,5000,2,1,Piraeus,0.455829,0.035469,7.7812
02,02-port-selection-uncertainty-two-decision-makers,strict,5000,2,1,Koper,0.572323,0.025168,4.3976
02,02-port-selection-uncertainty-two-decision-makers,strict,5000,2,1,Genoa,0.32364,0.03753,11.5961
02,02-port-selection-uncertainty-two-decision-makers,strict,5000,2,1,Antwerp,0.561071,0.036985,6.5918
02,02-port-selection-uncertainty-two-decision-makers,strict,5000,2,1,Rotterdam,0.647333,0.030434,4.7015
02,02-port-selection-uncertainty-two-decision-makers,strict,5000,2,1,Hamburg,0.538722,0.034619,6.4262
02,02-port-selection-uncertainty-two-decision-makers,strict,5000,2,1,Gdansk,0.570025,0.038803,6.8073
02,02-port-selection-uncertainty-two-decision-makers,strict,5000,3,0,Piraeus,0.529227,0.027749,5.2434
02,02-port-selection-uncertainty-two-decision-makers,strict,5000,3,0,Koper,0.691855,0.042362,6.1229
02,02-port-selection-uncertainty-two-decision-makers,strict,5000,3,0,Genoa,0.42644,0.042838,10.0454
02,02-port-selection-uncertainty-two-decision-makers,strict,5000,3,0,Antwerp,0.622913,0.025926,4.162
02,02-port-selection-uncertainty-two-decision-makers,strict,5000,3,0,Rotterdam,0.583637,0.021308,3.651
02,02-port-selection-uncertainty-two-decision-makers,strict,5000,3,0,Hamburg,0.508802,0.020843,4.0965
02,02-port-selection-uncertainty-two-decision-makers,strict,5000,3,0,Gdansk,0.631677,0.041317,6.5408
02,02-port-selection-uncertainty-two-decision-makers,strict,5000,3,1,Piraeus,0.455354,0.034841,7.6514
02,02-port-selection-uncertainty-two-decision-makers,strict,5000,3,1,Koper,0.572083,0.024753,4.3268
02,02-port-selection-uncertainty-two-decision-makers,strict,5000,3,1,Genoa,0.324164,0.037395,11.5359
02,02-port-selection-uncertainty-two-decision-makers,strict,5000,3,1,Antwerp,0.561946,0.036671,6.5257
02,02-port-selection-uncertainty-two-decision-makers,strict,5000,3,1,Rotterdam,0.647537,0.029748,4.594
02,02-port-selection-uncertainty-two-decision-makers,strict,5000,3,1,Hamburg,0.538069,0.035225,6.5466
02,02-port-selection-uncertainty-two-decision-makers,strict,5000,3,1,Gdansk,0.570308,0.038375,6.7288
02,02-port-selection-uncertainty-two-decision-makers,strict,5000,4,0,Piraeus,0.529071,0.027809,5.2562
02,02-port-selection-uncertainty-two-decision-makers,strict,5000,4,0,Koper,0.69133,0.042851,6.1983
02,02-port-selection-uncertainty-two-decision-makers,strict,5000,4,0,Genoa,0.426295,0.043359,10.1712
02,02-port-selection-uncertainty-two-decision-makers,strict,5000,4,0,Antwerp,0.623046,0.025749,4.1328
02,02-port-selection-uncertainty-two-decision-makers,strict,5000,4,0,Rotterdam,0.583298,0.021648,3.7113
02,02-port-selection-uncertainty-two-decision-makers,strict,5000,4,0,Hamburg,0.509511,0.020712,4.065
02,02-port-selection-uncertainty-two-decision-makers,strict,5000,4,0,Gdansk,0.632217,0.041112,6.5028
02,02-port-selection-uncertainty-two-decision-makers,strict,5000,4,1,Piraeus,0.454601,0.035059,7.712
02,02-port-selection-uncertainty-two-decision-makers,strict,5000,4,1,Koper,0.57102,0.025258,4.4232
02,02-port-selection-uncertainty-two-decision-makers,strict,5000,4,1,Genoa,0.324256,0.036619,11.2933
02,02-port-selection-uncertainty-two-decision-makers,strict,5000,4,1,Antwerp,0.562278,0.037466,6.6633
02,02-port-selection-uncertainty-two-decision-makers,strict,5000,4,1,Rotterdam,0.647886,0.029995,4.6297
02,02-port-selection-uncertainty-two-decision-makers,strict,5000,4,1,Hamburg,0.538071,0.035203,6.5425
02,02-port-selection-uncertainty-two-decision-makers,strict,5000,4,1,Gdansk,0.570252,0.038793,6.8027
02,02-port-selection-uncertainty-two-decision-makers,strict,10000,0,0,Piraeus,0.529,0.028161,5.3235
02,02-port-selection-uncertainty-two-decision-makers,strict,10000,0,0,Koper,0.691459,0.042763,6.1844
02,02-port-selection-uncertainty-two-decision-makers,strict,10000,0,0,Genoa,0.426246,0.043039,10.0972
02,02-port-selection-uncertainty-two-decision-makers,strict,10000,0,0,Antwerp,0.623216,0.026034,4.1774
02,02-port-selection-uncertainty-two-decision-makers,strict,10000,0,0,Rotterdam,0.583746,0.021153,3.6237
02,02-port-selection-uncertainty-two-decision-makers,strict,10000,0,0,Hamburg,0.509227,0.020567,4.0388
02,02-port-selection-uncertainty-two-decision-makers,strict,10000,0,0,Gdansk,0.632703,0.040539,6.4073
02,02-port-selection-uncertainty-two-decision-makers,strict,10000,0,1,Piraeus,0.455177,0.035492,7.7974
02,02-port-selection-uncertainty-two-decision-makers,strict,10000,0,1,Koper,0.571816,0.025347,4.4328
02,02-port-selection-uncertainty-two-decision-makers,strict,10000,0,1,Genoa,0.324238,0.037008,11.4139
02,02-port-selection-uncertainty-two-decision-makers,strict,10000,0,1,Antwerp,0.562729,0.037019,6.5785
02,02-port-selection-uncertainty-two-decision-makers,strict,10000,0,1,Rotterdam,0.648059,0.030352,4.6835
02,02-port-selection-uncertainty-two-decision-makers,strict,10000,0,1,Hamburg,0.539045,0.034861,6.4672
02,02-port-selection-uncertainty-two-decision-makers,strict,10000,0,1,Gdansk,0.570813,0.038727,6.7846
02,02-port-selection-uncertainty-two-decision-makers,strict,10000,1,0,Piraeus,0.528497,0.027523,5.2078
02,02-port-selection-uncertainty-two-decision-makers,strict,10000,1,0,Koper,0.690447,0.042381,6.1382
02,02-port-selection-uncertainty-two-decision-makers,strict,10000,1,0,Genoa,0.426959,0.043111,10.0972
02,02-port-selection-uncertainty-two-decision-makers,strict,10000,1,0,Antwerp,0.623245,0.026218,4.2067
02,02-port-selection-uncertainty-two-decision-makers,strict,10000,1,0,Rotterdam,0.583748,0.021306,3.6499
02,02-port-selection-uncertainty-two-decision-makers,strict,10000,1,0,Hamburg,0.509132,0.020869,4.0989
02,02-port-selection-uncertainty-two-decision-makers,strict,10000,1,0,Gdansk,0.632167,0.041181,6.5142
02,02-port-selection-uncertainty-two-decision-makers,strict,10000,1,1,Piraeus,0.45499,0.035397,7.7796
02,02-port-selection-uncertainty-two-decision-makers,strict,10000,1,1,Koper,0.572135,0.025186,4.4021
02,02-port-selection-uncertainty-two-decision-makers,strict,10000,1,1,Genoa,0.324464,0.037494,11.5558
02,02-port-selection-uncertainty-two-decision-makers,strict,10000,1,1,Antwerp,0.562023,0.036913,6.5678
02,02-port-selection-uncertainty-two-decision-makers,strict,10000,1,1,Rotterdam,0.647681,0.029999,4.6318
02,02-port-selection-uncertainty-two-decision-makers,strict,10000,1,1,Hamburg,0.538051,0.034635,6.4371
02,02-port-selection-uncertainty-two-decision-makers,strict,10000,1,1,Gdansk,0.570472,0.038757,6.7939
02,02-port-selection-uncertainty-two-decision-makers,strict,10000,2,0,Piraeus,0.528464,0.027658,5.2336
02,02-port-selection-uncertainty-two-decision-makers,strict,10000,2,0,Koper,0.691948,0.04248,6.1392
02,02-port-selection-uncertainty-two-decision-makers,strict,10000,2,0,Genoa,0.426229,0.043157,10.1252
02,02-port-selection-uncertainty-two-decision-makers,strict,10000,2,0,Antwerp,0.622385,0.026209,4.211
02,02-port-selection-uncertainty-two-decision-makers,strict,10000,2,0,Rotterdam,0.583932,0.02105,3.6049
02,02-port-selection-uncertainty-two-decision-makers,strict,10000,2,0,Hamburg,0.509243,0.020882,4.1006
02,02-port-selection-uncertainty-two-decision-makers,strict,10000,2,0,Gdansk,0.631616,0.040957,6.4844
02,02-port-selection-uncertainty-two-decision-makers,strict,10000,2,1,Piraeus,0.455824,0.035404,7.7671
02,02-port-selection-uncertainty-two-decision-makers,strict,10000,2,1,Koper,0.571992,0.025075,4.3839
02,02-port-selection-uncertainty-two-decision-makers,strict,10000,2,1,Genoa,0.324471,0.037584,11.5833
02,02-port-selection-uncertainty-two-decision-makers,strict,10000,2,1,Antwerp,0.562561,0.036871,6.5542
02,02-port-selection-uncertainty-two-decision-makers,strict,10000,2,1,Rotterdam,0.64761,0.030173,4.6591
02,02-port-selection-uncertainty-two-decision-makers,strict,10000,2,1,Hamburg,0.538562,0.034669,6.4373
02,02-port-selection-uncertainty-two-decision-makers,strict,10000,2,1,Gdansk,0.570489,0.038738,6.7904
02,02-port-selection-uncertainty-two-decision-makers,strict,10000,3,0,Piraeus,0.529143,0.027971,5.2861
02,02-port-selection-uncertainty-two-decision-makers,strict,10000,3,0,Koper,0.691951,0.042747,6.1777
02,02-port-selection-uncertainty-two-decision-makers,strict,10000,3,0,Genoa,0.426263,0.043412,10.1844
02,02-port-selection-uncertainty-two-decision-makers,strict,10000,3,0,Antwerp,0.622733,0.026292,4.222
02,02-port-selection-uncertainty-two-decision-makers,strict,10000,3,0,Rotterdam,0.583757,0.021244,3.6392
02,02-port-selection-uncertainty-two-decision-makers,strict,10000,3,0,Hamburg,0.509102,0.020571,4.0406
02,02-port-selection-uncertainty-two-decision-makers,strict,10000,3,0,Gdansk,0.632759,0.041055,6.4882
02,02-port-selection-uncertainty-two-decision-makers,strict,10000,3,1,Piraeus,0.455099,0.035189,7.7321
02,02-port-selection-uncertainty-two-decision-makers,strict,10000,3,1,Koper,0.571984,0.025307,4.4244
02,02-port-selection-uncertainty-two-decision-makers,strict,10000,3,1,Genoa,0.324147,0.037385,11.5334
02,02-port-selection-uncertainty-two-decision-makers,strict,10000,3,1,Antwerp,0.562748,0.037038,6.5816
02,02-port-selection-uncertainty-two-decision-makers,strict,10000,3,1,Rotterdam,0.64764,0.029796,4.6007
02,02-port-selection-uncertainty-two-decision-makers,strict,10000,3,1,Hamburg,0.538516,0.034746,6.4521
02,02-port-selection-uncertainty-two-decision-makers,strict,10000,3,1,Gdansk,0.571083,0.038983,6.8262
02,02-port-selection-uncertainty-two-decision-makers,strict,10000,4,0,Piraeus,0.528467,0.027994,5.2972
02,02-port-selection-uncertainty-two-decision-makers,strict,10000,4,0,Koper,0.691569,0.042634,6.1649
02,02-port-selection-uncertainty-two-decision-makers,strict,10000,4,0,Genoa,0.426415,0.042937,10.0693
02,02-port-selection-uncertainty-two-decision-makers,strict,10000,4,0,Antwerp,0.622968,0.02618,4.2025
02,02-port-selection-uncertainty-two-decision-makers,strict,10000,4,0,Rotterdam,0.583483,0.021238,3.6398
02,02-port-selection-uncertainty-two-decision-makers,strict,10000,4,0,Hamburg,0.509446,0.020587,4.041
02,02-port-selection-uncertainty-two-decision-makers,strict,10000,4,0,Gdansk,0.632413,0.040968,6.478
02,02-port-selection-uncertainty-two-decision-makers,strict,10000,4,1,Piraeus,0.454741,0.035078,7.7138
02,02-port-selection-uncertainty-two-decision-makers,strict,10000,4,1,Koper,0.571681,0.025345,4.4334
02,02-port-selection-uncertainty-two-decision-makers,strict,10000,4,1,Genoa,0.324043,0.037596,11.6022
02,02-port-selection-uncertainty-two-decision-makers,strict,10000,4,1,Antwerp,0.562204,0.036864,6.5571
02,02-port-selection-uncertainty-two-decision-makers,strict,10000,4,1,Rotterdam,0.647501,0.029992,4.632
02,02-port-selection-uncertainty-two-decision-makers,strict,10000,4,1,Hamburg,0.537783,0.034608,6.4353
02,02-port-selection-uncertainty-two-decision-makers,strict,10000,4,1,Gdansk,0.570847,0.038928,6.8193
02,02-port-selection-uncertainty-two-decision-makers,non_strict,50,0,pooled,Piraeus,0.490172,0.041502,8.4669
02,02-port-selection-uncertainty-two-decision-makers,non_strict,50,0,pooled,Koper,0.622611,0.058753,9.4366
02,02-port-selection-uncertainty-two-decision-makers,non_strict,50,0,pooled,Genoa,0.362853,0.054055,14.8971
02,02-port-selection-uncertainty-two-decision-makers,non_strict,50,0,pooled,Antwerp,0.591296,0.035071,5.9312
02,02-port-selection-uncertainty-two-decision-makers,non_strict,50,0,pooled,Rotterdam,0.628174,0.035868,5.7098
02,02-port-selection-uncertainty-two-decision-makers,non_strict,50,0,pooled,Hamburg,0.534264,0.031412,5.8795
02,02-port-selection-uncertainty-two-decision-makers,non_strict,50,0,pooled,Gdansk,0.603019,0.049669,8.2368
02,02-port-selection-uncertainty-two-decision-makers,non_strict,50,1,pooled,Piraeus,0.492932,0.040078,8.1305
02,02-port-selection-uncertainty-two-decision-makers,non_strict,50,1,pooled,Koper,0.630855,0.06214,9.8501
02,02-port-selection-uncertainty-two-decision-makers,non_strict,50,1,pooled,Genoa,0.373675,0.059586,15.9458
02,02-port-selection-uncertainty-two-decision-makers,non_strict,50,1,pooled,Antwerp,0.589543,0.035807,6.0737
02,02-port-selection-uncertainty-two-decision-makers,non_strict,50,1,pooled,Rotterdam,0.610997,0.034179,5.594
02,02-port-selection-uncertainty-two-decision-makers,non_strict,50,1,pooled,Hamburg,0.528081,0.031452,5.9559
02,02-port-selection-uncertainty-two-decision-makers,non_strict,50,1,pooled,Gdansk,0.610161,0.045931,7.5276
02,02-port-selection-uncertainty-two-decision-makers,non_strict,50,2,pooled,Piraeus,0.499779,0.042657,8.5351
02,02-port-selection-uncertainty-two-decision-makers,non_strict,50,2,pooled,Koper,0.638648,0.06033,9.4466
02,02-port-selection-uncertainty-two-decision-makers,non_strict,50,2,pooled,Genoa,0.369188,0.056827,15.3924
02,02-port-selection-uncertainty-two-decision-makers,non_strict,50,2,pooled,Antwerp,0.596664,0.037727,6.323
02,02-port-selection-uncertainty-two-decision-makers,non_strict,50,2,pooled,Rotterdam,0.623868,0.033436,5.3595
02,02-port-selection-uncertainty-two-decision-makers,non_strict,50,2,pooled,Hamburg,0.520861,0.040971,7.866
02,02-port-selection-uncertainty-two-decision-makers,non_strict,50,2,pooled,Gdansk,0.611179,0.047737,7.8106
02,02-port-selection-uncertainty-two-decision-makers,non_strict,50,3,pooled,Piraeus,0.493025,0.041676,8.4532
02,02-port-selection-uncertainty-two-decision-makers,non_strict,50,3,pooled,Koper,0.621488,0.062105,9.9929
02,02-port-selection-uncertainty-two-decision-makers,non_strict,50,3,pooled,Genoa,0.371565,0.057524,15.4817
02,02-port-selection-uncertainty-two-decision-makers,non_strict,50,3,pooled,Antwerp,0.592387,0.045204,7.6309
02,02-port-selection-uncertainty-two-decision-makers,non_strict,50,3,pooled,Rotterdam,0.619169,0.039269,6.3422
02,02-port-selection-uncertainty-two-decision-makers,non_strict,50,3,pooled,Hamburg,0.522706,0.040639,7.7747
02,02-port-selection-uncertainty-two-decision-makers,non_strict,50,3,pooled,Gdansk,0.602747,0.050898,8.4443
02,02-port-selection-uncertainty-two-decision-makers,non_strict,50,4,pooled,Piraeus,0.497543,0.042849,8.6122
02,02-port-selection-uncertainty-two-decision-makers,non_strict,50,4,pooled,Koper,0.634696,0.064808,10.2108
02,02-port-selection-uncertainty-two-decision-makers,non_strict,50,4,pooled,Genoa,0.37672,0.063837,16.9455
02,02-port-selection-uncertainty-two-decision-makers,non_strict,50,4,pooled,Antwerp,0.601116,0.032447,5.3978
02,02-port-selection-uncertainty-two-decision-makers,non_strict,50,4,pooled,Rotterdam,0.614365,0.034811,5.6661
02,02-port-selection-uncertainty-two-decision-makers,non_strict,50,4,pooled,Hamburg,0.527209,0.0355,6.7336
02,02-port-selection-uncertainty-two-decision-makers,non_strict,50,4,pooled,Gdansk,0.600068,0.049915,8.3182
02,02-port-selection-uncertainty-two-decision-makers,non_strict,100,0,pooled,Piraeus,0.500586,0.035401,7.072
02,02-port-selection-uncertainty-two-decision-makers,non_strict,100,0,pooled,Koper,0.646372,0.061257,9.477
02,02-port-selection-uncertainty-two-decision-makers,non_strict,100,0,pooled,Genoa,0.376516,0.062322,16.5523
02,02-port-selection-uncertainty-two-decision-makers,non_strict,100,0,pooled,Antwerp,0.607925,0.03968,6.5272
02,02-port-selection-uncertainty-two-decision-makers,non_strict,100,0,pooled,Rotterdam,0.616826,0.035117,5.6932
02,02-port-selection-uncertainty-two-decision-makers,non_strict,100,0,pooled,Hamburg,0.520922,0.033254,6.3837
02,02-port-selection-uncertainty-two-decision-makers,non_strict,100,0,pooled,Gdansk,0.607286,0.053964,8.8861
02,02-port-selection-uncertainty-two-decision-makers,non_strict,100,1,pooled,Piraeus,0.496875,0.043733,8.8016
02,02-port-selection-uncertainty-two-decision-makers,non_strict,100,1,pooled,Koper,0.63949,0.058802,9.1951
02,02-port-selection-uncertainty-two-decision-makers,non_strict,100,1,pooled,Genoa,0.377158,0.056787,15.0567
02,02-port-selection-uncertainty-two-decision-makers,non_strict,100,1,pooled,Antwerp,0.596315,0.043439,7.2846
02,02-port-selection-uncertainty-two-decision-makers,non_strict,100,1,pooled,Rotterdam,0.610796,0.035286,5.7771
02,02-port-selection-uncertainty-two-decision-makers,non_strict,100,1,pooled,Hamburg,0.520609,0.032204,6.1857
02,02-port-selection-uncertainty-two-decision-makers,non_strict,100,1,pooled,Gdansk,0.595907,0.051839,8.6991
02,02-port-selection-uncertainty-two-decision-makers,non_strict,100,2,pooled,Piraeus,0.491411,0.040792,8.3011
02,02-port-selection-uncertainty-two-decision-makers,non_strict,100,2,pooled,Koper,0.622009,0.05333,8.5738
02,02-port-selection-uncertainty-two-decision-makers,non_strict,100,2,pooled,Genoa,0.372323,0.053519,14.3743
02,02-port-selection-uncertainty-two-decision-makers,non_strict,100,2,pooled,Antwerp,0.589274,0.042512,7.2143
02,02-port-selection-uncertainty-two-decision-makers,non_strict,100,2,pooled,Rotterdam,0.626658,0.041138,6.5647
02,02-port-selection-uncertainty-two-decision-makers,non_strict,100,2,pooled,Hamburg,0.522221,0.035845,6.8639
02,02-port-selection-uncertainty-two-decision-makers,non_strict,100,2,pooled,Gdansk,0.599279,0.048686,8.1241
02,02-port-selection-uncertainty-two-decision-makers,non_strict,100,3,pooled,Piraeus,0.495854,0.042637,8.5987
02,02-port-selection-uncertainty-two-decision-makers,non_strict,100,3,pooled,Koper,0.63862,0.057817,9.0535
02,02-port-selection-uncertainty-two-decision-makers,non_strict,100,3,pooled,Genoa,0.374085,0.059444,15.8905
02,02-port-selection-uncertainty-two-decision-makers,non_strict,100,3,pooled,Antwerp,0.592738,0.038247,6.4526
02,02-port-selection-uncertainty-two-decision-makers,non_strict,100,3,pooled,Rotterdam,0.617972,0.033403,5.4052
02,02-port-selection-uncertainty-two-decision-makers,non_strict,100,3,pooled,Hamburg,0.522752,0.035465,6.7843
02,02-port-selection-uncertainty-two-decision-makers,non_strict,100,3,pooled,Gdansk,0.598078,0.047232,7.8974
02,02-port-selection-uncertainty-two-decision-makers,non_strict,100,4,pooled,Piraeus,0.49295,0.040427,8.2011
02,02-port-selection-uncertainty-two-decision-makers,non_strict,100,4,pooled,Koper,0.630605,0.055761,8.8425
02,02-port-selection-uncertainty-two-decision-makers,non_strict,100,4,pooled,Genoa,0.375892,0.060947,16.214
02,02-port-selection-uncertainty-two-decision-makers,non_strict,100,4,pooled,Antwerp,0.597966,0.038125,6.3758
02,02-port-selection-uncertainty-two-decision-makers,non_strict,100,4,pooled,Rotterdam,0.615505,0.039425,6.4053
02,02-port-selection-uncertainty-two-decision-makers,non_strict,100,4,pooled,Hamburg,0.524023,0.038336,7.3157
02,02-port-selection-uncertainty-two-decision-makers,non_strict,100,4,pooled,Gdansk,0.60458,0.05261,8.7019
02,02-port-selection-uncertainty-two-decision-makers,non_strict,200,0,pooled,Piraeus,0.495318,0.036536,7.3762
02,02-port-selection-uncertainty-two-decision-makers,non_strict,200,0,pooled,Koper,0.631224,0.057933,9.1778
02,02-port-selection-uncertainty-two-decision-makers,non_strict,200,0,pooled,Genoa,0.378812,0.056493,14.9133
02,02-port-selection-uncertainty-two-decision-makers,non_strict,200,0,pooled,Antwerp,0.597646,0.041081,6.8737
02,02-port-selection-uncertainty-two-decision-makers,non_strict,200,0,pooled,Rotterdam,0.621791,0.031032,4.9907
02,02-port-selection-uncertainty-two-decision-makers,non_strict,200,0,pooled,Hamburg,0.526972,0.037505,7.1171
02,02-port-selection-uncertainty-two-decision-makers,non_strict,200,0,pooled,Gdansk,0.601754,0.048638,8.0826
02,02-port-selection-uncertainty-two-decision-makers,non_strict,200,1,pooled,Piraeus,0.495687,0.040662,8.2032
02,02-port-selection-uncertainty-two-decision-makers,non_strict,200,1,pooled,Koper,0.637012,0.058971,9.2575
02,02-port-selection-uncertainty-two-decision-makers,non_strict,200,1,pooled,Genoa,0.375744,0.063888,17.003
02,02-port-selection-uncertainty-two-decision-makers,non_strict,200,1,pooled,Antwerp,0.598333,0.040003,6.6858
02,02-port-selection-uncertainty-two-decision-makers,non_strict,200,1,pooled,Rotterdam,0.620077,0.037445,6.0388
02,02-port-selection-uncertainty-two-decision-makers,non_strict,200,1,pooled,Hamburg,0.525525,0.035598,6.7738
02,02-port-selection-uncertainty-two-decision-makers,non_strict,200,1,pooled,Gdansk,0.609424,0.046242,7.5878
02,02-port-selection-uncertainty-two-decision-makers,non_strict,200,2,pooled,Piraeus,0.499819,0.040411,8.0851
02,02-port-selection-uncertainty-two-decision-makers,non_strict,200,2,pooled,Koper,0.636348,0.05743,9.0249
02,02-port-selection-uncertainty-two-decision-makers,non_strict,200,2,pooled,Genoa,0.381468,0.060892,15.9625
02,02-port-selection-uncertainty-two-decision-makers,non_strict,200,2,pooled,Antwerp,0.596408,0.040509,6.7922
02,02-port-selection-uncertainty-two-decision-makers,non_strict,200,2,pooled,Rotterdam,0.614404,0.038176,6.2135
02,02-port-selection-uncertainty-two-decision-makers,non_strict,200,2,pooled,Hamburg,0.515928,0.033577,6.5081
02,02-port-selection-uncertainty-two-decision-makers,non_strict,200,2,pooled,Gdansk,0.609629,0.04797,7.8687
02,02-port-selection-uncertainty-two-decision-makers,non_strict,200,3,pooled,Piraeus,0.495681,0.04563,9.2056
02,02-port-selection-uncertainty-two-decision-makers,non_strict,200,3,pooled,Koper,0.632101,0.05977,9.4558
02,02-port-selection-uncertainty-two-decision-makers,non_strict,200,3,pooled,Genoa,0.372663,0.057231,15.3574
02,02-port-selection-uncertainty-two-decision-makers,non_strict,200,3,pooled,Antwerp,0.589269,0.039631,6.7254
02,02-port-selection-uncertainty-two-decision-makers,non_strict,200,3,pooled,Rotterdam,0.619183,0.035735,5.7713
02,02-port-selection-uncertainty-two-decision-makers,non_strict,200,3,pooled,Hamburg,0.528353,0.037843,7.1624
02,02-port-selection-uncertainty-two-decision-makers,non_strict,200,3,pooled,Gdansk,0.602291,0.051082,8.4813
02,02-port-selection-uncertainty-two-decision-makers,non_strict,200,4,pooled,Piraeus,0.500031,0.03921,7.8415
02,02-port-selection-uncertainty-two-decision-makers,non_strict,200,4,pooled,Koper,0.635731,0.057808,9.0931
02,02-port-selection-uncertainty-two-decision-makers,non_strict,200,4,pooled,Genoa,0.381448,0.05832,15.289
02,02-port-selection-uncertainty-two-decision-makers,non_strict,200,4,pooled,Antwerp,0.59481,0.036458,6.1293
02,02-port-selection-uncertainty-two-decision-makers,non_strict,200,4,pooled,Rotterdam,0.619823,0.034864,5.6248
02,02-port-selection-uncertainty-two-decision-makers,non_strict,200,4,pooled,Hamburg,0.520917,0.033781,6.485
02,02-port-selection-uncertainty-two-decision-makers,non_strict,200,4,pooled,Gdansk,0.601409,0.051966,8.6407
02,02-port-selection-uncertainty-two-decision-makers,non_strict,500,0,pooled,Piraeus,0.497185,0.040988,8.2439
02,02-port-selection-uncertainty-two-decision-makers,non_strict,500,0,pooled,Koper,0.631823,0.055782,8.8287
02,02-port-selection-uncertainty-two-decision-makers,non_strict,500,0,pooled,Genoa,0.379265,0.061248,16.149
02,02-port-selection-uncertainty-two-decision-makers,non_strict,500,0,pooled,Antwerp,0.594783,0.038467,6.4674
02,02-port-selection-uncertainty-two-decision-makers,non_strict,500,0,pooled,Rotterdam,0.615583,0.036504,5.9299
02,02-port-selection-uncertainty-two-decision-makers,non_strict,500,0,pooled,Hamburg,0.523376,0.034157,6.5263
02,02-port-selection-uncertainty-two-decision-makers,non_strict,500,0,pooled,Gdansk,0.603683,0.049364,8.1772
02,02-port-selection-uncertainty-two-decision-makers,non_strict,500,1,pooled,Piraeus,0.497133,0.039309,7.9071
02,02-port-selection-uncertainty-two-decision-makers,non_strict,500,1,pooled,Koper,0.633386,0.056905,8.9842
02,02-port-selection-uncertainty-two-decision-makers,non_strict,500,1,pooled,Genoa,0.380621,0.059094,15.5257
02,02-port-selection-uncertainty-two-decision-makers,non_strict,500,1,pooled,Antwerp,0.593867,0.041696,7.0212
02,02-port-selection-uncertainty-two-decision-makers,non_strict,500,1,pooled,Rotterdam,0.618229,0.036075,5.8352
02,02-port-selection-uncertainty-two-decision-makers,non_strict,500,1,pooled,Hamburg,0.524542,0.034832,6.6405
02,02-port-selection-uncertainty-two-decision-makers,non_strict,500,1,pooled,Gdansk,0.602597,0.050561,8.3905
02,02-port-selection-uncertainty-two-decision-makers,non_strict,500,2,pooled,Piraeus,0.499683,0.040751,8.1554
02,02-port-selection-uncertainty-two-decision-makers,non_strict,500,2,pooled,Koper,0.633382,0.059611,9.4116
02,02-port-selection-uncertainty-two-decision-makers,non_strict,500,2,pooled,Genoa,0.379181,0.060539,15.9658
02,02-port-selection-uncertainty-two-decision-makers,non_strict,500,2,pooled,Antwerp,0.59564,0.040274,6.7614
02,02-port-selection-uncertainty-two-decision-makers,non_strict,500,2,pooled,Rotterdam,0.618213,0.035668,5.7696
02,02-port-selection-uncertainty-two-decision-makers,non_strict,500,2,pooled,Hamburg,0.522101,0.036913,7.0702
02,02-port-selection-uncertainty-two-decision-makers,non_strict,500,2,pooled,Gdansk,0.602259,0.050298,8.3515
02,02-port-selection-uncertainty-two-decision-makers,non_strict,500,3,pooled,Piraeus,0.496596,0.039355,7.9249
02,02-port-selection-uncertainty-two-decision-makers,non_strict,500,3,pooled,Koper,0.635778,0.057471,9.0395
02,02-port-selection-uncertainty-two-decision-makers,non_strict,500,3,pooled,Genoa,0.38388,0.061406,15.9961
02,02-port-selection-uncertainty-two-decision-makers,non_strict,500,3,pooled,Antwerp,0.595713,0.040783,6.8461
02,02-port-selection-uncertainty-two-decision-makers,non_strict,500,3,pooled,Rotterdam,0.618538,0.033378,5.3963
02,02-port-selection-uncertainty-two-decision-makers,non_strict,500,3,pooled,Hamburg,0.525941,0.035658,6.7798
02,02-port-selection-uncertainty-two-decision-makers,non_strict,500,3,pooled,Gdansk,0.604976,0.050159,8.2911
02,02-port-selection-uncertainty-two-decision-makers,non_strict,500,4,pooled,Piraeus,0.498602,0.040517,8.1261
02,02-port-selection-uncertainty-two-decision-makers,non_strict,500,4,pooled,Koper,0.634782,0.055684,8.7722
02,02-port-selection-uncertainty-two-decision-makers,non_strict,500,4,pooled,Genoa,0.379193,0.059973,15.8161
02,02-port-selection-uncertainty-two-decision-makers,non_strict,500,4,pooled,Antwerp,0.596734,0.040063,6.7137
02,02-port-selection-uncertainty-two-decision-makers,non_strict,500,4,pooled,Rotterdam,0.616522,0.037488,6.0806
02,02-port-selection-uncertainty-two-decision-makers,non_strict,500,4,pooled,Hamburg,0.522688,0.035534,6.7983
02,02-port-selection-uncertainty-two-decision-makers,non_strict,500,4,pooled,Gdansk,0.601993,0.050878,8.4517
02,02-port-selection-uncertainty-two-decision-makers,non_strict,1000,0,pooled,Piraeus,0.49759,0.041056,8.2509
02,02-port-selection-uncertainty-two-decision-makers,non_strict,1000,0,pooled,Koper,0.637662,0.059222,9.2874
02,02-port-selection-uncertainty-two-decision-makers,non_strict,1000,0,pooled,Genoa,0.378067,0.059411,15.7143
02,02-port-selection-uncertainty-two-decision-makers,non_strict,1000,0,pooled,Antwerp,0.595943,0.040234,6.7514
02,02-port-selection-uncertainty-two-decision-makers,non_strict,1000,0,pooled,Rotterdam,0.617705,0.035305,5.7156
02,02-port-selection-uncertainty-two-decision-makers,non_strict,1000,0,pooled,Hamburg,0.523285,0.036039,6.887
02,02-port-selection-uncertainty-two-decision-makers,non_strict,1000,0,pooled,Gdansk,0.60296,0.049097,8.1427
02,02-port-selection-uncertainty-two-decision-makers,non_strict,1000,1,pooled,Piraeus,0.497234,0.041442,8.3346
02,02-port-selection-uncertainty-two-decision-makers,non_strict,1000,1,pooled,Koper,0.635911,0.057588,9.056
02,02-port-selection-uncertainty-two-decision-makers,non_strict,1000,1,pooled,Genoa,0.380542,0.061357,16.1235
02,02-port-selection-uncertainty-two-decision-makers,non_strict,1000,1,pooled,Antwerp,0.598361,0.041641,6.9592
02,02-port-selection-uncertainty-two-decision-makers,non_strict,1000,1,pooled,Rotterdam,0.615265,0.034917,5.6751
02,02-port-selection-uncertainty-two-decision-makers,non_strict,1000,1,pooled,Hamburg,0.524443,0.035911,6.8474
02,02-port-selection-uncertainty-two-decision-makers,non_strict,1000,1,pooled,Gdansk,0.604939,0.050497,8.3474
02,02-port-selection-uncertainty-two-decision-makers,non_strict,1000,2,pooled,Piraeus,0.498979,0.040686,8.1538
02,02-port-selection-uncertainty-two-decision-makers,non_strict,1000,2,pooled,Koper,0.635759,0.056333,8.8607
02,02-port-selection-uncertainty-two-decision-makers,non_strict,1000,2,pooled,Genoa,0.378033,0.06019,15.9218
02,02-port-selection-uncertainty-two-decision-makers,non_strict,1000,2,pooled,Antwerp,0.597444,0.039891,6.6769
02,02-port-selection-uncertainty-two-decision-makers,non_strict,1000,2,pooled,Rotterdam,0.616033,0.035306,5.7311
02,02-port-selection-uncertainty-two-decision-makers,non_strict,1000,2,pooled,Hamburg,0.52287,0.034048,6.5117
02,02-port-selection-uncertainty-two-decision-makers,non_strict,1000,2,pooled,Gdansk,0.606412,0.050567,8.3387
02,02-port-selection-uncertainty-two-decision-makers,non_strict,1000,3,pooled,Piraeus,0.497153,0.039175,7.8798
02,02-port-selection-uncertainty-two-decision-makers,non_strict,1000,3,pooled,Koper,0.635062,0.057782,9.0986
02,02-port-selection-uncertainty-two-decision-makers,non_strict,1000,3,pooled,Genoa,0.377808,0.059996,15.8799
02,02-port-selection-uncertainty-two-decision-makers,non_strict,1000,3,pooled,Antwerp,0.595296,0.039536,6.6415
02,02-port-selection-uncertainty-two-decision-makers,non_strict,1000,3,pooled,Rotterdam,0.616493,0.036464,5.9147
02,02-port-selection-uncertainty-two-decision-makers,non_strict,1000,3,pooled,Hamburg,0.524329,0.03535,6.7419
02,02-port-selection-uncertainty-two-decision-makers,non_strict,1000,3,pooled,Gdansk,0.603384,0.050136,8.3092
02,02-port-selection-uncertainty-two-decision-makers,non_strict,1000,4,pooled,Piraeus,0.498149,0.040539,8.1379
02,02-port-selection-uncertainty-two-decision-makers,non_strict,1000,4,pooled,Koper,0.637704,0.057686,9.0459
02,02-port-selection-uncertainty-two-decision-makers,non_strict,1000,4,pooled,Genoa,0.378777,0.060017,15.8449
02,02-port-selection-uncertainty-two-decision-makers,non_strict,1000,4,pooled,Antwerp,0.597759,0.040527,6.7797
02,02-port-selection-uncertainty-two-decision-makers,non_strict,1000,4,pooled,Rotterdam,0.614761,0.034565,5.6225
02,02-port-selection-uncertainty-two-decision-makers,non_strict,1000,4,pooled,Hamburg,0.524619,0.034283,6.5349
02,02-port-selection-uncertainty-two-decision-makers,non_strict,1000,4,pooled,Gdansk,0.604866,0.049153,8.1263
02,02-port-selection-uncertainty-two-decision-makers,non_strict,2000,0,pooled,Piraeus,0.497318,0.04058,8.1597
02,02-port-selection-uncertainty-two-decision-makers,non_strict,2000,0,pooled,Koper,0.634294,0.058032,9.1491
02,02-port-selection-uncertainty-two-decision-makers,non_strict,2000,0,pooled,Genoa,0.378593,0.059933,15.8305
02,02-port-selection-uncertainty-two-decision-makers,non_strict,2000,0,pooled,Antwerp,0.597022,0.040646,6.8081
02,02-port-selection-uncertainty-two-decision-makers,non_strict,2000,0,pooled,Rotterdam,0.617721,0.034815,5.6361
02,02-port-selection-uncertainty-two-decision-makers,non_strict,2000,0,pooled,Hamburg,0.523592,0.035192,6.7212
02,02-port-selection-uncertainty-two-decision-makers,non_strict,2000,0,pooled,Gdansk,0.604328,0.049804,8.2412
02,02-port-selection-uncertainty-two-decision-makers,non_strict,2000,1,pooled,Piraeus,0.498171,0.040623,8.1544
02,02-port-selection-uncertainty-two-decision-makers,non_strict,2000,1,pooled,Koper,0.637403,0.05868,9.2061
02,02-port-selection-uncertainty-two-decision-makers,non_strict,2000,1,pooled,Genoa,0.380377,0.060401,15.8792
02,02-port-selection-uncertainty-two-decision-makers,non_strict,2000,1,pooled,Antwerp,0.596835,0.040403,6.7696
02,02-port-selection-uncertainty-two-decision-makers,non_strict,2000,1,pooled,Rotterdam,0.615714,0.035895,5.8298
02,02-port-selection-uncertainty-two-decision-makers,non_strict,2000,1,pooled,Hamburg,0.522922,0.035075,6.7075
02,02-port-selection-uncertainty-two-decision-makers,non_strict,2000,1,pooled,Gdansk,0.605541,0.049457,8.1674
02,02-port-selection-uncertainty-two-decision-makers,non_strict,2000,2,pooled,Piraeus,0.499537,0.039516,7.9106
02,02-port-selection-uncertainty-two-decision-makers,non_strict,2000,2,pooled,Koper,0.636031,0.056921,8.9494
02,02-port-selection-uncertainty-two-decision-makers,non_strict,2000,2,pooled,Genoa,0.380006,0.060266,15.8592
02,02-port-selection-uncertainty-two-decision-makers,non_strict,2000,2,pooled,Antwerp,0.597691,0.039255,6.5677
02,02-port-selection-uncertainty-two-decision-makers,non_strict,2000,2,pooled,Rotterdam,0.614948,0.034543,5.6173
02,02-port-selection-uncertainty-two-decision-makers,non_strict,2000,2,pooled,Hamburg,0.523271,0.035587,6.8008
02,02-port-selection-uncertainty-two-decision-makers,non_strict,2000,2,pooled,Gdansk,0.607194,0.050202,8.2679
02,02-port-selection-uncertainty-two-decision-makers,non_strict,2000,3,pooled,Piraeus,0.498208,0.04084,8.1974
02,02-port-selection-uncertainty-two-decision-makers,non_strict,2000,3,pooled,Koper,0.636943,0.05876,9.2253
02,02-port-selection-uncertainty-two-decision-makers,non_strict,2000,3,pooled,Genoa,0.378912,0.059534,15.7119
02,02-port-selection-uncertainty-two-decision-makers,non_strict,2000,3,pooled,Antwerp,0.598902,0.03951,6.597
02,02-port-selection-uncertainty-two-decision-makers,non_strict,2000,3,pooled,Rotterdam,0.616839,0.035183,5.7037
02,02-port-selection-uncertainty-two-decision-makers,non_strict,2000,3,pooled,Hamburg,0.52361,0.036072,6.8891
02,02-port-selection-uncertainty-two-decision-makers,non_strict,2000,3,pooled,Gdansk,0.60491,0.049508,8.1844
02,02-port-selection-uncertainty-two-decision-makers,non_strict,2000,4,pooled,Piraeus,0.497507,0.039946,8.0291
02,02-port-selection-uncertainty-two-decision-makers,non_strict,2000,4,pooled,Koper,0.63475,0.058034,9.1429
02,02-port-selection-uncertainty-two-decision-makers,non_strict,2000,4,pooled,Genoa,0.378598,0.05985,15.8084
02,02-port-selection-uncertainty-two-decision-makers,non_strict,2000,4,pooled,Antwerp,0.596141,0.040474,6.7894
02,02-port-selection-uncertainty-two-decision-makers,non_strict,2000,4,pooled,Rotterdam,0.616307,0.034995,5.6782
02,02-port-selection-uncertainty-two-decision-makers,non_strict,2000,4,pooled,Hamburg,0.522528,0.03608,6.9048
02,02-port-selection-uncertainty-two-decision-makers,non_strict,2000,4,pooled,Gdansk,0.602375,0.049378,8.1972
02,02-port-selection-uncertainty-two-decision-makers,non_strict,5000,0,pooled,Piraeus,0.498304,0.040053,8.0378
02,02-port-selection-uncertainty-two-decision-makers,non_strict,5000,0,pooled,Koper,0.635418,0.058884,9.267
02,02-port-selection-uncertainty-two-decision-makers,non_strict,5000,0,pooled,Genoa,0.380709,0.059549,15.6416
02,02-port-selection-uncertainty-two-decision-makers,non_strict,5000,0,pooled,Antwerp,0.596058,0.040327,6.7656
02,02-port-selection-uncertainty-two-decision-makers,non_strict,5000,0,pooled,Rotterdam,0.616556,0.035511,5.7596
02,02-port-selection-uncertainty-two-decision-makers,non_strict,5000,0,pooled,Hamburg,0.523218,0.035448,6.7749
02,02-port-selection-uncertainty-two-decision-makers,non_strict,5000,0,pooled,Gdansk,0.604201,0.050626,8.379
02,02-port-selection-uncertainty-two-decision-makers,non_strict,5000,1,pooled,Piraeus,0.497512,0.040564,8.1533
02,02-port-selection-uncertainty-two-decision-makers,non_strict,5000,1,pooled,Koper,0.634745,0.057701,9.0905
02,02-port-selection-uncertainty-two-decision-makers,non_strict,5000,1,pooled,Genoa,0.379444,0.060273,15.8847
02,02-port-selection-uncertainty-two-decision-makers,non_strict,5000,1,pooled,Antwerp,0.595834,0.040242,6.754
02,02-port-selection-uncertainty-two-decision-makers,non_strict,5000,1,pooled,Rotterdam,0.617269,0.036083,5.8456
02,02-port-selection-uncertainty-two-decision-makers,non_strict,5000,1,pooled,Hamburg,0.5233,0.036073,6.8934
02,02-port-selection-uncertainty-two-decision-makers,non_strict,5000,1,pooled,Gdansk,0.603763,0.049807,8.2494
02,02-port-selection-uncertainty-two-decision-makers,non_strict,5000,2,pooled,Piraeus,0.498631,0.04005,8.032
02,02-port-selection-uncertainty-two-decision-makers,non_strict,5000,2,pooled,Koper,0.635356,0.058252,9.1684
02,02-port-selection-uncertainty-two-decision-makers,non_strict,5000,2,pooled,Genoa,0.380299,0.060601,15.9352
02,02-port-selection-uncertainty-two-decision-makers,non_strict,5000,2,pooled,Antwerp,0.596443,0.040054,6.7154
02,02-port-selection-uncertainty-two-decision-makers,non_strict,5000,2,pooled,Rotterdam,0.616493,0.035611,5.7765
02,02-port-selection-uncertainty-two-decision-makers,non_strict,5000,2,pooled,Hamburg,0.522855,0.035915,6.8689
02,02-port-selection-uncertainty-two-decision-makers,non_strict,5000,2,pooled,Gdansk,0.604399,0.049525,8.1941
02,02-port-selection-uncertainty-two-decision-makers,non_strict,5000,3,pooled,Piraeus,0.498019,0.04114,8.2607
02,02-port-selection-uncertainty-two-decision-makers,non_strict,5000,3,pooled,Koper,0.636699,0.057719,9.0653
02,02-port-selection-uncertainty-two-decision-makers,non_strict,5000,3,pooled,Genoa,0.380232,0.060004,15.7809
02,02-port-selection-uncertainty-two-decision-makers,non_strict,5000,3,pooled,Antwerp,0.595795,0.040437,6.787
02,02-port-selection-uncertainty-two-decision-makers,non_strict,5000,3,pooled,Rotterdam,0.616215,0.035938,5.832
02,02-port-selection-uncertainty-two-decision-makers,non_strict,5000,3,pooled,Hamburg,0.523899,0.035682,6.8108
02,02-port-selection-uncertainty-two-decision-makers,non_strict,5000,3,pooled,Gdansk,0.604605,0.049768,8.2315
02,02-port-selection-uncertainty-two-decision-makers,non_strict,5000,4,pooled,Piraeus,0.498584,0.040035,8.0297
02,02-port-selection-uncertainty-two-decision-makers,non_strict,5000,4,pooled,Koper,0.635571,0.057949,9.1176
02,02-port-selection-uncertainty-two-decision-makers,non_strict,5000,4,pooled,Genoa,0.378476,0.059444,15.7062
02,02-port-selection-uncertainty-two-decision-makers,non_strict,5000,4,pooled,Antwerp,0.596,0.039378,6.607
02,02-port-selection-uncertainty-two-decision-makers,non_strict,5000,4,pooled,Rotterdam,0.616771,0.035298,5.7231
02,02-port-selection-uncertainty-two-decision-makers,non_strict,5000,4,pooled,Hamburg,0.52229,0.035864,6.8666
02,02-port-selection-uncertainty-two-decision-makers,non_strict,5000,4,pooled,Gdansk,0.603231,0.049569,8.2172
02,02-port-selection-uncertainty-two-decision-makers,non_strict,10000,0,pooled,Piraeus,0.497765,0.039897,8.0152
02,02-port-selection-uncertainty-two-decision-makers,non_strict,10000,0,pooled,Koper,0.635177,0.058294,9.1776
02,02-port-selection-uncertainty-two-decision-makers,non_strict,10000,0,pooled,Genoa,0.380107,0.05989,15.7561
02,02-port-selection-uncertainty-two-decision-makers,non_strict,10000,0,pooled,Antwerp,0.596157,0.040002,6.7099
02,02-port-selection-uncertainty-two-decision-makers,non_strict,10000,0,pooled,Rotterdam,0.617112,0.035507,5.7537
02,02-port-selection-uncertainty-two-decision-makers,non_strict,10000,0,pooled,Hamburg,0.523241,0.035739,6.8302
02,02-port-selection-uncertainty-two-decision-makers,non_strict,10000,0,pooled,Gdansk,0.604971,0.049342,8.1562
02,02-port-selection-uncertainty-two-decision-makers,non_strict,10000,1,pooled,Piraeus,0.497166,0.040548,8.1558
02,02-port-selection-uncertainty-two-decision-makers,non_strict,10000,1,pooled,Koper,0.635309,0.05805,9.1372
02,02-port-selection-uncertainty-two-decision-makers,non_strict,10000,1,pooled,Genoa,0.379596,0.060074,15.8257
02,02-port-selection-uncertainty-two-decision-makers,non_strict,10000,1,pooled,Antwerp,0.596025,0.040709,6.83
02,02-port-selection-uncertainty-two-decision-makers,non_strict,10000,1,pooled,Rotterdam,0.61713,0.035627,5.7729
02,02-port-selection-uncertainty-two-decision-makers,non_strict,10000,1,pooled,Hamburg,0.523603,0.035446,6.7696
02,02-port-selection-uncertainty-two-decision-makers,non_strict,10000,1,pooled,Gdansk,0.603558,0.050021,8.2877
02,02-port-selection-uncertainty-two-decision-makers,non_strict,10000,2,pooled,Piraeus,0.497297,0.040304,8.1046
02,02-port-selection-uncertainty-two-decision-makers,non_strict,10000,2,pooled,Koper,0.633801,0.057619,9.091
02,02-port-selection-uncertainty-two-decision-makers,non_strict,10000,2,pooled,Genoa,0.378848,0.059888,15.808
02,02-port-selection-uncertainty-two-decision-makers,non_strict,10000,2,pooled,Antwerp,0.596099,0.039901,6.6938
02,02-port-selection-uncertainty-two-decision-makers,non_strict,10000,2,pooled,Rotterdam,0.617132,0.035335,5.7257
02,02-port-selection-uncertainty-two-decision-makers,non_strict,10000,2,pooled,Hamburg,0.523777,0.035781,6.8313
02,02-port-selection-uncertainty-two-decision-makers,non_strict,10000,2,pooled,Gdansk,0.603827,0.050045,8.288
02,02-port-selection-uncertainty-two-decision-makers,non_strict,10000,3,pooled,Piraeus,0.497787,0.040494,8.1347
02,02-port-selection-uncertainty-two-decision-makers,non_strict,10000,3,pooled,Koper,0.635682,0.058121,9.1431
02,02-port-selection-uncertainty-two-decision-makers,non_strict,10000,3,pooled,Genoa,0.380654,0.059879,15.7307
02,02-port-selection-uncertainty-two-decision-makers,non_strict,10000,3,pooled,Antwerp,0.596629,0.039939,6.6941
02,02-port-selection-uncertainty-two-decision-makers,non_strict,10000,3,pooled,Rotterdam,0.616643,0.035517,5.7598
02,02-port-selection-uncertainty-two-decision-makers,non_strict,10000,3,pooled,Hamburg,0.524145,0.035644,6.8004
02,02-port-selection-uncertainty-two-decision-makers,non_strict,10000,3,pooled,Gdansk,0.604427,0.049589,8.2043
02,02-port-selection-uncertainty-two-decision-makers,non_strict,10000,4,pooled,Piraeus,0.497666,0.040334,8.1047
02,02-port-selection-uncertainty-two-decision-makers,non_strict,10000,4,pooled,Koper,0.63479,0.057586,9.0717
02,02-port-selection-uncertainty-two-decision-makers,non_strict,10000,4,pooled,Genoa,0.379423,0.060943,16.0621
02,02-port-selection-uncertainty-two-decision-makers,non_strict,10000,4,pooled,Antwerp,0.59593,0.040834,6.8522
02,02-port-selection-uncertainty-two-decision-makers,non_strict,10000,4,pooled,Rotterdam,0.616733,0.035774,5.8006
02,02-port-selection-uncertainty-two-decision-makers,non_strict,10000,4,pooled,Hamburg,0.523459,0.035165,6.7178
02,02-port-selection-uncertainty-two-decision-makers,non_strict,10000,4,pooled,Gdansk,0.605066,0.049667,8.2085
03,03-nuclear-reactor-hierarchical-uncertain,strict,50,0,0,APR1400,0.486995,0.033895,6.9601
03,03-nuclear-reactor-hierarchical-uncertain,strict,50,0,0,EPR1750,0.580713,0.038488,6.6277
03,03-nuclear-reactor-hierarchical-uncertain,strict,50,0,0,AP1000,0.526278,0.031857,6.0533
03,03-nuclear-reactor-hierarchical-uncertain,strict,50,0,0,BWRX300,0.502844,0.035827,7.125
03,03-nuclear-reactor-hierarchical-uncertain,strict,50,0,0,RollsRoyceSMR,0.497714,0.029177,5.8622
03,03-nuclear-reactor-hierarchical-uncertain,strict,50,0,0,NuScaleVOYGR6,0.381849,0.067347,17.637
03,03-nuclear-reactor-hierarchical-uncertain,strict,50,0,1,APR1400,0.447154,0.037476,8.3811
03,03-nuclear-reactor-hierarchical-uncertain,strict,50,0,1,EPR1750,0.4516,0.032149,7.1188
03,03-nuclear-reactor-hierarchical-uncertain,strict,50,0,1,AP1000,0.503843,0.036315,7.2077
03,03-nuclear-reactor-hierarchical-uncertain,strict,50,0,1,BWRX300,0.323674,0.033457,10.3366
03,03-nuclear-reactor-hierarchical-uncertain,strict,50,0,1,RollsRoyceSMR,0.439636,0.040396,9.1885
03,03-nuclear-reactor-hierarchical-uncertain,strict,50,0,1,NuScaleVOYGR6,0.451423,0.085294,18.8944
03,03-nuclear-reactor-hierarchical-uncertain,strict,50,0,2,APR1400,0.59503,0.075071,12.6163
03,03-nuclear-reactor-hierarchical-uncertain,strict,50,0,2,EPR1750,0.698727,0.066644,9.5379
03,03-nuclear-reactor-hierarchical-uncertain,strict,50,0,2,AP1000,0.745801,0.06144,8.2381
03,03-nuclear-reactor-hierarchical-uncertain,strict,50,0,2,BWRX300,0.474047,0.070081,14.7835
03,03-nuclear-reactor-hierarchical-uncertain,strict,50,0,2,RollsRoyceSMR,0.446255,0.060594,13.5784
03,03-nuclear-reactor-hierarchical-uncertain,strict,50,0,2,NuScaleVOYGR6,0.322505,0.081638,25.3137
03,03-nuclear-reactor-hierarchical-uncertain,strict,50,1,0,APR1400,0.494538,0.031519,6.3734
03,03-nuclear-reactor-hierarchical-uncertain,strict,50,1,0,EPR1750,0.575487,0.033028,5.7391
03,03-nuclear-reactor-hierarchical-uncertain,strict,50,1,0,AP1000,0.525153,0.029102,5.5416
03,03-nuclear-reactor-hierarchical-uncertain,strict,50,1,0,BWRX300,0.503341,0.034803,6.9144
03,03-nuclear-reactor-hierarchical-uncertain,strict,50,1,0,RollsRoyceSMR,0.495065,0.030074,6.0748
03,03-nuclear-reactor-hierarchical-uncertain,strict,50,1,0,NuScaleVOYGR6,0.393434,0.057886,14.713
03,03-nuclear-reactor-hierarchical-uncertain,strict,50,1,1,APR1400,0.44179,0.030854,6.9839
03,03-nuclear-reactor-hierarchical-uncertain,strict,50,1,1,EPR1750,0.457525,0.034183,7.4714
03,03-nuclear-reactor-hierarchical-uncertain,strict,50,1,1,AP1000,0.504066,0.03425,6.7947
03,03-nuclear-reactor-hierarchical-uncertain,strict,50,1,1,BWRX300,0.329941,0.030257,9.1704
03,03-nuclear-reactor-hierarchical-uncertain,strict,50,1,1,RollsRoyceSMR,0.433431,0.041061,9.4735
03,03-nuclear-reactor-hierarchical-uncertain,strict,50,1,1,NuScaleVOYGR6,0.442371,0.072344,16.3537
03,03-nuclear-reactor-hierarchical-uncertain,strict,50,1,2,APR1400,0.590748,0.074615,12.6307
03,03-nuclear-reactor-hierarchical-uncertain,strict,50,1,2,EPR1750,0.687911,0.064358,9.3555
03,03-nuclear-reactor-hierarchical-uncertain,strict,50,1,2,AP1000,0.736566,0.068403,9.2868
03,03-nuclear-reactor-hierarchical-uncertain,strict,50,1,2,BWRX300,0.48879,0.064988,13.2956
03,03-nuclear-reactor-hierarchical-uncertain,strict,50,1,2,RollsRoyceSMR,0.45106,0.057051,12.6481
03,03-nuclear-reactor-hierarchical-uncertain,strict,50,1,2,NuScaleVOYGR6,0.333239,0.085275,25.5898
03,03-nuclear-reactor-hierarchical-uncertain,strict,50,2,0,APR1400,0.491951,0.035327,7.1809
03,03-nuclear-reactor-hierarchical-uncertain,strict,50,2,0,EPR1750,0.579636,0.036238,6.2519
03,03-nuclear-reactor-hierarchical-uncertain,strict,50,2,0,AP1000,0.523014,0.033866,6.4752
03,03-nuclear-reactor-hierarchical-uncertain,strict,50,2,0,BWRX300,0.504079,0.041422,8.2173
03,03-nuclear-reactor-hierarchical-uncertain,strict,50,2,0,RollsRoyceSMR,0.500226,0.030917,6.1806
03,03-nuclear-reactor-hierarchical-uncertain,strict,50,2,0,NuScaleVOYGR6,0.391016,0.053867,13.7761
03,03-nuclear-reactor-hierarchical-uncertain,strict,50,2,1,APR1400,0.451592,0.037522,8.3089
03,03-nuclear-reactor-hierarchical-uncertain,strict,50,2,1,EPR1750,0.450321,0.035182,7.8126
03,03-nuclear-reactor-hierarchical-uncertain,strict,50,2,1,AP1000,0.501641,0.035806,7.1378
03,03-nuclear-reactor-hierarchical-uncertain,strict,50,2,1,BWRX300,0.33041,0.027932,8.4538
03,03-nuclear-reactor-hierarchical-uncertain,strict,50,2,1,RollsRoyceSMR,0.436448,0.033541,7.6849
03,03-nuclear-reactor-hierarchical-uncertain,strict,50,2,1,NuScaleVOYGR6,0.429672,0.072811,16.9456
03,03-nuclear-reactor-hierarchical-uncertain,strict,50,2,2,APR1400,0.601881,0.074687,12.4089
03,03-nuclear-reactor-hierarchical-uncertain,strict,50,2,2,EPR1750,0.675508,0.077847,11.5242
03,03-nuclear-reactor-hierarchical-uncertain,strict,50,2,2,AP1000,0.737016,0.055447,7.5232
03,03-nuclear-reactor-hierarchical-uncertain,strict,50,2,2,BWRX300,0.469787,0.076763,16.34
03,03-nuclear-reactor-hierarchical-uncertain,strict,50,2,2,RollsRoyceSMR,0.439597,0.061676,14.0301
03,03-nuclear-reactor-hierarchical-uncertain,strict,50,2,2,NuScaleVOYGR6,0.32534,0.089342,27.4613
03,03-nuclear-reactor-hierarchical-uncertain,strict,50,3,0,APR1400,0.492969,0.027352,5.5483
03,03-nuclear-reactor-hierarchical-uncertain,strict,50,3,0,EPR1750,0.580258,0.03554,6.1249
03,03-nuclear-reactor-hierarchical-uncertain,strict,50,3,0,AP1000,0.522397,0.033468,6.4066
03,03-nuclear-reactor-hierarchical-uncertain,strict,50,3,0,BWRX300,0.516898,0.045667,8.8347
03,03-nuclear-reactor-hierarchical-uncertain,strict,50,3,0,RollsRoyceSMR,0.498749,0.032285,6.4731
03,03-nuclear-reactor-hierarchical-uncertain,strict,50,3,0,NuScaleVOYGR6,0.396041,0.064963,16.4031
03,03-nuclear-reactor-hierarchical-uncertain,strict,50,3,1,APR1400,0.451145,0.03608,7.9974
03,03-nuclear-reactor-hierarchical-uncertain,strict,50,3,1,EPR1750,0.457982,0.036782,8.0314
03,03-nuclear-reactor-hierarchical-uncertain,strict,50,3,1,AP1000,0.504362,0.038254,7.5847
03,03-nuclear-reactor-hierarchical-uncertain,strict,50,3,1,BWRX300,0.331679,0.033959,10.2386
03,03-nuclear-reactor-hierarchical-uncertain,strict,50,3,1,RollsRoyceSMR,0.438808,0.043656,9.9487
03,03-nuclear-reactor-hierarchical-uncertain,strict,50,3,1,NuScaleVOYGR6,0.433952,0.072571,16.7233
03,03-nuclear-reactor-hierarchical-uncertain,strict,50,3,2,APR1400,0.614839,0.07392,12.0226
03,03-nuclear-reactor-hierarchical-uncertain,strict,50,3,2,EPR1750,0.667561,0.062774,9.4035
03,03-nuclear-reactor-hierarchical-uncertain,strict,50,3,2,AP1000,0.7551,0.05756,7.6228
03,03-nuclear-reactor-hierarchical-uncertain,strict,50,3,2,BWRX300,0.468931,0.073739,15.7249
03,03-nuclear-reactor-hierarchical-uncertain,strict,50,3,2,RollsRoyceSMR,0.433664,0.056604,13.0526
03,03-nuclear-reactor-hierarchical-uncertain,strict,50,3,2,NuScaleVOYGR6,0.321043,0.081321,25.3303
03,03-nuclear-reactor-hierarchical-uncertain,strict,50,4,0,APR1400,0.498935,0.029949,6.0026
03,03-nuclear-reactor-hierarchical-uncertain,strict,50,4,0,EPR1750,0.575555,0.028516,4.9545
03,03-nuclear-reactor-hierarchical-uncertain,strict,50,4,0,AP1000,0.529038,0.027496,5.1973
03,03-nuclear-reactor-hierarchical-uncertain,strict,50,4,0,BWRX300,0.501147,0.042496,8.4798
03,03-nuclear-reactor-hierarchical-uncertain,strict,50,4,0,RollsRoyceSMR,0.502447,0.027983,5.5694
03,03-nuclear-reactor-hierarchical-uncertain,strict,50,4,0,NuScaleVOYGR6,0.415362,0.063128,15.1984
03,03-nuclear-reactor-hierarchical-uncertain,strict,50,4,1,APR1400,0.450919,0.033843,7.5053
03,03-nuclear-reactor-hierarchical-uncertain,strict,50,4,1,EPR1750,0.450719,0.036162,8.0232
03,03-nuclear-reactor-hierarchical-uncertain,strict,50,4,1,AP1000,0.504864,0.033257,6.5873
03,03-nuclear-reactor-hierarchical-uncertain,strict,50,4,1,BWRX300,0.334317,0.037544,11.2299
03,03-nuclear-reactor-hierarchical-uncertain,strict,50,4,1,RollsRoyceSMR,0.443489,0.04146,9.3485
03,03-nuclear-reactor-hierarchical-uncertain,strict,50,4,1,NuScaleVOYGR6,0.421046,0.062978,14.9576
03,03-nuclear-reactor-hierarchical-uncertain,strict,50,4,2,APR1400,0.604331,0.06945,11.492
03,03-nuclear-reactor-hierarchical-uncertain,strict,50,4,2,EPR1750,0.686577,0.060807,8.8566
03,03-nuclear-reactor-hierarchical-uncertain,strict,50,4,2,AP1000,0.748207,0.06011,8.0339
03,03-nuclear-reactor-hierarchical-uncertain,strict,50,4,2,BWRX300,0.467329,0.068417,14.6399
03,03-nuclear-reactor-hierarchical-uncertain,strict,50,4,2,RollsRoyceSMR,0.431969,0.068315,15.8148
03,03-nuclear-reactor-hierarchical-uncertain,strict,50,4,2,NuScaleVOYGR6,0.325233,0.082509,25.3691
03,03-nuclear-reactor-hierarchical-uncertain,strict,100,0,0,APR1400,0.487023,0.032303,6.6328
03,03-nuclear-reactor-hierarchical-uncertain,strict,100,0,0,EPR1750,0.57919,0.036264,6.2612
03,03-nuclear-reactor-hierarchical-uncertain,strict,100,0,0,AP1000,0.526265,0.035689,6.7816
03,03-nuclear-reactor-hierarchical-uncertain,strict,100,0,0,BWRX300,0.518184,0.040099,7.7383
03,03-nuclear-reactor-hierarchical-uncertain,strict,100,0,0,RollsRoyceSMR,0.501877,0.030218,6.0211
03,03-nuclear-reactor-hierarchical-uncertain,strict,100,0,0,NuScaleVOYGR6,0.401539,0.0582,14.4942
03,03-nuclear-reactor-hierarchical-uncertain,strict,100,0,1,APR1400,0.449149,0.033576,7.4754
03,03-nuclear-reactor-hierarchical-uncertain,strict,100,0,1,EPR1750,0.453203,0.035634,7.8626
03,03-nuclear-reactor-hierarchical-uncertain,strict,100,0,1,AP1000,0.498952,0.03104,6.221
03,03-nuclear-reactor-hierarchical-uncertain,strict,100,0,1,BWRX300,0.326679,0.029578,9.0542
03,03-nuclear-reactor-hierarchical-uncertain,strict,100,0,1,RollsRoyceSMR,0.438311,0.031771,7.2486
03,03-nuclear-reactor-hierarchical-uncertain,strict,100,0,1,NuScaleVOYGR6,0.449998,0.079151,17.5892
03,03-nuclear-reactor-hierarchical-uncertain,strict,100,0,2,APR1400,0.596687,0.070933,11.8878
03,03-nuclear-reactor-hierarchical-uncertain,strict,100,0,2,EPR1750,0.685883,0.065685,9.5767
03,03-nuclear-reactor-hierarchical-uncertain,strict,100,0,2,AP1000,0.753007,0.06405,8.5059
03,03-nuclear-reactor-hierarchical-uncertain,strict,100,0,2,BWRX300,0.465143,0.070256,15.1041
03,03-nuclear-reactor-hierarchical-uncertain,strict,100,0,2,RollsRoyceSMR,0.439374,0.06461,14.705
03,03-nuclear-reactor-hierarchical-uncertain,strict,100,0,2,NuScaleVOYGR6,0.329951,0.081259,24.6277
03,03-nuclear-reactor-hierarchical-uncertain,strict,100,1,0,APR1400,0.495751,0.031168,6.2871
03,03-nuclear-reactor-hierarchical-uncertain,strict,100,1,0,EPR1750,0.586164,0.038057,6.4925
03,03-nuclear-reactor-hierarchical-uncertain,strict,100,1,0,AP1000,0.525646,0.026361,5.0149
03,03-nuclear-reactor-hierarchical-uncertain,strict,100,1,0,BWRX300,0.509388,0.043007,8.4429
03,03-nuclear-reactor-hierarchical-uncertain,strict,100,1,0,RollsRoyceSMR,0.501308,0.031749,6.3333
03,03-nuclear-reactor-hierarchical-uncertain,strict,100,1,0,NuScaleVOYGR6,0.404055,0.060418,14.9529
03,03-nuclear-reactor-hierarchical-uncertain,strict,100,1,1,APR1400,0.450192,0.037312,8.2879
03,03-nuclear-reactor-hierarchical-uncertain,strict,100,1,1,EPR1750,0.451235,0.03437,7.6169
03,03-nuclear-reactor-hierarchical-uncertain,strict,100,1,1,AP1000,0.499826,0.036156,7.2337
03,03-nuclear-reactor-hierarchical-uncertain,strict,100,1,1,BWRX300,0.321358,0.030844,9.5979
03,03-nuclear-reactor-hierarchical-uncertain,strict,100,1,1,RollsRoyceSMR,0.443955,0.03552,8.0009
03,03-nuclear-reactor-hierarchical-uncertain,strict,100,1,1,NuScaleVOYGR6,0.446063,0.082676,18.5345
03,03-nuclear-reactor-hierarchical-uncertain,strict,100,1,2,APR1400,0.606996,0.065655,10.8164
03,03-nuclear-reactor-hierarchical-uncertain,strict,100,1,2,EPR1750,0.688599,0.056266,8.1711
03,03-nuclear-reactor-hierarchical-uncertain,strict,100,1,2,AP1000,0.747296,0.059795,8.0015
03,03-nuclear-reactor-hierarchical-uncertain,strict,100,1,2,BWRX300,0.465404,0.064652,13.8917
03,03-nuclear-reactor-hierarchical-uncertain,strict,100,1,2,RollsRoyceSMR,0.42499,0.06024,14.1743
03,03-nuclear-reactor-hierarchical-uncertain,strict,100,1,2,NuScaleVOYGR6,0.312131,0.083457,26.7377
03,03-nuclear-reactor-hierarchical-uncertain,strict,100,2,0,APR1400,0.495883,0.03342,6.7394
03,03-nuclear-reactor-hierarchical-uncertain,strict,100,2,0,EPR1750,0.586332,0.038635,6.5893
03,03-nuclear-reactor-hierarchical-uncertain,strict,100,2,0,AP1000,0.525501,0.028746,5.4702
03,03-nuclear-reactor-hierarchical-uncertain,strict,100,2,0,BWRX300,0.50653,0.045581,8.9986
03,03-nuclear-reactor-hierarchical-uncertain,strict,100,2,0,RollsRoyceSMR,0.507013,0.030851,6.0849
03,03-nuclear-reactor-hierarchical-uncertain,strict,100,2,0,NuScaleVOYGR6,0.391083,0.060942,15.5828
03,03-nuclear-reactor-hierarchical-uncertain,strict,100,2,1,APR1400,0.448529,0.031925,7.1178
03,03-nuclear-reactor-hierarchical-uncertain,strict,100,2,1,EPR1750,0.457155,0.034162,7.4727
03,03-nuclear-reactor-hierarchical-uncertain,strict,100,2,1,AP1000,0.503829,0.033235,6.5965
03,03-nuclear-reactor-hierarchical-uncertain,strict,100,2,1,BWRX300,0.329085,0.034128,10.3704
03,03-nuclear-reactor-hierarchical-uncertain,strict,100,2,1,RollsRoyceSMR,0.435644,0.03654,8.3876
03,03-nuclear-reactor-hierarchical-uncertain,strict,100,2,1,NuScaleVOYGR6,0.444886,0.077482,17.4163
03,03-nuclear-reactor-hierarchical-uncertain,strict,100,2,2,APR1400,0.598204,0.066522,11.1203
03,03-nuclear-reactor-hierarchical-uncertain,strict,100,2,2,EPR1750,0.689562,0.059126,8.5745
03,03-nuclear-reactor-hierarchical-uncertain,strict,100,2,2,AP1000,0.749209,0.058737,7.8398
03,03-nuclear-reactor-hierarchical-uncertain,strict,100,2,2,BWRX300,0.486546,0.060497,12.434
03,03-nuclear-reactor-hierarchical-uncertain,strict,100,2,2,RollsRoyceSMR,0.440693,0.059382,13.4746
03,03-nuclear-reactor-hierarchical-uncertain,strict,100,2,2,NuScaleVOYGR6,0.331854,0.08771,26.4302
03,03-nuclear-reactor-hierarchical-uncertain,strict,100,3,0,APR1400,0.492443,0.030834,6.2614
03,03-nuclear-reactor-hierarchical-uncertain,strict,100,3,0,EPR1750,0.58502,0.036843,6.2978
03,03-nuclear-reactor-hierarchical-uncertain,strict,100,3,0,AP1000,0.532862,0.033697,6.3239
03,03-nuclear-reactor-hierarchical-uncertain,strict,100,3,0,BWRX300,0.513684,0.037226,7.2468
03,03-nuclear-reactor-hierarchical-uncertain,strict,100,3,0,RollsRoyceSMR,0.499379,0.030024,6.0122
03,03-nuclear-reactor-hierarchical-uncertain,strict,100,3,0,NuScaleVOYGR6,0.389174,0.064012,16.4482
03,03-nuclear-reactor-hierarchical-uncertain,strict,100,3,1,APR1400,0.448975,0.032357,7.2069
03,03-nuclear-reactor-hierarchical-uncertain,strict,100,3,1,EPR1750,0.446615,0.030336,6.7925
03,03-nuclear-reactor-hierarchical-uncertain,strict,100,3,1,AP1000,0.504595,0.033104,6.5604
03,03-nuclear-reactor-hierarchical-uncertain,strict,100,3,1,BWRX300,0.330182,0.033566,10.1659
03,03-nuclear-reactor-hierarchical-uncertain,strict,100,3,1,RollsRoyceSMR,0.440145,0.032763,7.4436
03,03-nuclear-reactor-hierarchical-uncertain,strict,100,3,1,NuScaleVOYGR6,0.428905,0.074548,17.381
03,03-nuclear-reactor-hierarchical-uncertain,strict,100,3,2,APR1400,0.597122,0.065905,11.0371
03,03-nuclear-reactor-hierarchical-uncertain,strict,100,3,2,EPR1750,0.683241,0.064771,9.48
03,03-nuclear-reactor-hierarchical-uncertain,strict,100,3,2,AP1000,0.740103,0.067157,9.074
03,03-nuclear-reactor-hierarchical-uncertain,strict,100,3,2,BWRX300,0.473278,0.074125,15.662
03,03-nuclear-reactor-hierarchical-uncertain,strict,100,3,2,RollsRoyceSMR,0.439184,0.053591,12.2024
03,03-nuclear-reactor-hierarchical-uncertain,strict,100,3,2,NuScaleVOYGR6,0.315045,0.092916,29.4929
03,03-nuclear-reactor-hierarchical-uncertain,strict,100,4,0,APR1400,0.498041,0.036457,7.3201
03,03-nuclear-reactor-hierarchical-uncertain,strict,100,4,0,EPR1750,0.586244,0.035261,6.0147
03,03-nuclear-reactor-hierarchical-uncertain,strict,100,4,0,AP1000,0.526916,0.028911,5.4869
03,03-nuclear-reactor-hierarchical-uncertain,strict,100,4,0,BWRX300,0.505656,0.04417,8.7352
03,03-nuclear-reactor-hierarchical-uncertain,strict,100,4,0,RollsRoyceSMR,0.496794,0.029856,6.0097
03,03-nuclear-reactor-hierarchical-uncertain,strict,100,4,0,NuScaleVOYGR6,0.399928,0.064697,16.1771
03,03-nuclear-reactor-hierarchical-uncertain,strict,100,4,1,APR1400,0.450487,0.037333,8.2873
03,03-nuclear-reactor-hierarchical-uncertain,strict,100,4,1,EPR1750,0.448377,0.032385,7.2228
03,03-nuclear-reactor-hierarchical-uncertain,strict,100,4,1,AP1000,0.5047,0.033669,6.6711
03,03-nuclear-reactor-hierarchical-uncertain,strict,100,4,1,BWRX300,0.334273,0.036706,10.9809
03,03-nuclear-reactor-hierarchical-uncertain,strict,100,4,1,RollsRoyceSMR,0.432517,0.036944,8.5415
03,03-nuclear-reactor-hierarchical-uncertain,strict,100,4,1,NuScaleVOYGR6,0.432092,0.085713,19.8367
03,03-nuclear-reactor-hierarchical-uncertain,strict,100,4,2,APR1400,0.588303,0.076215,12.955
03,03-nuclear-reactor-hierarchical-uncertain,strict,100,4,2,EPR1750,0.683637,0.062318,9.1157
03,03-nuclear-reactor-hierarchical-uncertain,strict,100,4,2,AP1000,0.73791,0.061456,8.3284
03,03-nuclear-reactor-hierarchical-uncertain,strict,100,4,2,BWRX300,0.482229,0.067033,13.9007
03,03-nuclear-reactor-hierarchical-uncertain,strict,100,4,2,RollsRoyceSMR,0.444838,0.06171,13.8725
03,03-nuclear-reactor-hierarchical-uncertain,strict,100,4,2,NuScaleVOYGR6,0.322517,0.08527,26.4388
03,03-nuclear-reactor-hierarchical-uncertain,strict,200,0,0,APR1400,0.492521,0.035014,7.1091
03,03-nuclear-reactor-hierarchical-uncertain,strict,200,0,0,EPR1750,0.582622,0.034113,5.8551
03,03-nuclear-reactor-hierarchical-uncertain,strict,200,0,0,AP1000,0.524948,0.02798,5.3301
03,03-nuclear-reactor-hierarchical-uncertain,strict,200,0,0,BWRX300,0.508943,0.04032,7.9223
03,03-nuclear-reactor-hierarchical-uncertain,strict,200,0,0,RollsRoyceSMR,0.50646,0.031013,6.1234
03,03-nuclear-reactor-hierarchical-uncertain,strict,200,0,0,NuScaleVOYGR6,0.400893,0.064689,16.1363
03,03-nuclear-reactor-hierarchical-uncertain,strict,200,0,1,APR1400,0.4464,0.037812,8.4705
03,03-nuclear-reactor-hierarchical-uncertain,strict,200,0,1,EPR1750,0.452937,0.036963,8.1606
03,03-nuclear-reactor-hierarchical-uncertain,strict,200,0,1,AP1000,0.506663,0.03888,7.6737
03,03-nuclear-reactor-hierarchical-uncertain,strict,200,0,1,BWRX300,0.326867,0.032573,9.9652
03,03-nuclear-reactor-hierarchical-uncertain,strict,200,0,1,RollsRoyceSMR,0.43772,0.037105,8.4769
03,03-nuclear-reactor-hierarchical-uncertain,strict,200,0,1,NuScaleVOYGR6,0.433783,0.079827,18.4026
03,03-nuclear-reactor-hierarchical-uncertain,strict,200,0,2,APR1400,0.597345,0.066424,11.1198
03,03-nuclear-reactor-hierarchical-uncertain,strict,200,0,2,EPR1750,0.678595,0.064903,9.5643
03,03-nuclear-reactor-hierarchical-uncertain,strict,200,0,2,AP1000,0.743287,0.060521,8.1423
03,03-nuclear-reactor-hierarchical-uncertain,strict,200,0,2,BWRX300,0.48119,0.064553,13.4153
03,03-nuclear-reactor-hierarchical-uncertain,strict,200,0,2,RollsRoyceSMR,0.441066,0.062431,14.1547
03,03-nuclear-reactor-hierarchical-uncertain,strict,200,0,2,NuScaleVOYGR6,0.329552,0.084047,25.5034
03,03-nuclear-reactor-hierarchical-uncertain,strict,200,1,0,APR1400,0.491583,0.034204,6.9578
03,03-nuclear-reactor-hierarchical-uncertain,strict,200,1,0,EPR1750,0.582547,0.033316,5.7189
03,03-nuclear-reactor-hierarchical-uncertain,strict,200,1,0,AP1000,0.526944,0.031079,5.898
03,03-nuclear-reactor-hierarchical-uncertain,strict,200,1,0,BWRX300,0.506991,0.041474,8.1805
03,03-nuclear-reactor-hierarchical-uncertain,strict,200,1,0,RollsRoyceSMR,0.501584,0.031558,6.2917
03,03-nuclear-reactor-hierarchical-uncertain,strict,200,1,0,NuScaleVOYGR6,0.392674,0.060247,15.3427
03,03-nuclear-reactor-hierarchical-uncertain,strict,200,1,1,APR1400,0.454227,0.033959,7.4762
03,03-nuclear-reactor-hierarchical-uncertain,strict,200,1,1,EPR1750,0.45389,0.032561,7.1738
03,03-nuclear-reactor-hierarchical-uncertain,strict,200,1,1,AP1000,0.501379,0.034679,6.9168
03,03-nuclear-reactor-hierarchical-uncertain,strict,200,1,1,BWRX300,0.332326,0.032183,9.6841
03,03-nuclear-reactor-hierarchical-uncertain,strict,200,1,1,RollsRoyceSMR,0.433293,0.037271,8.6019
03,03-nuclear-reactor-hierarchical-uncertain,strict,200,1,1,NuScaleVOYGR6,0.44761,0.080573,18.0007
03,03-nuclear-reactor-hierarchical-uncertain,strict,200,1,2,APR1400,0.611098,0.072941,11.9361
03,03-nuclear-reactor-hierarchical-uncertain,strict,200,1,2,EPR1750,0.692123,0.062173,8.9829
03,03-nuclear-reactor-hierarchical-uncertain,strict,200,1,2,AP1000,0.752029,0.05959,7.9239
03,03-nuclear-reactor-hierarchical-uncertain,strict,200,1,2,BWRX300,0.461886,0.071058,15.3844
03,03-nuclear-reactor-hierarchical-uncertain,strict,200,1,2,RollsRoyceSMR,0.425451,0.06292,14.789
03,03-nuclear-reactor-hierarchical-uncertain,strict,200,1,2,NuScaleVOYGR6,0.310607,0.079595,25.6257
03,03-nuclear-reactor-hierarchical-uncertain,strict,200,2,0,APR1400,0.496356,0.034892,7.0297
03,03-nuclear-reactor-hierarchical-uncertain,strict,200,2,0,EPR1750,0.584918,0.033244,5.6835
03,03-nuclear-reactor-hierarchical-uncertain,strict,200,2,0,AP1000,0.528208,0.030054,5.6899
03,03-nuclear-reactor-hierarchical-uncertain,strict,200,2,0,BWRX300,0.508235,0.040364,7.9421
03,03-nuclear-reactor-hierarchical-uncertain,strict,200,2,0,RollsRoyceSMR,0.502232,0.029425,5.8589
03,03-nuclear-reactor-hierarchical-uncertain,strict,200,2,0,NuScaleVOYGR6,0.396277,0.064343,16.237
03,03-nuclear-reactor-hierarchical-uncertain,strict,200,2,1,APR1400,0.449006,0.03447,7.6769
03,03-nuclear-reactor-hierarchical-uncertain,strict,200,2,1,EPR1750,0.454636,0.035534,7.816
03,03-nuclear-reactor-hierarchical-uncertain,strict,200,2,1,AP1000,0.504897,0.033223,6.5801
03,03-nuclear-reactor-hierarchical-uncertain,strict,200,2,1,BWRX300,0.329243,0.03268,9.9258
03,03-nuclear-reactor-hierarchical-uncertain,strict,200,2,1,RollsRoyceSMR,0.439085,0.034429,7.841
03,03-nuclear-reactor-hierarchical-uncertain,strict,200,2,1,NuScaleVOYGR6,0.439372,0.080474,18.3157
03,03-nuclear-reactor-hierarchical-uncertain,strict,200,2,2,APR1400,0.596948,0.069631,11.6645
03,03-nuclear-reactor-hierarchical-uncertain,strict,200,2,2,EPR1750,0.688704,0.063238,9.1822
03,03-nuclear-reactor-hierarchical-uncertain,strict,200,2,2,AP1000,0.741263,0.058146,7.8442
03,03-nuclear-reactor-hierarchical-uncertain,strict,200,2,2,BWRX300,0.464907,0.074745,16.0774
03,03-nuclear-reactor-hierarchical-uncertain,strict,200,2,2,RollsRoyceSMR,0.436628,0.064877,14.8586
03,03-nuclear-reactor-hierarchical-uncertain,strict,200,2,2,NuScaleVOYGR6,0.307894,0.089776,29.1582
03,03-nuclear-reactor-hierarchical-uncertain,strict,200,3,0,APR1400,0.491747,0.035766,7.2732
03,03-nuclear-reactor-hierarchical-uncertain,strict,200,3,0,EPR1750,0.576947,0.033416,5.7919
03,03-nuclear-reactor-hierarchical-uncertain,strict,200,3,0,AP1000,0.524542,0.029588,5.6408
03,03-nuclear-reactor-hierarchical-uncertain,strict,200,3,0,BWRX300,0.50923,0.043174,8.4783
03,03-nuclear-reactor-hierarchical-uncertain,strict,200,3,0,RollsRoyceSMR,0.501805,0.03257,6.4906
03,03-nuclear-reactor-hierarchical-uncertain,strict,200,3,0,NuScaleVOYGR6,0.395687,0.061719,15.5981
03,03-nuclear-reactor-hierarchical-uncertain,strict,200,3,1,APR1400,0.447792,0.036761,8.2095
03,03-nuclear-reactor-hierarchical-uncertain,strict,200,3,1,EPR1750,0.453861,0.032925,7.2545
03,03-nuclear-reactor-hierarchical-uncertain,strict,200,3,1,AP1000,0.503466,0.032157,6.3871
03,03-nuclear-reactor-hierarchical-uncertain,strict,200,3,1,BWRX300,0.327036,0.032604,9.9696
03,03-nuclear-reactor-hierarchical-uncertain,strict,200,3,1,RollsRoyceSMR,0.437153,0.036121,8.2629
03,03-nuclear-reactor-hierarchical-uncertain,strict,200,3,1,NuScaleVOYGR6,0.429019,0.072436,16.8842
03,03-nuclear-reactor-hierarchical-uncertain,strict,200,3,2,APR1400,0.616107,0.06391,10.3733
03,03-nuclear-reactor-hierarchical-uncertain,strict,200,3,2,EPR1750,0.694658,0.057926,8.3387
03,03-nuclear-reactor-hierarchical-uncertain,strict,200,3,2,AP1000,0.747373,0.058353,7.8077
03,03-nuclear-reactor-hierarchical-uncertain,strict,200,3,2,BWRX300,0.454051,0.066673,14.6841
03,03-nuclear-reactor-hierarchical-uncertain,strict,200,3,2,RollsRoyceSMR,0.428307,0.061726,14.4117
03,03-nuclear-reactor-hierarchical-uncertain,strict,200,3,2,NuScaleVOYGR6,0.297329,0.089604,30.1365
03,03-nuclear-reactor-hierarchical-uncertain,strict,200,4,0,APR1400,0.495556,0.029986,6.051
03,03-nuclear-reactor-hierarchical-uncertain,strict,200,4,0,EPR1750,0.579872,0.033413,5.7622
03,03-nuclear-reactor-hierarchical-uncertain,strict,200,4,0,AP1000,0.523549,0.032471,6.202
03,03-nuclear-reactor-hierarchical-uncertain,strict,200,4,0,BWRX300,0.505983,0.040345,7.9737
03,03-nuclear-reactor-hierarchical-uncertain,strict,200,4,0,RollsRoyceSMR,0.497793,0.032247,6.478
03,03-nuclear-reactor-hierarchical-uncertain,strict,200,4,0,NuScaleVOYGR6,0.398858,0.062456,15.6587
03,03-nuclear-reactor-hierarchical-uncertain,strict,200,4,1,APR1400,0.450407,0.032735,7.2678
03,03-nuclear-reactor-hierarchical-uncertain,strict,200,4,1,EPR1750,0.454457,0.032101,7.0637
03,03-nuclear-reactor-hierarchical-uncertain,strict,200,4,1,AP1000,0.502552,0.032793,6.5254
03,03-nuclear-reactor-hierarchical-uncertain,strict,200,4,1,BWRX300,0.328367,0.03048,9.2823
03,03-nuclear-reactor-hierarchical-uncertain,strict,200,4,1,RollsRoyceSMR,0.437485,0.037435,8.5569
03,03-nuclear-reactor-hierarchical-uncertain,strict,200,4,1,NuScaleVOYGR6,0.443268,0.073661,16.6178
03,03-nuclear-reactor-hierarchical-uncertain,strict,200,4,2,APR1400,0.59952,0.069592,11.6079
03,03-nuclear-reactor-hierarchical-uncertain,strict,200,4,2,EPR1750,0.69025,0.063892,9.2564
03,03-nuclear-reactor-hierarchical-uncertain,strict,200,4,2,AP1000,0.747314,0.058094,7.7737
03,03-nuclear-reactor-hierarchical-uncertain,strict,200,4,2,BWRX300,0.471338,0.065518,13.9004
03,03-nuclear-reactor-hierarchical-uncertain,strict,200,4,2,RollsRoyceSMR,0.441286,0.058116,13.1696
03,03-nuclear-reactor-hierarchical-uncertain,strict,200,4,2,NuScaleVOYGR6,0.309724,0.086542,27.9416
03,03-nuclear-reactor-hierarchical-uncertain,strict,500,0,0,APR1400,0.49077,0.035381,7.2092
03,03-nuclear-reactor-hierarchical-uncertain,strict,500,0,0,EPR1750,0.577336,0.033902,5.8722
03,03-nuclear-reactor-hierarchical-uncertain,strict,500,0,0,AP1000,0.526921,0.029782,5.6522
03,03-nuclear-reactor-hierarchical-uncertain,strict,500,0,0,BWRX300,0.508802,0.039145,7.6936
03,03-nuclear-reactor-hierarchical-uncertain,strict,500,0,0,RollsRoyceSMR,0.500585,0.030867,6.1661
03,03-nuclear-reactor-hierarchical-uncertain,strict,500,0,0,NuScaleVOYGR6,0.400647,0.061325,15.3065
03,03-nuclear-reactor-hierarchical-uncertain,strict,500,0,1,APR1400,0.449375,0.034678,7.7169
03,03-nuclear-reactor-hierarchical-uncertain,strict,500,0,1,EPR1750,0.453023,0.034223,7.5543
03,03-nuclear-reactor-hierarchical-uncertain,strict,500,0,1,AP1000,0.503524,0.034053,6.763
03,03-nuclear-reactor-hierarchical-uncertain,strict,500,0,1,BWRX300,0.331582,0.030171,9.099
03,03-nuclear-reactor-hierarchical-uncertain,strict,500,0,1,RollsRoyceSMR,0.439349,0.036353,8.2743
03,03-nuclear-reactor-hierarchical-uncertain,strict,500,0,1,NuScaleVOYGR6,0.43001,0.07217,16.7833
03,03-nuclear-reactor-hierarchical-uncertain,strict,500,0,2,APR1400,0.600418,0.07224,12.0316
03,03-nuclear-reactor-hierarchical-uncertain,strict,500,0,2,EPR1750,0.68643,0.064429,9.386
03,03-nuclear-reactor-hierarchical-uncertain,strict,500,0,2,AP1000,0.74673,0.062002,8.3032
03,03-nuclear-reactor-hierarchical-uncertain,strict,500,0,2,BWRX300,0.464082,0.068757,14.8158
03,03-nuclear-reactor-hierarchical-uncertain,strict,500,0,2,RollsRoyceSMR,0.434545,0.062657,14.4191
03,03-nuclear-reactor-hierarchical-uncertain,strict,500,0,2,NuScaleVOYGR6,0.323438,0.08153,25.2074
03,03-nuclear-reactor-hierarchical-uncertain,strict,500,1,0,APR1400,0.491349,0.035182,7.1604
03,03-nuclear-reactor-hierarchical-uncertain,strict,500,1,0,EPR1750,0.582048,0.034353,5.9021
03,03-nuclear-reactor-hierarchical-uncertain,strict,500,1,0,AP1000,0.52631,0.029683,5.6398
03,03-nuclear-reactor-hierarchical-uncertain,strict,500,1,0,BWRX300,0.507654,0.041061,8.0885
03,03-nuclear-reactor-hierarchical-uncertain,strict,500,1,0,RollsRoyceSMR,0.503459,0.030643,6.0865
03,03-nuclear-reactor-hierarchical-uncertain,strict,500,1,0,NuScaleVOYGR6,0.394815,0.062618,15.8602
03,03-nuclear-reactor-hierarchical-uncertain,strict,500,1,1,APR1400,0.447984,0.035862,8.0052
03,03-nuclear-reactor-hierarchical-uncertain,strict,500,1,1,EPR1750,0.449853,0.03682,8.1848
03,03-nuclear-reactor-hierarchical-uncertain,strict,500,1,1,AP1000,0.50223,0.034194,6.8083
03,03-nuclear-reactor-hierarchical-uncertain,strict,500,1,1,BWRX300,0.329078,0.030488,9.2648
03,03-nuclear-reactor-hierarchical-uncertain,strict,500,1,1,RollsRoyceSMR,0.441035,0.035842,8.1267
03,03-nuclear-reactor-hierarchical-uncertain,strict,500,1,1,NuScaleVOYGR6,0.438965,0.079821,18.184
03,03-nuclear-reactor-hierarchical-uncertain,strict,500,1,2,APR1400,0.599713,0.069374,11.5679
03,03-nuclear-reactor-hierarchical-uncertain,strict,500,1,2,EPR1750,0.685475,0.066671,9.7262
03,03-nuclear-reactor-hierarchical-uncertain,strict,500,1,2,AP1000,0.748578,0.058163,7.7699
03,03-nuclear-reactor-hierarchical-uncertain,strict,500,1,2,BWRX300,0.464288,0.070217,15.1237
03,03-nuclear-reactor-hierarchical-uncertain,strict,500,1,2,RollsRoyceSMR,0.438343,0.0618,14.0985
03,03-nuclear-reactor-hierarchical-uncertain,strict,500,1,2,NuScaleVOYGR6,0.323154,0.084948,26.2873
03,03-nuclear-reactor-hierarchical-uncertain,strict,500,2,0,APR1400,0.490724,0.031434,6.4056
03,03-nuclear-reactor-hierarchical-uncertain,strict,500,2,0,EPR1750,0.582987,0.035736,6.1299
03,03-nuclear-reactor-hierarchical-uncertain,strict,500,2,0,AP1000,0.526295,0.029126,5.5342
03,03-nuclear-reactor-hierarchical-uncertain,strict,500,2,0,BWRX300,0.510232,0.038137,7.4745
03,03-nuclear-reactor-hierarchical-uncertain,strict,500,2,0,RollsRoyceSMR,0.501228,0.030465,6.078
03,03-nuclear-reactor-hierarchical-uncertain,strict,500,2,0,NuScaleVOYGR6,0.395126,0.062462,15.808
03,03-nuclear-reactor-hierarchical-uncertain,strict,500,2,1,APR1400,0.448318,0.034113,7.609
03,03-nuclear-reactor-hierarchical-uncertain,strict,500,2,1,EPR1750,0.453067,0.035508,7.8373
03,03-nuclear-reactor-hierarchical-uncertain,strict,500,2,1,AP1000,0.501539,0.035158,7.01
03,03-nuclear-reactor-hierarchical-uncertain,strict,500,2,1,BWRX300,0.331036,0.032536,9.8284
03,03-nuclear-reactor-hierarchical-uncertain,strict,500,2,1,RollsRoyceSMR,0.43908,0.037164,8.4641
03,03-nuclear-reactor-hierarchical-uncertain,strict,500,2,1,NuScaleVOYGR6,0.434762,0.075429,17.3495
03,03-nuclear-reactor-hierarchical-uncertain,strict,500,2,2,APR1400,0.601714,0.069624,11.571
03,03-nuclear-reactor-hierarchical-uncertain,strict,500,2,2,EPR1750,0.69449,0.061163,8.8069
03,03-nuclear-reactor-hierarchical-uncertain,strict,500,2,2,AP1000,0.749446,0.056638,7.5573
03,03-nuclear-reactor-hierarchical-uncertain,strict,500,2,2,BWRX300,0.467654,0.069983,14.9648
03,03-nuclear-reactor-hierarchical-uncertain,strict,500,2,2,RollsRoyceSMR,0.438243,0.060847,13.8844
03,03-nuclear-reactor-hierarchical-uncertain,strict,500,2,2,NuScaleVOYGR6,0.31527,0.086838,27.544
03,03-nuclear-reactor-hierarchical-uncertain,strict,500,3,0,APR1400,0.493489,0.032128,6.5103
03,03-nuclear-reactor-hierarchical-uncertain,strict,500,3,0,EPR1750,0.581624,0.033609,5.7785
03,03-nuclear-reactor-hierarchical-uncertain,strict,500,3,0,AP1000,0.528453,0.030027,5.6821
03,03-nuclear-reactor-hierarchical-uncertain,strict,500,3,0,BWRX300,0.505685,0.041893,8.2844
03,03-nuclear-reactor-hierarchical-uncertain,strict,500,3,0,RollsRoyceSMR,0.503486,0.03014,5.9863
03,03-nuclear-reactor-hierarchical-uncertain,strict,500,3,0,NuScaleVOYGR6,0.396188,0.062692,15.8238
03,03-nuclear-reactor-hierarchical-uncertain,strict,500,3,1,APR1400,0.449374,0.034198,7.6101
03,03-nuclear-reactor-hierarchical-uncertain,strict,500,3,1,EPR1750,0.45316,0.036017,7.9481
03,03-nuclear-reactor-hierarchical-uncertain,strict,500,3,1,AP1000,0.506096,0.035309,6.9767
03,03-nuclear-reactor-hierarchical-uncertain,strict,500,3,1,BWRX300,0.329179,0.031136,9.4587
03,03-nuclear-reactor-hierarchical-uncertain,strict,500,3,1,RollsRoyceSMR,0.439955,0.037203,8.4561
03,03-nuclear-reactor-hierarchical-uncertain,strict,500,3,1,NuScaleVOYGR6,0.437732,0.076429,17.4602
03,03-nuclear-reactor-hierarchical-uncertain,strict,500,3,2,APR1400,0.603375,0.066712,11.0565
03,03-nuclear-reactor-hierarchical-uncertain,strict,500,3,2,EPR1750,0.684334,0.064854,9.4769
03,03-nuclear-reactor-hierarchical-uncertain,strict,500,3,2,AP1000,0.753134,0.058224,7.7309
03,03-nuclear-reactor-hierarchical-uncertain,strict,500,3,2,BWRX300,0.468189,0.065669,14.0262
03,03-nuclear-reactor-hierarchical-uncertain,strict,500,3,2,RollsRoyceSMR,0.434185,0.061103,14.0731
03,03-nuclear-reactor-hierarchical-uncertain,strict,500,3,2,NuScaleVOYGR6,0.31596,0.08609,27.2473
03,03-nuclear-reactor-hierarchical-uncertain,strict,500,4,0,APR1400,0.49268,0.033326,6.7642
03,03-nuclear-reactor-hierarchical-uncertain,strict,500,4,0,EPR1750,0.5834,0.033083,5.6708
03,03-nuclear-reactor-hierarchical-uncertain,strict,500,4,0,AP1000,0.527762,0.030336,5.748
03,03-nuclear-reactor-hierarchical-uncertain,strict,500,4,0,BWRX300,0.504568,0.038009,7.533
03,03-nuclear-reactor-hierarchical-uncertain,strict,500,4,0,RollsRoyceSMR,0.503481,0.030669,6.0915
03,03-nuclear-reactor-hierarchical-uncertain,strict,500,4,0,NuScaleVOYGR6,0.397852,0.06213,15.6163
03,03-nuclear-reactor-hierarchical-uncertain,strict,500,4,1,APR1400,0.44986,0.033179,7.3754
03,03-nuclear-reactor-hierarchical-uncertain,strict,500,4,1,EPR1750,0.45528,0.033373,7.3303
03,03-nuclear-reactor-hierarchical-uncertain,strict,500,4,1,AP1000,0.505596,0.036259,7.1716
03,03-nuclear-reactor-hierarchical-uncertain,strict,500,4,1,BWRX300,0.329488,0.032091,9.7395
03,03-nuclear-reactor-hierarchical-uncertain,strict,500,4,1,RollsRoyceSMR,0.438882,0.036448,8.3047
03,03-nuclear-reactor-hierarchical-uncertain,strict,500,4,1,NuScaleVOYGR6,0.441496,0.076742,17.3822
03,03-nuclear-reactor-hierarchical-uncertain,strict,500,4,2,APR1400,0.602296,0.071416,11.8572
03,03-nuclear-reactor-hierarchical-uncertain,strict,500,4,2,EPR1750,0.68591,0.065791,9.5918
03,03-nuclear-reactor-hierarchical-uncertain,strict,500,4,2,AP1000,0.745038,0.060535,8.1251
03,03-nuclear-reactor-hierarchical-uncertain,strict,500,4,2,BWRX300,0.474031,0.068593,14.4702
03,03-nuclear-reactor-hierarchical-uncertain,strict,500,4,2,RollsRoyceSMR,0.440955,0.062948,14.2755
03,03-nuclear-reactor-hierarchical-uncertain,strict,500,4,2,NuScaleVOYGR6,0.317398,0.086511,27.2564
03,03-nuclear-reactor-hierarchical-uncertain,strict,1000,0,0,APR1400,0.491194,0.033473,6.8146
03,03-nuclear-reactor-hierarchical-uncertain,strict,1000,0,0,EPR1750,0.580734,0.034405,5.9244
03,03-nuclear-reactor-hierarchical-uncertain,strict,1000,0,0,AP1000,0.524724,0.029736,5.667
03,03-nuclear-reactor-hierarchical-uncertain,strict,1000,0,0,BWRX300,0.50602,0.041585,8.2181
03,03-nuclear-reactor-hierarchical-uncertain,strict,1000,0,0,RollsRoyceSMR,0.501992,0.031064,6.1881
03,03-nuclear-reactor-hierarchical-uncertain,strict,1000,0,0,NuScaleVOYGR6,0.394334,0.061844,15.6832
03,03-nuclear-reactor-hierarchical-uncertain,strict,1000,0,1,APR1400,0.450571,0.034524,7.6624
03,03-nuclear-reactor-hierarchical-uncertain,strict,1000,0,1,EPR1750,0.451422,0.034452,7.6319
03,03-nuclear-reactor-hierarchical-uncertain,strict,1000,0,1,AP1000,0.504936,0.035658,7.0618
03,03-nuclear-reactor-hierarchical-uncertain,strict,1000,0,1,BWRX300,0.329128,0.031831,9.6714
03,03-nuclear-reactor-hierarchical-uncertain,strict,1000,0,1,RollsRoyceSMR,0.436199,0.035725,8.1901
03,03-nuclear-reactor-hierarchical-uncertain,strict,1000,0,1,NuScaleVOYGR6,0.436166,0.077675,17.8086
03,03-nuclear-reactor-hierarchical-uncertain,strict,1000,0,2,APR1400,0.606537,0.069277,11.4216
03,03-nuclear-reactor-hierarchical-uncertain,strict,1000,0,2,EPR1750,0.685422,0.064854,9.462
03,03-nuclear-reactor-hierarchical-uncertain,strict,1000,0,2,AP1000,0.750126,0.058905,7.8526
03,03-nuclear-reactor-hierarchical-uncertain,strict,1000,0,2,BWRX300,0.466683,0.070762,15.1627
03,03-nuclear-reactor-hierarchical-uncertain,strict,1000,0,2,RollsRoyceSMR,0.436932,0.063034,14.4264
03,03-nuclear-reactor-hierarchical-uncertain,strict,1000,0,2,NuScaleVOYGR6,0.317772,0.084772,26.677
03,03-nuclear-reactor-hierarchical-uncertain,strict,1000,1,0,APR1400,0.491701,0.034514,7.0192
03,03-nuclear-reactor-hierarchical-uncertain,strict,1000,1,0,EPR1750,0.582327,0.034584,5.9389
03,03-nuclear-reactor-hierarchical-uncertain,strict,1000,1,0,AP1000,0.525167,0.030729,5.8513
03,03-nuclear-reactor-hierarchical-uncertain,strict,1000,1,0,BWRX300,0.506274,0.041885,8.2732
03,03-nuclear-reactor-hierarchical-uncertain,strict,1000,1,0,RollsRoyceSMR,0.503664,0.031837,6.3211
03,03-nuclear-reactor-hierarchical-uncertain,strict,1000,1,0,NuScaleVOYGR6,0.399001,0.062897,15.7636
03,03-nuclear-reactor-hierarchical-uncertain,strict,1000,1,1,APR1400,0.449285,0.034606,7.7024
03,03-nuclear-reactor-hierarchical-uncertain,strict,1000,1,1,EPR1750,0.453755,0.03482,7.6738
03,03-nuclear-reactor-hierarchical-uncertain,strict,1000,1,1,AP1000,0.503913,0.035374,7.0198
03,03-nuclear-reactor-hierarchical-uncertain,strict,1000,1,1,BWRX300,0.3306,0.030952,9.3625
03,03-nuclear-reactor-hierarchical-uncertain,strict,1000,1,1,RollsRoyceSMR,0.437931,0.036749,8.3914
03,03-nuclear-reactor-hierarchical-uncertain,strict,1000,1,1,NuScaleVOYGR6,0.434233,0.077083,17.7515
03,03-nuclear-reactor-hierarchical-uncertain,strict,1000,1,2,APR1400,0.603776,0.069127,11.4491
03,03-nuclear-reactor-hierarchical-uncertain,strict,1000,1,2,EPR1750,0.688859,0.061802,8.9717
03,03-nuclear-reactor-hierarchical-uncertain,strict,1000,1,2,AP1000,0.752726,0.055814,7.415
03,03-nuclear-reactor-hierarchical-uncertain,strict,1000,1,2,BWRX300,0.464667,0.069671,14.9938
03,03-nuclear-reactor-hierarchical-uncertain,strict,1000,1,2,RollsRoyceSMR,0.433844,0.061482,14.1715
03,03-nuclear-reactor-hierarchical-uncertain,strict,1000,1,2,NuScaleVOYGR6,0.314132,0.084209,26.8069
03,03-nuclear-reactor-hierarchical-uncertain,strict,1000,2,0,APR1400,0.491933,0.033781,6.8671
03,03-nuclear-reactor-hierarchical-uncertain,strict,1000,2,0,EPR1750,0.582694,0.034347,5.8945
03,03-nuclear-reactor-hierarchical-uncertain,strict,1000,2,0,AP1000,0.527066,0.030667,5.8185
03,03-nuclear-reactor-hierarchical-uncertain,strict,1000,2,0,BWRX300,0.507571,0.040672,8.013
03,03-nuclear-reactor-hierarchical-uncertain,strict,1000,2,0,RollsRoyceSMR,0.501814,0.029683,5.9151
03,03-nuclear-reactor-hierarchical-uncertain,strict,1000,2,0,NuScaleVOYGR6,0.394936,0.061888,15.6703
03,03-nuclear-reactor-hierarchical-uncertain,strict,1000,2,1,APR1400,0.447577,0.033784,7.5482
03,03-nuclear-reactor-hierarchical-uncertain,strict,1000,2,1,EPR1750,0.452435,0.034943,7.7232
03,03-nuclear-reactor-hierarchical-uncertain,strict,1000,2,1,AP1000,0.504023,0.034676,6.8799
03,03-nuclear-reactor-hierarchical-uncertain,strict,1000,2,1,BWRX300,0.327848,0.030985,9.451
03,03-nuclear-reactor-hierarchical-uncertain,strict,1000,2,1,RollsRoyceSMR,0.438412,0.038565,8.7966
03,03-nuclear-reactor-hierarchical-uncertain,strict,1000,2,1,NuScaleVOYGR6,0.439012,0.076661,17.4621
03,03-nuclear-reactor-hierarchical-uncertain,strict,1000,2,2,APR1400,0.604158,0.068451,11.33
03,03-nuclear-reactor-hierarchical-uncertain,strict,1000,2,2,EPR1750,0.685981,0.062726,9.144
03,03-nuclear-reactor-hierarchical-uncertain,strict,1000,2,2,AP1000,0.748611,0.05802,7.7503
03,03-nuclear-reactor-hierarchical-uncertain,strict,1000,2,2,BWRX300,0.469217,0.069983,14.9149
03,03-nuclear-reactor-hierarchical-uncertain,strict,1000,2,2,RollsRoyceSMR,0.4361,0.061087,14.0077
03,03-nuclear-reactor-hierarchical-uncertain,strict,1000,2,2,NuScaleVOYGR6,0.316873,0.085896,27.1073
03,03-nuclear-reactor-hierarchical-uncertain,strict,1000,3,0,APR1400,0.491487,0.034991,7.1195
03,03-nuclear-reactor-hierarchical-uncertain,strict,1000,3,0,EPR1750,0.58213,0.035209,6.0483
03,03-nuclear-reactor-hierarchical-uncertain,strict,1000,3,0,AP1000,0.52857,0.028811,5.4508
03,03-nuclear-reactor-hierarchical-uncertain,strict,1000,3,0,BWRX300,0.507706,0.041924,8.2575
03,03-nuclear-reactor-hierarchical-uncertain,strict,1000,3,0,RollsRoyceSMR,0.501477,0.029775,5.9375
03,03-nuclear-reactor-hierarchical-uncertain,strict,1000,3,0,NuScaleVOYGR6,0.397611,0.060093,15.1136
03,03-nuclear-reactor-hierarchical-uncertain,strict,1000,3,1,APR1400,0.449256,0.03472,7.7283
03,03-nuclear-reactor-hierarchical-uncertain,strict,1000,3,1,EPR1750,0.452665,0.036067,7.9676
03,03-nuclear-reactor-hierarchical-uncertain,strict,1000,3,1,AP1000,0.503242,0.033792,6.7148
03,03-nuclear-reactor-hierarchical-uncertain,strict,1000,3,1,BWRX300,0.327743,0.030384,9.2708
03,03-nuclear-reactor-hierarchical-uncertain,strict,1000,3,1,RollsRoyceSMR,0.436149,0.03606,8.2679
03,03-nuclear-reactor-hierarchical-uncertain,strict,1000,3,1,NuScaleVOYGR6,0.437054,0.074607,17.0706
03,03-nuclear-reactor-hierarchical-uncertain,strict,1000,3,2,APR1400,0.601463,0.066169,11.0013
03,03-nuclear-reactor-hierarchical-uncertain,strict,1000,3,2,EPR1750,0.689897,0.063832,9.2523
03,03-nuclear-reactor-hierarchical-uncertain,strict,1000,3,2,AP1000,0.75096,0.058963,7.8517
03,03-nuclear-reactor-hierarchical-uncertain,strict,1000,3,2,BWRX300,0.46506,0.06793,14.6067
03,03-nuclear-reactor-hierarchical-uncertain,strict,1000,3,2,RollsRoyceSMR,0.438806,0.060735,13.8409
03,03-nuclear-reactor-hierarchical-uncertain,strict,1000,3,2,NuScaleVOYGR6,0.317469,0.083859,26.4149
03,03-nuclear-reactor-hierarchical-uncertain,strict,1000,4,0,APR1400,0.491576,0.034411,7.0002
03,03-nuclear-reactor-hierarchical-uncertain,strict,1000,4,0,EPR1750,0.58422,0.033385,5.7145
03,03-nuclear-reactor-hierarchical-uncertain,strict,1000,4,0,AP1000,0.526242,0.030341,5.7656
03,03-nuclear-reactor-hierarchical-uncertain,strict,1000,4,0,BWRX300,0.507772,0.041256,8.1249
03,03-nuclear-reactor-hierarchical-uncertain,strict,1000,4,0,RollsRoyceSMR,0.501447,0.030115,6.0055
03,03-nuclear-reactor-hierarchical-uncertain,strict,1000,4,0,NuScaleVOYGR6,0.395283,0.061554,15.5722
03,03-nuclear-reactor-hierarchical-uncertain,strict,1000,4,1,APR1400,0.448954,0.034444,7.6721
03,03-nuclear-reactor-hierarchical-uncertain,strict,1000,4,1,EPR1750,0.451822,0.0345,7.6357
03,03-nuclear-reactor-hierarchical-uncertain,strict,1000,4,1,AP1000,0.502971,0.034086,6.777
03,03-nuclear-reactor-hierarchical-uncertain,strict,1000,4,1,BWRX300,0.329386,0.031901,9.685
03,03-nuclear-reactor-hierarchical-uncertain,strict,1000,4,1,RollsRoyceSMR,0.439599,0.037875,8.6159
03,03-nuclear-reactor-hierarchical-uncertain,strict,1000,4,1,NuScaleVOYGR6,0.43889,0.074435,16.9599
03,03-nuclear-reactor-hierarchical-uncertain,strict,1000,4,2,APR1400,0.605667,0.06797,11.2224
03,03-nuclear-reactor-hierarchical-uncertain,strict,1000,4,2,EPR1750,0.685713,0.065648,9.5737
03,03-nuclear-reactor-hierarchical-uncertain,strict,1000,4,2,AP1000,0.747072,0.060968,8.1609
03,03-nuclear-reactor-hierarchical-uncertain,strict,1000,4,2,BWRX300,0.468001,0.069546,14.8602
03,03-nuclear-reactor-hierarchical-uncertain,strict,1000,4,2,RollsRoyceSMR,0.439469,0.06075,13.8235
03,03-nuclear-reactor-hierarchical-uncertain,strict,1000,4,2,NuScaleVOYGR6,0.322169,0.084604,26.2608
03,03-nuclear-reactor-hierarchical-uncertain,strict,2000,0,0,APR1400,0.49039,0.03446,7.027
03,03-nuclear-reactor-hierarchical-uncertain,strict,2000,0,0,EPR1750,0.582453,0.034157,5.8644
03,03-nuclear-reactor-hierarchical-uncertain,strict,2000,0,0,AP1000,0.526413,0.028821,5.4749
03,03-nuclear-reactor-hierarchical-uncertain,strict,2000,0,0,BWRX300,0.50951,0.041167,8.0797
03,03-nuclear-reactor-hierarchical-uncertain,strict,2000,0,0,RollsRoyceSMR,0.501519,0.031634,6.3076
03,03-nuclear-reactor-hierarchical-uncertain,strict,2000,0,0,NuScaleVOYGR6,0.395425,0.062083,15.7004
03,03-nuclear-reactor-hierarchical-uncertain,strict,2000,0,1,APR1400,0.450212,0.034314,7.6217
03,03-nuclear-reactor-hierarchical-uncertain,strict,2000,0,1,EPR1750,0.453072,0.036232,7.997
03,03-nuclear-reactor-hierarchical-uncertain,strict,2000,0,1,AP1000,0.502849,0.035296,7.0192
03,03-nuclear-reactor-hierarchical-uncertain,strict,2000,0,1,BWRX300,0.328754,0.031571,9.6031
03,03-nuclear-reactor-hierarchical-uncertain,strict,2000,0,1,RollsRoyceSMR,0.437883,0.037479,8.5591
03,03-nuclear-reactor-hierarchical-uncertain,strict,2000,0,1,NuScaleVOYGR6,0.436553,0.075761,17.3544
03,03-nuclear-reactor-hierarchical-uncertain,strict,2000,0,2,APR1400,0.602773,0.070624,11.7165
03,03-nuclear-reactor-hierarchical-uncertain,strict,2000,0,2,EPR1750,0.684632,0.064531,9.4256
03,03-nuclear-reactor-hierarchical-uncertain,strict,2000,0,2,AP1000,0.746995,0.060167,8.0545
03,03-nuclear-reactor-hierarchical-uncertain,strict,2000,0,2,BWRX300,0.467736,0.069763,14.9151
03,03-nuclear-reactor-hierarchical-uncertain,strict,2000,0,2,RollsRoyceSMR,0.43585,0.060279,13.8301
03,03-nuclear-reactor-hierarchical-uncertain,strict,2000,0,2,NuScaleVOYGR6,0.319232,0.085294,26.7186
03,03-nuclear-reactor-hierarchical-uncertain,strict,2000,1,0,APR1400,0.491654,0.033283,6.7695
03,03-nuclear-reactor-hierarchical-uncertain,strict,2000,1,0,EPR1750,0.580904,0.03466,5.9665
03,03-nuclear-reactor-hierarchical-uncertain,strict,2000,1,0,AP1000,0.525689,0.02988,5.684
03,03-nuclear-reactor-hierarchical-uncertain,strict,2000,1,0,BWRX300,0.508962,0.040531,7.9635
03,03-nuclear-reactor-hierarchical-uncertain,strict,2000,1,0,RollsRoyceSMR,0.501653,0.030828,6.1453
03,03-nuclear-reactor-hierarchical-uncertain,strict,2000,1,0,NuScaleVOYGR6,0.395362,0.063598,16.0859
03,03-nuclear-reactor-hierarchical-uncertain,strict,2000,1,1,APR1400,0.45043,0.034762,7.7174
03,03-nuclear-reactor-hierarchical-uncertain,strict,2000,1,1,EPR1750,0.45235,0.035262,7.7953
03,03-nuclear-reactor-hierarchical-uncertain,strict,2000,1,1,AP1000,0.502991,0.034736,6.906
03,03-nuclear-reactor-hierarchical-uncertain,strict,2000,1,1,BWRX300,0.328945,0.030961,9.4124
03,03-nuclear-reactor-hierarchical-uncertain,strict,2000,1,1,RollsRoyceSMR,0.436718,0.036192,8.2872
03,03-nuclear-reactor-hierarchical-uncertain,strict,2000,1,1,NuScaleVOYGR6,0.434789,0.075737,17.4191
03,03-nuclear-reactor-hierarchical-uncertain,strict,2000,1,2,APR1400,0.603978,0.069929,11.578
03,03-nuclear-reactor-hierarchical-uncertain,strict,2000,1,2,EPR1750,0.687589,0.063224,9.195
03,03-nuclear-reactor-hierarchical-uncertain,strict,2000,1,2,AP1000,0.749976,0.058778,7.8373
03,03-nuclear-reactor-hierarchical-uncertain,strict,2000,1,2,BWRX300,0.464668,0.070465,15.1646
03,03-nuclear-reactor-hierarchical-uncertain,strict,2000,1,2,RollsRoyceSMR,0.434749,0.061591,14.1669
03,03-nuclear-reactor-hierarchical-uncertain,strict,2000,1,2,NuScaleVOYGR6,0.317182,0.084968,26.7885
03,03-nuclear-reactor-hierarchical-uncertain,strict,2000,2,0,APR1400,0.491869,0.034952,7.106
03,03-nuclear-reactor-hierarchical-uncertain,strict,2000,2,0,EPR1750,0.581547,0.035202,6.0531
03,03-nuclear-reactor-hierarchical-uncertain,strict,2000,2,0,AP1000,0.526537,0.029661,5.6331
03,03-nuclear-reactor-hierarchical-uncertain,strict,2000,2,0,BWRX300,0.506909,0.040389,7.9676
03,03-nuclear-reactor-hierarchical-uncertain,strict,2000,2,0,RollsRoyceSMR,0.501134,0.030624,6.1109
03,03-nuclear-reactor-hierarchical-uncertain,strict,2000,2,0,NuScaleVOYGR6,0.396285,0.063494,16.0223
03,03-nuclear-reactor-hierarchical-uncertain,strict,2000,2,1,APR1400,0.449118,0.035021,7.7978
03,03-nuclear-reactor-hierarchical-uncertain,strict,2000,2,1,EPR1750,0.452342,0.03526,7.7951
03,03-nuclear-reactor-hierarchical-uncertain,strict,2000,2,1,AP1000,0.504729,0.034525,6.8402
03,03-nuclear-reactor-hierarchical-uncertain,strict,2000,2,1,BWRX300,0.328305,0.031201,9.5036
03,03-nuclear-reactor-hierarchical-uncertain,strict,2000,2,1,RollsRoyceSMR,0.439666,0.037892,8.6183
03,03-nuclear-reactor-hierarchical-uncertain,strict,2000,2,1,NuScaleVOYGR6,0.437202,0.076359,17.4655
03,03-nuclear-reactor-hierarchical-uncertain,strict,2000,2,2,APR1400,0.605978,0.068893,11.3689
03,03-nuclear-reactor-hierarchical-uncertain,strict,2000,2,2,EPR1750,0.685695,0.063354,9.2394
03,03-nuclear-reactor-hierarchical-uncertain,strict,2000,2,2,AP1000,0.748009,0.061955,8.2827
03,03-nuclear-reactor-hierarchical-uncertain,strict,2000,2,2,BWRX300,0.469416,0.068909,14.6798
03,03-nuclear-reactor-hierarchical-uncertain,strict,2000,2,2,RollsRoyceSMR,0.435867,0.061469,14.1026
03,03-nuclear-reactor-hierarchical-uncertain,strict,2000,2,2,NuScaleVOYGR6,0.315503,0.08451,26.7858
03,03-nuclear-reactor-hierarchical-uncertain,strict,2000,3,0,APR1400,0.492971,0.034472,6.9926
03,03-nuclear-reactor-hierarchical-uncertain,strict,2000,3,0,EPR1750,0.582561,0.034556,5.9318
03,03-nuclear-reactor-hierarchical-uncertain,strict,2000,3,0,AP1000,0.525266,0.029548,5.6254
03,03-nuclear-reactor-hierarchical-uncertain,strict,2000,3,0,BWRX300,0.50848,0.04024,7.9138
03,03-nuclear-reactor-hierarchical-uncertain,strict,2000,3,0,RollsRoyceSMR,0.502508,0.031435,6.2556
03,03-nuclear-reactor-hierarchical-uncertain,strict,2000,3,0,NuScaleVOYGR6,0.398291,0.062888,15.7894
03,03-nuclear-reactor-hierarchical-uncertain,strict,2000,3,1,APR1400,0.449461,0.034693,7.7189
03,03-nuclear-reactor-hierarchical-uncertain,strict,2000,3,1,EPR1750,0.453168,0.036085,7.9629
03,03-nuclear-reactor-hierarchical-uncertain,strict,2000,3,1,AP1000,0.503674,0.033927,6.7359
03,03-nuclear-reactor-hierarchical-uncertain,strict,2000,3,1,BWRX300,0.328884,0.032362,9.8398
03,03-nuclear-reactor-hierarchical-uncertain,strict,2000,3,1,RollsRoyceSMR,0.43875,0.037231,8.4858
03,03-nuclear-reactor-hierarchical-uncertain,strict,2000,3,1,NuScaleVOYGR6,0.438096,0.077897,17.7809
03,03-nuclear-reactor-hierarchical-uncertain,strict,2000,3,2,APR1400,0.601969,0.069639,11.5686
03,03-nuclear-reactor-hierarchical-uncertain,strict,2000,3,2,EPR1750,0.688383,0.063883,9.2801
03,03-nuclear-reactor-hierarchical-uncertain,strict,2000,3,2,AP1000,0.747032,0.059837,8.01
03,03-nuclear-reactor-hierarchical-uncertain,strict,2000,3,2,BWRX300,0.468007,0.06705,14.3267
03,03-nuclear-reactor-hierarchical-uncertain,strict,2000,3,2,RollsRoyceSMR,0.437452,0.06109,13.965
03,03-nuclear-reactor-hierarchical-uncertain,strict,2000,3,2,NuScaleVOYGR6,0.315991,0.085527,27.0663
03,03-nuclear-reactor-hierarchical-uncertain,strict,2000,4,0,APR1400,0.49083,0.034186,6.9649
03,03-nuclear-reactor-hierarchical-uncertain,strict,2000,4,0,EPR1750,0.583115,0.035309,6.0552
03,03-nuclear-reactor-hierarchical-uncertain,strict,2000,4,0,AP1000,0.524991,0.029348,5.5902
03,03-nuclear-reactor-hierarchical-uncertain,strict,2000,4,0,BWRX300,0.507744,0.0414,8.1538
03,03-nuclear-reactor-hierarchical-uncertain,strict,2000,4,0,RollsRoyceSMR,0.502356,0.030067,5.9853
03,03-nuclear-reactor-hierarchical-uncertain,strict,2000,4,0,NuScaleVOYGR6,0.396548,0.062211,15.6881
03,03-nuclear-reactor-hierarchical-uncertain,strict,2000,4,1,APR1400,0.450097,0.035266,7.8353
03,03-nuclear-reactor-hierarchical-uncertain,strict,2000,4,1,EPR1750,0.452636,0.035217,7.7805
03,03-nuclear-reactor-hierarchical-uncertain,strict,2000,4,1,AP1000,0.502194,0.034927,6.9549
03,03-nuclear-reactor-hierarchical-uncertain,strict,2000,4,1,BWRX300,0.329057,0.031673,9.6254
03,03-nuclear-reactor-hierarchical-uncertain,strict,2000,4,1,RollsRoyceSMR,0.438841,0.037237,8.4853
03,03-nuclear-reactor-hierarchical-uncertain,strict,2000,4,1,NuScaleVOYGR6,0.436254,0.077111,17.6758
03,03-nuclear-reactor-hierarchical-uncertain,strict,2000,4,2,APR1400,0.603765,0.069683,11.5414
03,03-nuclear-reactor-hierarchical-uncertain,strict,2000,4,2,EPR1750,0.687937,0.064274,9.343
03,03-nuclear-reactor-hierarchical-uncertain,strict,2000,4,2,AP1000,0.746208,0.060617,8.1234
03,03-nuclear-reactor-hierarchical-uncertain,strict,2000,4,2,BWRX300,0.467449,0.071052,15.1999
03,03-nuclear-reactor-hierarchical-uncertain,strict,2000,4,2,RollsRoyceSMR,0.439869,0.061685,14.0236
03,03-nuclear-reactor-hierarchical-uncertain,strict,2000,4,2,NuScaleVOYGR6,0.31805,0.08629,27.1311
03,03-nuclear-reactor-hierarchical-uncertain,strict,5000,0,0,APR1400,0.492113,0.034712,7.0537
03,03-nuclear-reactor-hierarchical-uncertain,strict,5000,0,0,EPR1750,0.581701,0.034433,5.9194
03,03-nuclear-reactor-hierarchical-uncertain,strict,5000,0,0,AP1000,0.525825,0.029872,5.681
03,03-nuclear-reactor-hierarchical-uncertain,strict,5000,0,0,BWRX300,0.507677,0.040128,7.9042
03,03-nuclear-reactor-hierarchical-uncertain,strict,5000,0,0,RollsRoyceSMR,0.50226,0.03115,6.2019
03,03-nuclear-reactor-hierarchical-uncertain,strict,5000,0,0,NuScaleVOYGR6,0.39726,0.062483,15.7285
03,03-nuclear-reactor-hierarchical-uncertain,strict,5000,0,1,APR1400,0.449795,0.035215,7.8291
03,03-nuclear-reactor-hierarchical-uncertain,strict,5000,0,1,EPR1750,0.453707,0.035882,7.9087
03,03-nuclear-reactor-hierarchical-uncertain,strict,5000,0,1,AP1000,0.503071,0.034614,6.8805
03,03-nuclear-reactor-hierarchical-uncertain,strict,5000,0,1,BWRX300,0.329491,0.031693,9.6189
03,03-nuclear-reactor-hierarchical-uncertain,strict,5000,0,1,RollsRoyceSMR,0.437571,0.036894,8.4315
03,03-nuclear-reactor-hierarchical-uncertain,strict,5000,0,1,NuScaleVOYGR6,0.437114,0.076431,17.4853
03,03-nuclear-reactor-hierarchical-uncertain,strict,5000,0,2,APR1400,0.602783,0.069826,11.584
03,03-nuclear-reactor-hierarchical-uncertain,strict,5000,0,2,EPR1750,0.689129,0.063283,9.1831
03,03-nuclear-reactor-hierarchical-uncertain,strict,5000,0,2,AP1000,0.74996,0.058496,7.7998
03,03-nuclear-reactor-hierarchical-uncertain,strict,5000,0,2,BWRX300,0.468633,0.06902,14.7279
03,03-nuclear-reactor-hierarchical-uncertain,strict,5000,0,2,RollsRoyceSMR,0.43627,0.061749,14.1539
03,03-nuclear-reactor-hierarchical-uncertain,strict,5000,0,2,NuScaleVOYGR6,0.315545,0.084421,26.754
03,03-nuclear-reactor-hierarchical-uncertain,strict,5000,1,0,APR1400,0.492093,0.03402,6.9133
03,03-nuclear-reactor-hierarchical-uncertain,strict,5000,1,0,EPR1750,0.581828,0.03417,5.8729
03,03-nuclear-reactor-hierarchical-uncertain,strict,5000,1,0,AP1000,0.526063,0.030573,5.8117
03,03-nuclear-reactor-hierarchical-uncertain,strict,5000,1,0,BWRX300,0.508495,0.040464,7.9575
03,03-nuclear-reactor-hierarchical-uncertain,strict,5000,1,0,RollsRoyceSMR,0.501795,0.031101,6.198
03,03-nuclear-reactor-hierarchical-uncertain,strict,5000,1,0,NuScaleVOYGR6,0.396981,0.062565,15.7602
03,03-nuclear-reactor-hierarchical-uncertain,strict,5000,1,1,APR1400,0.449846,0.034851,7.7473
03,03-nuclear-reactor-hierarchical-uncertain,strict,5000,1,1,EPR1750,0.453242,0.035406,7.8117
03,03-nuclear-reactor-hierarchical-uncertain,strict,5000,1,1,AP1000,0.503781,0.035068,6.9609
03,03-nuclear-reactor-hierarchical-uncertain,strict,5000,1,1,BWRX300,0.328861,0.032106,9.7627
03,03-nuclear-reactor-hierarchical-uncertain,strict,5000,1,1,RollsRoyceSMR,0.438556,0.037358,8.5184
03,03-nuclear-reactor-hierarchical-uncertain,strict,5000,1,1,NuScaleVOYGR6,0.437137,0.077108,17.6394
03,03-nuclear-reactor-hierarchical-uncertain,strict,5000,1,2,APR1400,0.603854,0.069218,11.4626
03,03-nuclear-reactor-hierarchical-uncertain,strict,5000,1,2,EPR1750,0.687652,0.063316,9.2075
03,03-nuclear-reactor-hierarchical-uncertain,strict,5000,1,2,AP1000,0.748201,0.059195,7.9116
03,03-nuclear-reactor-hierarchical-uncertain,strict,5000,1,2,BWRX300,0.46891,0.069072,14.7304
03,03-nuclear-reactor-hierarchical-uncertain,strict,5000,1,2,RollsRoyceSMR,0.436392,0.0613,14.0471
03,03-nuclear-reactor-hierarchical-uncertain,strict,5000,1,2,NuScaleVOYGR6,0.316058,0.085563,27.072
03,03-nuclear-reactor-hierarchical-uncertain,strict,5000,2,0,APR1400,0.492127,0.034337,6.9773
03,03-nuclear-reactor-hierarchical-uncertain,strict,5000,2,0,EPR1750,0.581894,0.034175,5.8731
03,03-nuclear-reactor-hierarchical-uncertain,strict,5000,2,0,AP1000,0.525638,0.030253,5.7555
03,03-nuclear-reactor-hierarchical-uncertain,strict,5000,2,0,BWRX300,0.507971,0.040649,8.0022
03,03-nuclear-reactor-hierarchical-uncertain,strict,5000,2,0,RollsRoyceSMR,0.501144,0.031019,6.1896
03,03-nuclear-reactor-hierarchical-uncertain,strict,5000,2,0,NuScaleVOYGR6,0.398038,0.061295,15.3994
03,03-nuclear-reactor-hierarchical-uncertain,strict,5000,2,1,APR1400,0.451137,0.034516,7.651
03,03-nuclear-reactor-hierarchical-uncertain,strict,5000,2,1,EPR1750,0.452023,0.035506,7.8548
03,03-nuclear-reactor-hierarchical-uncertain,strict,5000,2,1,AP1000,0.503933,0.034598,6.8656
03,03-nuclear-reactor-hierarchical-uncertain,strict,5000,2,1,BWRX300,0.329375,0.031863,9.6738
03,03-nuclear-reactor-hierarchical-uncertain,strict,5000,2,1,RollsRoyceSMR,0.438111,0.037082,8.4641
03,03-nuclear-reactor-hierarchical-uncertain,strict,5000,2,1,NuScaleVOYGR6,0.437135,0.075978,17.381
03,03-nuclear-reactor-hierarchical-uncertain,strict,5000,2,2,APR1400,0.604269,0.068526,11.3403
03,03-nuclear-reactor-hierarchical-uncertain,strict,5000,2,2,EPR1750,0.688473,0.064095,9.3098
03,03-nuclear-reactor-hierarchical-uncertain,strict,5000,2,2,AP1000,0.748461,0.059839,7.995
03,03-nuclear-reactor-hierarchical-uncertain,strict,5000,2,2,BWRX300,0.468067,0.068854,14.7103
03,03-nuclear-reactor-hierarchical-uncertain,strict,5000,2,2,RollsRoyceSMR,0.43624,0.061583,14.1168
03,03-nuclear-reactor-hierarchical-uncertain,strict,5000,2,2,NuScaleVOYGR6,0.316054,0.085641,27.0969
03,03-nuclear-reactor-hierarchical-uncertain,strict,5000,3,0,APR1400,0.492851,0.033814,6.861
03,03-nuclear-reactor-hierarchical-uncertain,strict,5000,3,0,EPR1750,0.582762,0.034886,5.9863
03,03-nuclear-reactor-hierarchical-uncertain,strict,5000,3,0,AP1000,0.526421,0.029358,5.5769
03,03-nuclear-reactor-hierarchical-uncertain,strict,5000,3,0,BWRX300,0.507804,0.040495,7.9746
03,03-nuclear-reactor-hierarchical-uncertain,strict,5000,3,0,RollsRoyceSMR,0.501848,0.031206,6.2182
03,03-nuclear-reactor-hierarchical-uncertain,strict,5000,3,0,NuScaleVOYGR6,0.394957,0.062336,15.783
03,03-nuclear-reactor-hierarchical-uncertain,strict,5000,3,1,APR1400,0.449115,0.034473,7.6757
03,03-nuclear-reactor-hierarchical-uncertain,strict,5000,3,1,EPR1750,0.452262,0.035858,7.9285
03,03-nuclear-reactor-hierarchical-uncertain,strict,5000,3,1,AP1000,0.503789,0.03479,6.9057
03,03-nuclear-reactor-hierarchical-uncertain,strict,5000,3,1,BWRX300,0.329531,0.031693,9.6175
03,03-nuclear-reactor-hierarchical-uncertain,strict,5000,3,1,RollsRoyceSMR,0.438718,0.037779,8.6112
03,03-nuclear-reactor-hierarchical-uncertain,strict,5000,3,1,NuScaleVOYGR6,0.436957,0.07695,17.6104
03,03-nuclear-reactor-hierarchical-uncertain,strict,5000,3,2,APR1400,0.602829,0.069584,11.543
03,03-nuclear-reactor-hierarchical-uncertain,strict,5000,3,2,EPR1750,0.687495,0.064418,9.3699
03,03-nuclear-reactor-hierarchical-uncertain,strict,5000,3,2,AP1000,0.748128,0.060648,8.1066
03,03-nuclear-reactor-hierarchical-uncertain,strict,5000,3,2,BWRX300,0.468192,0.069059,14.7501
03,03-nuclear-reactor-hierarchical-uncertain,strict,5000,3,2,RollsRoyceSMR,0.437268,0.061455,14.0542
03,03-nuclear-reactor-hierarchical-uncertain,strict,5000,3,2,NuScaleVOYGR6,0.317602,0.085549,26.936
03,03-nuclear-reactor-hierarchical-uncertain,strict,5000,4,0,APR1400,0.492081,0.034205,6.9512
03,03-nuclear-reactor-hierarchical-uncertain,strict,5000,4,0,EPR1750,0.582035,0.034712,5.9638
03,03-nuclear-reactor-hierarchical-uncertain,strict,5000,4,0,AP1000,0.525663,0.029432,5.599
03,03-nuclear-reactor-hierarchical-uncertain,strict,5000,4,0,BWRX300,0.508163,0.040423,7.9547
03,03-nuclear-reactor-hierarchical-uncertain,strict,5000,4,0,RollsRoyceSMR,0.501678,0.0313,6.239
03,03-nuclear-reactor-hierarchical-uncertain,strict,5000,4,0,NuScaleVOYGR6,0.394566,0.062982,15.9623
03,03-nuclear-reactor-hierarchical-uncertain,strict,5000,4,1,APR1400,0.450027,0.034417,7.6477
03,03-nuclear-reactor-hierarchical-uncertain,strict,5000,4,1,EPR1750,0.452746,0.035751,7.8964
03,03-nuclear-reactor-hierarchical-uncertain,strict,5000,4,1,AP1000,0.504176,0.035479,7.037
03,03-nuclear-reactor-hierarchical-uncertain,strict,5000,4,1,BWRX300,0.329473,0.031393,9.5283
03,03-nuclear-reactor-hierarchical-uncertain,strict,5000,4,1,RollsRoyceSMR,0.439421,0.03762,8.5613
03,03-nuclear-reactor-hierarchical-uncertain,strict,5000,4,1,NuScaleVOYGR6,0.436405,0.077131,17.6741
03,03-nuclear-reactor-hierarchical-uncertain,strict,5000,4,2,APR1400,0.604723,0.069112,11.4287
03,03-nuclear-reactor-hierarchical-uncertain,strict,5000,4,2,EPR1750,0.689812,0.063535,9.2105
03,03-nuclear-reactor-hierarchical-uncertain,strict,5000,4,2,AP1000,0.750245,0.058824,7.8406
03,03-nuclear-reactor-hierarchical-uncertain,strict,5000,4,2,BWRX300,0.468018,0.068025,14.5347
03,03-nuclear-reactor-hierarchical-uncertain,strict,5000,4,2,RollsRoyceSMR,0.436119,0.061099,14.0097
03,03-nuclear-reactor-hierarchical-uncertain,strict,5000,4,2,NuScaleVOYGR6,0.316312,0.086821,27.448
03,03-nuclear-reactor-hierarchical-uncertain,strict,10000,0,0,APR1400,0.492484,0.033946,6.8928
03,03-nuclear-reactor-hierarchical-uncertain,strict,10000,0,0,EPR1750,0.582117,0.034923,5.9993
03,03-nuclear-reactor-hierarchical-uncertain,strict,10000,0,0,AP1000,0.525662,0.029915,5.691
03,03-nuclear-reactor-hierarchical-uncertain,strict,10000,0,0,BWRX300,0.507581,0.040799,8.038
03,03-nuclear-reactor-hierarchical-uncertain,strict,10000,0,0,RollsRoyceSMR,0.501819,0.03078,6.1338
03,03-nuclear-reactor-hierarchical-uncertain,strict,10000,0,0,NuScaleVOYGR6,0.396725,0.062273,15.6968
03,03-nuclear-reactor-hierarchical-uncertain,strict,10000,0,1,APR1400,0.44961,0.034789,7.7377
03,03-nuclear-reactor-hierarchical-uncertain,strict,10000,0,1,EPR1750,0.45287,0.035453,7.8285
03,03-nuclear-reactor-hierarchical-uncertain,strict,10000,0,1,AP1000,0.503427,0.034504,6.8538
03,03-nuclear-reactor-hierarchical-uncertain,strict,10000,0,1,BWRX300,0.328786,0.031679,9.6352
03,03-nuclear-reactor-hierarchical-uncertain,strict,10000,0,1,RollsRoyceSMR,0.438657,0.037016,8.4385
03,03-nuclear-reactor-hierarchical-uncertain,strict,10000,0,1,NuScaleVOYGR6,0.437813,0.076771,17.535
03,03-nuclear-reactor-hierarchical-uncertain,strict,10000,0,2,APR1400,0.60339,0.06836,11.3294
03,03-nuclear-reactor-hierarchical-uncertain,strict,10000,0,2,EPR1750,0.686687,0.063961,9.3144
03,03-nuclear-reactor-hierarchical-uncertain,strict,10000,0,2,AP1000,0.749095,0.058899,7.8627
03,03-nuclear-reactor-hierarchical-uncertain,strict,10000,0,2,BWRX300,0.469574,0.068847,14.6616
03,03-nuclear-reactor-hierarchical-uncertain,strict,10000,0,2,RollsRoyceSMR,0.436549,0.061472,14.0813
03,03-nuclear-reactor-hierarchical-uncertain,strict,10000,0,2,NuScaleVOYGR6,0.31653,0.08582,27.1127
03,03-nuclear-reactor-hierarchical-uncertain,strict,10000,1,0,APR1400,0.492176,0.034156,6.9397
03,03-nuclear-reactor-hierarchical-uncertain,strict,10000,1,0,EPR1750,0.582374,0.034491,5.9226
03,03-nuclear-reactor-hierarchical-uncertain,strict,10000,1,0,AP1000,0.525608,0.029952,5.6985
03,03-nuclear-reactor-hierarchical-uncertain,strict,10000,1,0,BWRX300,0.508207,0.040879,8.0438
03,03-nuclear-reactor-hierarchical-uncertain,strict,10000,1,0,RollsRoyceSMR,0.501233,0.03042,6.069
03,03-nuclear-reactor-hierarchical-uncertain,strict,10000,1,0,NuScaleVOYGR6,0.396119,0.062077,15.6713
03,03-nuclear-reactor-hierarchical-uncertain,strict,10000,1,1,APR1400,0.449684,0.034706,7.7179
03,03-nuclear-reactor-hierarchical-uncertain,strict,10000,1,1,EPR1750,0.452873,0.035849,7.9159
03,03-nuclear-reactor-hierarchical-uncertain,strict,10000,1,1,AP1000,0.503966,0.034739,6.8931
03,03-nuclear-reactor-hierarchical-uncertain,strict,10000,1,1,BWRX300,0.329083,0.031675,9.6252
03,03-nuclear-reactor-hierarchical-uncertain,strict,10000,1,1,RollsRoyceSMR,0.437938,0.037786,8.6282
03,03-nuclear-reactor-hierarchical-uncertain,strict,10000,1,1,NuScaleVOYGR6,0.438267,0.077081,17.5877
03,03-nuclear-reactor-hierarchical-uncertain,strict,10000,1,2,APR1400,0.603375,0.069575,11.5309
03,03-nuclear-reactor-hierarchical-uncertain,strict,10000,1,2,EPR1750,0.687375,0.064183,9.3375
03,03-nuclear-reactor-hierarchical-uncertain,strict,10000,1,2,AP1000,0.748015,0.059711,7.9827
03,03-nuclear-reactor-hierarchical-uncertain,strict,10000,1,2,BWRX300,0.468438,0.068614,14.6473
03,03-nuclear-reactor-hierarchical-uncertain,strict,10000,1,2,RollsRoyceSMR,0.436792,0.061666,14.118
03,03-nuclear-reactor-hierarchical-uncertain,strict,10000,1,2,NuScaleVOYGR6,0.317756,0.085714,26.9749
03,03-nuclear-reactor-hierarchical-uncertain,strict,10000,2,0,APR1400,0.491884,0.034322,6.9777
03,03-nuclear-reactor-hierarchical-uncertain,strict,10000,2,0,EPR1750,0.582398,0.034475,5.9195
03,03-nuclear-reactor-hierarchical-uncertain,strict,10000,2,0,AP1000,0.526223,0.030019,5.7045
03,03-nuclear-reactor-hierarchical-uncertain,strict,10000,2,0,BWRX300,0.507722,0.040368,7.9509
03,03-nuclear-reactor-hierarchical-uncertain,strict,10000,2,0,RollsRoyceSMR,0.501567,0.030828,6.1464
03,03-nuclear-reactor-hierarchical-uncertain,strict,10000,2,0,NuScaleVOYGR6,0.3957,0.062396,15.7686
03,03-nuclear-reactor-hierarchical-uncertain,strict,10000,2,1,APR1400,0.449838,0.034508,7.6712
03,03-nuclear-reactor-hierarchical-uncertain,strict,10000,2,1,EPR1750,0.452718,0.035573,7.8576
03,03-nuclear-reactor-hierarchical-uncertain,strict,10000,2,1,AP1000,0.50383,0.034669,6.8811
03,03-nuclear-reactor-hierarchical-uncertain,strict,10000,2,1,BWRX300,0.32922,0.031431,9.5471
03,03-nuclear-reactor-hierarchical-uncertain,strict,10000,2,1,RollsRoyceSMR,0.437362,0.037101,8.4829
03,03-nuclear-reactor-hierarchical-uncertain,strict,10000,2,1,NuScaleVOYGR6,0.437777,0.0763,17.429
03,03-nuclear-reactor-hierarchical-uncertain,strict,10000,2,2,APR1400,0.603187,0.06969,11.5536
03,03-nuclear-reactor-hierarchical-uncertain,strict,10000,2,2,EPR1750,0.687676,0.064927,9.4415
03,03-nuclear-reactor-hierarchical-uncertain,strict,10000,2,2,AP1000,0.747815,0.059663,7.9784
03,03-nuclear-reactor-hierarchical-uncertain,strict,10000,2,2,BWRX300,0.468986,0.068549,14.6165
03,03-nuclear-reactor-hierarchical-uncertain,strict,10000,2,2,RollsRoyceSMR,0.436954,0.062022,14.1943
03,03-nuclear-reactor-hierarchical-uncertain,strict,10000,2,2,NuScaleVOYGR6,0.317171,0.085331,26.9037
03,03-nuclear-reactor-hierarchical-uncertain,strict,10000,3,0,APR1400,0.492123,0.033937,6.896
03,03-nuclear-reactor-hierarchical-uncertain,strict,10000,3,0,EPR1750,0.58227,0.034326,5.8952
03,03-nuclear-reactor-hierarchical-uncertain,strict,10000,3,0,AP1000,0.525595,0.029654,5.6419
03,03-nuclear-reactor-hierarchical-uncertain,strict,10000,3,0,BWRX300,0.507898,0.040182,7.9114
03,03-nuclear-reactor-hierarchical-uncertain,strict,10000,3,0,RollsRoyceSMR,0.501541,0.030954,6.1717
03,03-nuclear-reactor-hierarchical-uncertain,strict,10000,3,0,NuScaleVOYGR6,0.396285,0.062533,15.7799
03,03-nuclear-reactor-hierarchical-uncertain,strict,10000,3,1,APR1400,0.449136,0.035045,7.8028
03,03-nuclear-reactor-hierarchical-uncertain,strict,10000,3,1,EPR1750,0.452829,0.03533,7.802
03,03-nuclear-reactor-hierarchical-uncertain,strict,10000,3,1,AP1000,0.503638,0.03465,6.88
03,03-nuclear-reactor-hierarchical-uncertain,strict,10000,3,1,BWRX300,0.32907,0.031314,9.516
03,03-nuclear-reactor-hierarchical-uncertain,strict,10000,3,1,RollsRoyceSMR,0.437919,0.037069,8.4648
03,03-nuclear-reactor-hierarchical-uncertain,strict,10000,3,1,NuScaleVOYGR6,0.437372,0.078048,17.8448
03,03-nuclear-reactor-hierarchical-uncertain,strict,10000,3,2,APR1400,0.602912,0.069979,11.6068
03,03-nuclear-reactor-hierarchical-uncertain,strict,10000,3,2,EPR1750,0.688718,0.064134,9.312
03,03-nuclear-reactor-hierarchical-uncertain,strict,10000,3,2,AP1000,0.748825,0.059412,7.934
03,03-nuclear-reactor-hierarchical-uncertain,strict,10000,3,2,BWRX300,0.467769,0.068558,14.6565
03,03-nuclear-reactor-hierarchical-uncertain,strict,10000,3,2,RollsRoyceSMR,0.436734,0.061587,14.1016
03,03-nuclear-reactor-hierarchical-uncertain,strict,10000,3,2,NuScaleVOYGR6,0.317086,0.086017,27.1273
03,03-nuclear-reactor-hierarchical-uncertain,strict,10000,4,0,APR1400,0.492058,0.034317,6.9742
03,03-nuclear-reactor-hierarchical-uncertain,strict,10000,4,0,EPR1750,0.581939,0.03477,5.9749
03,03-nuclear-reactor-hierarchical-uncertain,strict,10000,4,0,AP1000,0.525893,0.030034,5.7111
03,03-nuclear-reactor-hierarchical-uncertain,strict,10000,4,0,BWRX300,0.508617,0.040839,8.0295
03,03-nuclear-reactor-hierarchical-uncertain,strict,10000,4,0,RollsRoyceSMR,0.501652,0.030961,6.1718
03,03-nuclear-reactor-hierarchical-uncertain,strict,10000,4,0,NuScaleVOYGR6,0.396678,0.0623,15.7055
03,03-nuclear-reactor-hierarchical-uncertain,strict,10000,4,1,APR1400,0.449742,0.034197,7.6038
03,03-nuclear-reactor-hierarchical-uncertain,strict,10000,4,1,EPR1750,0.45287,0.035516,7.8423
03,03-nuclear-reactor-hierarchical-uncertain,strict,10000,4,1,AP1000,0.504017,0.034567,6.8583
03,03-nuclear-reactor-hierarchical-uncertain,strict,10000,4,1,BWRX300,0.32836,0.031533,9.6033
03,03-nuclear-reactor-hierarchical-uncertain,strict,10000,4,1,RollsRoyceSMR,0.438227,0.037346,8.5222
03,03-nuclear-reactor-hierarchical-uncertain,strict,10000,4,1,NuScaleVOYGR6,0.436573,0.076614,17.5489
03,03-nuclear-reactor-hierarchical-uncertain,strict,10000,4,2,APR1400,0.603024,0.068895,11.4249
03,03-nuclear-reactor-hierarchical-uncertain,strict,10000,4,2,EPR1750,0.687435,0.064509,9.384
03,03-nuclear-reactor-hierarchical-uncertain,strict,10000,4,2,AP1000,0.747055,0.061226,8.1957
03,03-nuclear-reactor-hierarchical-uncertain,strict,10000,4,2,BWRX300,0.470321,0.068733,14.614
03,03-nuclear-reactor-hierarchical-uncertain,strict,10000,4,2,RollsRoyceSMR,0.437596,0.061419,14.0354
03,03-nuclear-reactor-hierarchical-uncertain,strict,10000,4,2,NuScaleVOYGR6,0.318662,0.08559,26.8592
03,03-nuclear-reactor-hierarchical-uncertain,non_strict,50,0,pooled,APR1400,0.523643,0.096787,18.4834
03,03-nuclear-reactor-hierarchical-uncertain,non_strict,50,0,pooled,EPR1750,0.587154,0.093602,15.9417
03,03-nuclear-reactor-hierarchical-uncertain,non_strict,50,0,pooled,AP1000,0.599614,0.111246,18.553
03,03-nuclear-reactor-hierarchical-uncertain,non_strict,50,0,pooled,BWRX300,0.457087,0.088524,19.3669
03,03-nuclear-reactor-hierarchical-uncertain,non_strict,50,0,pooled,RollsRoyceSMR,0.483682,0.093245,19.2781
03,03-nuclear-reactor-hierarchical-uncertain,non_strict,50,0,pooled,NuScaleVOYGR6,0.399771,0.11702,29.2718
03,03-nuclear-reactor-hierarchical-uncertain,non_strict,50,1,pooled,APR1400,0.496155,0.077587,15.6377
03,03-nuclear-reactor-hierarchical-uncertain,non_strict,50,1,pooled,EPR1750,0.56719,0.090358,15.9308
03,03-nuclear-reactor-hierarchical-uncertain,non_strict,50,1,pooled,AP1000,0.594705,0.108958,18.3214
03,03-nuclear-reactor-hierarchical-uncertain,non_strict,50,1,pooled,BWRX300,0.439761,0.082499,18.7599
03,03-nuclear-reactor-hierarchical-uncertain,non_strict,50,1,pooled,RollsRoyceSMR,0.468024,0.09085,19.4114
03,03-nuclear-reactor-hierarchical-uncertain,non_strict,50,1,pooled,NuScaleVOYGR6,0.405499,0.140763,34.7134
03,03-nuclear-reactor-hierarchical-uncertain,non_strict,50,2,pooled,APR1400,0.510631,0.081587,15.9777
03,03-nuclear-reactor-hierarchical-uncertain,non_strict,50,2,pooled,EPR1750,0.605436,0.098857,16.3283
03,03-nuclear-reactor-hierarchical-uncertain,non_strict,50,2,pooled,AP1000,0.609399,0.090365,14.8285
03,03-nuclear-reactor-hierarchical-uncertain,non_strict,50,2,pooled,BWRX300,0.427732,0.089302,20.8781
03,03-nuclear-reactor-hierarchical-uncertain,non_strict,50,2,pooled,RollsRoyceSMR,0.449204,0.093058,20.7162
03,03-nuclear-reactor-hierarchical-uncertain,non_strict,50,2,pooled,NuScaleVOYGR6,0.368851,0.100212,27.1687
03,03-nuclear-reactor-hierarchical-uncertain,non_strict,50,3,pooled,APR1400,0.530184,0.094535,17.8306
03,03-nuclear-reactor-hierarchical-uncertain,non_strict,50,3,pooled,EPR1750,0.579499,0.096956,16.731
03,03-nuclear-reactor-hierarchical-uncertain,non_strict,50,3,pooled,AP1000,0.608343,0.088472,14.5431
03,03-nuclear-reactor-hierarchical-uncertain,non_strict,50,3,pooled,BWRX300,0.443608,0.084447,19.0364
03,03-nuclear-reactor-hierarchical-uncertain,non_strict,50,3,pooled,RollsRoyceSMR,0.47476,0.089874,18.9304
03,03-nuclear-reactor-hierarchical-uncertain,non_strict,50,3,pooled,NuScaleVOYGR6,0.394609,0.118925,30.1374
03,03-nuclear-reactor-hierarchical-uncertain,non_strict,50,4,pooled,APR1400,0.477063,0.080959,16.9704
03,03-nuclear-reactor-hierarchical-uncertain,non_strict,50,4,pooled,EPR1750,0.583727,0.084003,14.3908
03,03-nuclear-reactor-hierarchical-uncertain,non_strict,50,4,pooled,AP1000,0.575737,0.102188,17.7491
03,03-nuclear-reactor-hierarchical-uncertain,non_strict,50,4,pooled,BWRX300,0.442026,0.102327,23.1496
03,03-nuclear-reactor-hierarchical-uncertain,non_strict,50,4,pooled,RollsRoyceSMR,0.468049,0.109665,23.4302
03,03-nuclear-reactor-hierarchical-uncertain,non_strict,50,4,pooled,NuScaleVOYGR6,0.405921,0.128094,31.5565
03,03-nuclear-reactor-hierarchical-uncertain,non_strict,100,0,pooled,APR1400,0.509236,0.084372,16.5683
03,03-nuclear-reactor-hierarchical-uncertain,non_strict,100,0,pooled,EPR1750,0.587154,0.086446,14.7229
03,03-nuclear-reactor-hierarchical-uncertain,non_strict,100,0,pooled,AP1000,0.580561,0.100085,17.2393
03,03-nuclear-reactor-hierarchical-uncertain,non_strict,100,0,pooled,BWRX300,0.444509,0.087931,19.7817
03,03-nuclear-reactor-hierarchical-uncertain,non_strict,100,0,pooled,RollsRoyceSMR,0.456561,0.098485,21.5711
03,03-nuclear-reactor-hierarchical-uncertain,non_strict,100,0,pooled,NuScaleVOYGR6,0.369006,0.112412,30.4634
03,03-nuclear-reactor-hierarchical-uncertain,non_strict,100,1,pooled,APR1400,0.508021,0.089663,17.6494
03,03-nuclear-reactor-hierarchical-uncertain,non_strict,100,1,pooled,EPR1750,0.561926,0.092802,16.5149
03,03-nuclear-reactor-hierarchical-uncertain,non_strict,100,1,pooled,AP1000,0.58144,0.10582,18.1997
03,03-nuclear-reactor-hierarchical-uncertain,non_strict,100,1,pooled,BWRX300,0.423568,0.075921,17.9241
03,03-nuclear-reactor-hierarchical-uncertain,non_strict,100,1,pooled,RollsRoyceSMR,0.462853,0.095677,20.6712
03,03-nuclear-reactor-hierarchical-uncertain,non_strict,100,1,pooled,NuScaleVOYGR6,0.392196,0.120528,30.7316
03,03-nuclear-reactor-hierarchical-uncertain,non_strict,100,2,pooled,APR1400,0.520651,0.074982,14.4016
03,03-nuclear-reactor-hierarchical-uncertain,non_strict,100,2,pooled,EPR1750,0.587027,0.094314,16.0663
03,03-nuclear-reactor-hierarchical-uncertain,non_strict,100,2,pooled,AP1000,0.594584,0.102518,17.242
03,03-nuclear-reactor-hierarchical-uncertain,non_strict,100,2,pooled,BWRX300,0.44438,0.086861,19.5466
03,03-nuclear-reactor-hierarchical-uncertain,non_strict,100,2,pooled,RollsRoyceSMR,0.466908,0.091037,19.4978
03,03-nuclear-reactor-hierarchical-uncertain,non_strict,100,2,pooled,NuScaleVOYGR6,0.372923,0.109162,29.2721
03,03-nuclear-reactor-hierarchical-uncertain,non_strict,100,3,pooled,APR1400,0.521298,0.086952,16.6798
03,03-nuclear-reactor-hierarchical-uncertain,non_strict,100,3,pooled,EPR1750,0.587857,0.084231,14.3284
03,03-nuclear-reactor-hierarchical-uncertain,non_strict,100,3,pooled,AP1000,0.600807,0.104451,17.3851
03,03-nuclear-reactor-hierarchical-uncertain,non_strict,100,3,pooled,BWRX300,0.455159,0.089364,19.6337
03,03-nuclear-reactor-hierarchical-uncertain,non_strict,100,3,pooled,RollsRoyceSMR,0.466154,0.09162,19.6545
03,03-nuclear-reactor-hierarchical-uncertain,non_strict,100,3,pooled,NuScaleVOYGR6,0.376108,0.12152,32.3097
03,03-nuclear-reactor-hierarchical-uncertain,non_strict,100,4,pooled,APR1400,0.518027,0.078768,15.2053
03,03-nuclear-reactor-hierarchical-uncertain,non_strict,100,4,pooled,EPR1750,0.590618,0.086307,14.613
03,03-nuclear-reactor-hierarchical-uncertain,non_strict,100,4,pooled,AP1000,0.594157,0.103654,17.4456
03,03-nuclear-reactor-hierarchical-uncertain,non_strict,100,4,pooled,BWRX300,0.450315,0.091058,20.221
03,03-nuclear-reactor-hierarchical-uncertain,non_strict,100,4,pooled,RollsRoyceSMR,0.468885,0.099006,21.1152
03,03-nuclear-reactor-hierarchical-uncertain,non_strict,100,4,pooled,NuScaleVOYGR6,0.389974,0.121296,31.1036
03,03-nuclear-reactor-hierarchical-uncertain,non_strict,200,0,pooled,APR1400,0.513584,0.088687,17.2682
03,03-nuclear-reactor-hierarchical-uncertain,non_strict,200,0,pooled,EPR1750,0.581968,0.089816,15.4331
03,03-nuclear-reactor-hierarchical-uncertain,non_strict,200,0,pooled,AP1000,0.590256,0.101952,17.2725
03,03-nuclear-reactor-hierarchical-uncertain,non_strict,200,0,pooled,BWRX300,0.44692,0.088895,19.8907
03,03-nuclear-reactor-hierarchical-uncertain,non_strict,200,0,pooled,RollsRoyceSMR,0.465355,0.092282,19.8306
03,03-nuclear-reactor-hierarchical-uncertain,non_strict,200,0,pooled,NuScaleVOYGR6,0.386241,0.111613,28.8972
03,03-nuclear-reactor-hierarchical-uncertain,non_strict,200,1,pooled,APR1400,0.517498,0.084751,16.3771
03,03-nuclear-reactor-hierarchical-uncertain,non_strict,200,1,pooled,EPR1750,0.58051,0.090533,15.5954
03,03-nuclear-reactor-hierarchical-uncertain,non_strict,200,1,pooled,AP1000,0.589078,0.098873,16.7844
03,03-nuclear-reactor-hierarchical-uncertain,non_strict,200,1,pooled,BWRX300,0.442691,0.091566,20.684
03,03-nuclear-reactor-hierarchical-uncertain,non_strict,200,1,pooled,RollsRoyceSMR,0.454785,0.094017,20.6728
03,03-nuclear-reactor-hierarchical-uncertain,non_strict,200,1,pooled,NuScaleVOYGR6,0.377845,0.119138,31.5308
03,03-nuclear-reactor-hierarchical-uncertain,non_strict,200,2,pooled,APR1400,0.521825,0.087016,16.6753
03,03-nuclear-reactor-hierarchical-uncertain,non_strict,200,2,pooled,EPR1750,0.577625,0.080394,13.918
03,03-nuclear-reactor-hierarchical-uncertain,non_strict,200,2,pooled,AP1000,0.591677,0.096951,16.3858
03,03-nuclear-reactor-hierarchical-uncertain,non_strict,200,2,pooled,BWRX300,0.448047,0.085074,18.9878
03,03-nuclear-reactor-hierarchical-uncertain,non_strict,200,2,pooled,RollsRoyceSMR,0.476947,0.101297,21.2386
03,03-nuclear-reactor-hierarchical-uncertain,non_strict,200,2,pooled,NuScaleVOYGR6,0.39643,0.130855,33.0084
03,03-nuclear-reactor-hierarchical-uncertain,non_strict,200,3,pooled,APR1400,0.521311,0.082191,15.7662
03,03-nuclear-reactor-hierarchical-uncertain,non_strict,200,3,pooled,EPR1750,0.579123,0.087534,15.115
03,03-nuclear-reactor-hierarchical-uncertain,non_strict,200,3,pooled,AP1000,0.594038,0.102002,17.171
03,03-nuclear-reactor-hierarchical-uncertain,non_strict,200,3,pooled,BWRX300,0.443391,0.093205,21.021
03,03-nuclear-reactor-hierarchical-uncertain,non_strict,200,3,pooled,RollsRoyceSMR,0.470873,0.094484,20.0657
03,03-nuclear-reactor-hierarchical-uncertain,non_strict,200,3,pooled,NuScaleVOYGR6,0.40238,0.128617,31.9641
03,03-nuclear-reactor-hierarchical-uncertain,non_strict,200,4,pooled,APR1400,0.516661,0.08044,15.5691
03,03-nuclear-reactor-hierarchical-uncertain,non_strict,200,4,pooled,EPR1750,0.582781,0.084985,14.5827
03,03-nuclear-reactor-hierarchical-uncertain,non_strict,200,4,pooled,AP1000,0.593057,0.096318,16.2409
03,03-nuclear-reactor-hierarchical-uncertain,non_strict,200,4,pooled,BWRX300,0.449302,0.091927,20.4598
03,03-nuclear-reactor-hierarchical-uncertain,non_strict,200,4,pooled,RollsRoyceSMR,0.470768,0.102393,21.7502
03,03-nuclear-reactor-hierarchical-uncertain,non_strict,200,4,pooled,NuScaleVOYGR6,0.391694,0.1156,29.5128
03,03-nuclear-reactor-hierarchical-uncertain,non_strict,500,0,pooled,APR1400,0.510106,0.086882,17.0321
03,03-nuclear-reactor-hierarchical-uncertain,non_strict,500,0,pooled,EPR1750,0.584077,0.083256,14.2543
03,03-nuclear-reactor-hierarchical-uncertain,non_strict,500,0,pooled,AP1000,0.591077,0.101871,17.2349
03,03-nuclear-reactor-hierarchical-uncertain,non_strict,500,0,pooled,BWRX300,0.437051,0.088523,20.2546
03,03-nuclear-reactor-hierarchical-uncertain,non_strict,500,0,pooled,RollsRoyceSMR,0.462858,0.099256,21.4442
03,03-nuclear-reactor-hierarchical-uncertain,non_strict,500,0,pooled,NuScaleVOYGR6,0.378762,0.118915,31.3957
03,03-nuclear-reactor-hierarchical-uncertain,non_strict,500,1,pooled,APR1400,0.514071,0.086996,16.9229
03,03-nuclear-reactor-hierarchical-uncertain,non_strict,500,1,pooled,EPR1750,0.582616,0.087808,15.0714
03,03-nuclear-reactor-hierarchical-uncertain,non_strict,500,1,pooled,AP1000,0.591283,0.102308,17.3028
03,03-nuclear-reactor-hierarchical-uncertain,non_strict,500,1,pooled,BWRX300,0.441399,0.087454,19.8129
03,03-nuclear-reactor-hierarchical-uncertain,non_strict,500,1,pooled,RollsRoyceSMR,0.469408,0.102194,21.7708
03,03-nuclear-reactor-hierarchical-uncertain,non_strict,500,1,pooled,NuScaleVOYGR6,0.394507,0.124668,31.6011
03,03-nuclear-reactor-hierarchical-uncertain,non_strict,500,2,pooled,APR1400,0.512853,0.082605,16.1069
03,03-nuclear-reactor-hierarchical-uncertain,non_strict,500,2,pooled,EPR1750,0.584213,0.084815,14.5178
03,03-nuclear-reactor-hierarchical-uncertain,non_strict,500,2,pooled,AP1000,0.589248,0.1042,17.6836
03,03-nuclear-reactor-hierarchical-uncertain,non_strict,500,2,pooled,BWRX300,0.441585,0.090411,20.4743
03,03-nuclear-reactor-hierarchical-uncertain,non_strict,500,2,pooled,RollsRoyceSMR,0.466529,0.096444,20.6726
03,03-nuclear-reactor-hierarchical-uncertain,non_strict,500,2,pooled,NuScaleVOYGR6,0.388316,0.117189,30.1789
03,03-nuclear-reactor-hierarchical-uncertain,non_strict,500,3,pooled,APR1400,0.517146,0.087788,16.9755
03,03-nuclear-reactor-hierarchical-uncertain,non_strict,500,3,pooled,EPR1750,0.574742,0.085776,14.9243
03,03-nuclear-reactor-hierarchical-uncertain,non_strict,500,3,pooled,AP1000,0.590519,0.104299,17.6622
03,03-nuclear-reactor-hierarchical-uncertain,non_strict,500,3,pooled,BWRX300,0.44478,0.087049,19.5712
03,03-nuclear-reactor-hierarchical-uncertain,non_strict,500,3,pooled,RollsRoyceSMR,0.468806,0.096678,20.6222
03,03-nuclear-reactor-hierarchical-uncertain,non_strict,500,3,pooled,NuScaleVOYGR6,0.387771,0.12418,32.0241
03,03-nuclear-reactor-hierarchical-uncertain,non_strict,500,4,pooled,APR1400,0.518849,0.08592,16.5598
03,03-nuclear-reactor-hierarchical-uncertain,non_strict,500,4,pooled,EPR1750,0.584152,0.085976,14.718
03,03-nuclear-reactor-hierarchical-uncertain,non_strict,500,4,pooled,AP1000,0.593371,0.096997,16.3468
03,03-nuclear-reactor-hierarchical-uncertain,non_strict,500,4,pooled,BWRX300,0.447894,0.089449,19.971
03,03-nuclear-reactor-hierarchical-uncertain,non_strict,500,4,pooled,RollsRoyceSMR,0.474141,0.097369,20.5359
03,03-nuclear-reactor-hierarchical-uncertain,non_strict,500,4,pooled,NuScaleVOYGR6,0.396243,0.123471,31.1605
03,03-nuclear-reactor-hierarchical-uncertain,non_strict,1000,0,pooled,APR1400,0.51016,0.085661,16.7911
03,03-nuclear-reactor-hierarchical-uncertain,non_strict,1000,0,pooled,EPR1750,0.580351,0.088523,15.2533
03,03-nuclear-reactor-hierarchical-uncertain,non_strict,1000,0,pooled,AP1000,0.589348,0.1011,17.1546
03,03-nuclear-reactor-hierarchical-uncertain,non_strict,1000,0,pooled,BWRX300,0.439412,0.092869,21.1347
03,03-nuclear-reactor-hierarchical-uncertain,non_strict,1000,0,pooled,RollsRoyceSMR,0.466559,0.099202,21.2625
03,03-nuclear-reactor-hierarchical-uncertain,non_strict,1000,0,pooled,NuScaleVOYGR6,0.386251,0.119625,30.9708
03,03-nuclear-reactor-hierarchical-uncertain,non_strict,1000,1,pooled,APR1400,0.517647,0.086014,16.6164
03,03-nuclear-reactor-hierarchical-uncertain,non_strict,1000,1,pooled,EPR1750,0.58046,0.085985,14.8132
03,03-nuclear-reactor-hierarchical-uncertain,non_strict,1000,1,pooled,AP1000,0.594488,0.101025,16.9936
03,03-nuclear-reactor-hierarchical-uncertain,non_strict,1000,1,pooled,BWRX300,0.439547,0.085791,19.5181
03,03-nuclear-reactor-hierarchical-uncertain,non_strict,1000,1,pooled,RollsRoyceSMR,0.471648,0.096811,20.5261
03,03-nuclear-reactor-hierarchical-uncertain,non_strict,1000,1,pooled,NuScaleVOYGR6,0.393374,0.122357,31.1045
03,03-nuclear-reactor-hierarchical-uncertain,non_strict,1000,2,pooled,APR1400,0.515512,0.088297,17.1281
03,03-nuclear-reactor-hierarchical-uncertain,non_strict,1000,2,pooled,EPR1750,0.583108,0.085761,14.7076
03,03-nuclear-reactor-hierarchical-uncertain,non_strict,1000,2,pooled,AP1000,0.59091,0.103665,17.5433
03,03-nuclear-reactor-hierarchical-uncertain,non_strict,1000,2,pooled,BWRX300,0.444949,0.085267,19.1634
03,03-nuclear-reactor-hierarchical-uncertain,non_strict,1000,2,pooled,RollsRoyceSMR,0.469659,0.096367,20.5185
03,03-nuclear-reactor-hierarchical-uncertain,non_strict,1000,2,pooled,NuScaleVOYGR6,0.386811,0.118943,30.7497
03,03-nuclear-reactor-hierarchical-uncertain,non_strict,1000,3,pooled,APR1400,0.518771,0.086336,16.6425
03,03-nuclear-reactor-hierarchical-uncertain,non_strict,1000,3,pooled,EPR1750,0.583229,0.087547,15.0108
03,03-nuclear-reactor-hierarchical-uncertain,non_strict,1000,3,pooled,AP1000,0.591471,0.102433,17.3183
03,03-nuclear-reactor-hierarchical-uncertain,non_strict,1000,3,pooled,BWRX300,0.443617,0.091684,20.6674
03,03-nuclear-reactor-hierarchical-uncertain,non_strict,1000,3,pooled,RollsRoyceSMR,0.471148,0.098353,20.8751
03,03-nuclear-reactor-hierarchical-uncertain,non_strict,1000,3,pooled,NuScaleVOYGR6,0.391611,0.121152,30.9368
03,03-nuclear-reactor-hierarchical-uncertain,non_strict,1000,4,pooled,APR1400,0.518096,0.085088,16.4232
03,03-nuclear-reactor-hierarchical-uncertain,non_strict,1000,4,pooled,EPR1750,0.581883,0.088004,15.124
03,03-nuclear-reactor-hierarchical-uncertain,non_strict,1000,4,pooled,AP1000,0.596236,0.105362,17.6711
03,03-nuclear-reactor-hierarchical-uncertain,non_strict,1000,4,pooled,BWRX300,0.446347,0.089314,20.01
03,03-nuclear-reactor-hierarchical-uncertain,non_strict,1000,4,pooled,RollsRoyceSMR,0.471127,0.097568,20.7095
03,03-nuclear-reactor-hierarchical-uncertain,non_strict,1000,4,pooled,NuScaleVOYGR6,0.38919,0.123634,31.767
03,03-nuclear-reactor-hierarchical-uncertain,non_strict,2000,0,pooled,APR1400,0.514258,0.084993,16.5274
03,03-nuclear-reactor-hierarchical-uncertain,non_strict,2000,0,pooled,EPR1750,0.580927,0.087378,15.0412
03,03-nuclear-reactor-hierarchical-uncertain,non_strict,2000,0,pooled,AP1000,0.591127,0.101254,17.129
03,03-nuclear-reactor-hierarchical-uncertain,non_strict,2000,0,pooled,BWRX300,0.442944,0.087582,19.7727
03,03-nuclear-reactor-hierarchical-uncertain,non_strict,2000,0,pooled,RollsRoyceSMR,0.468276,0.098664,21.0696
03,03-nuclear-reactor-hierarchical-uncertain,non_strict,2000,0,pooled,NuScaleVOYGR6,0.388537,0.120377,30.9822
03,03-nuclear-reactor-hierarchical-uncertain,non_strict,2000,1,pooled,APR1400,0.520147,0.086559,16.6413
03,03-nuclear-reactor-hierarchical-uncertain,non_strict,2000,1,pooled,EPR1750,0.582386,0.08866,15.2236
03,03-nuclear-reactor-hierarchical-uncertain,non_strict,2000,1,pooled,AP1000,0.595382,0.102576,17.2285
03,03-nuclear-reactor-hierarchical-uncertain,non_strict,2000,1,pooled,BWRX300,0.445237,0.089966,20.2063
03,03-nuclear-reactor-hierarchical-uncertain,non_strict,2000,1,pooled,RollsRoyceSMR,0.475263,0.097574,20.5305
03,03-nuclear-reactor-hierarchical-uncertain,non_strict,2000,1,pooled,NuScaleVOYGR6,0.397388,0.122639,30.8612
03,03-nuclear-reactor-hierarchical-uncertain,non_strict,2000,2,pooled,APR1400,0.520358,0.086688,16.6593
03,03-nuclear-reactor-hierarchical-uncertain,non_strict,2000,2,pooled,EPR1750,0.582421,0.08761,15.0424
03,03-nuclear-reactor-hierarchical-uncertain,non_strict,2000,2,pooled,AP1000,0.597948,0.102201,17.0919
03,03-nuclear-reactor-hierarchical-uncertain,non_strict,2000,2,pooled,BWRX300,0.44139,0.088642,20.0824
03,03-nuclear-reactor-hierarchical-uncertain,non_strict,2000,2,pooled,RollsRoyceSMR,0.467693,0.097872,20.9266
03,03-nuclear-reactor-hierarchical-uncertain,non_strict,2000,2,pooled,NuScaleVOYGR6,0.387995,0.123252,31.7663
03,03-nuclear-reactor-hierarchical-uncertain,non_strict,2000,3,pooled,APR1400,0.515344,0.085969,16.6818
03,03-nuclear-reactor-hierarchical-uncertain,non_strict,2000,3,pooled,EPR1750,0.578724,0.088719,15.3301
03,03-nuclear-reactor-hierarchical-uncertain,non_strict,2000,3,pooled,AP1000,0.593092,0.103095,17.3826
03,03-nuclear-reactor-hierarchical-uncertain,non_strict,2000,3,pooled,BWRX300,0.446324,0.087528,19.6109
03,03-nuclear-reactor-hierarchical-uncertain,non_strict,2000,3,pooled,RollsRoyceSMR,0.469614,0.098506,20.976
03,03-nuclear-reactor-hierarchical-uncertain,non_strict,2000,3,pooled,NuScaleVOYGR6,0.387102,0.121943,31.5016
03,03-nuclear-reactor-hierarchical-uncertain,non_strict,2000,4,pooled,APR1400,0.515151,0.08497,16.4942
03,03-nuclear-reactor-hierarchical-uncertain,non_strict,2000,4,pooled,EPR1750,0.582969,0.085854,14.727
03,03-nuclear-reactor-hierarchical-uncertain,non_strict,2000,4,pooled,AP1000,0.592946,0.101638,17.1411
03,03-nuclear-reactor-hierarchical-uncertain,non_strict,2000,4,pooled,BWRX300,0.441918,0.088275,19.9753
03,03-nuclear-reactor-hierarchical-uncertain,non_strict,2000,4,pooled,RollsRoyceSMR,0.466631,0.098303,21.0665
03,03-nuclear-reactor-hierarchical-uncertain,non_strict,2000,4,pooled,NuScaleVOYGR6,0.384335,0.120337,31.3105
03,03-nuclear-reactor-hierarchical-uncertain,non_strict,5000,0,pooled,APR1400,0.516989,0.086521,16.7355
03,03-nuclear-reactor-hierarchical-uncertain,non_strict,5000,0,pooled,EPR1750,0.58021,0.087943,15.1571
03,03-nuclear-reactor-hierarchical-uncertain,non_strict,5000,0,pooled,AP1000,0.591815,0.103715,17.5248
03,03-nuclear-reactor-hierarchical-uncertain,non_strict,5000,0,pooled,BWRX300,0.442263,0.089221,20.1738
03,03-nuclear-reactor-hierarchical-uncertain,non_strict,5000,0,pooled,RollsRoyceSMR,0.468212,0.097556,20.836
03,03-nuclear-reactor-hierarchical-uncertain,non_strict,5000,0,pooled,NuScaleVOYGR6,0.391002,0.121291,31.0206
03,03-nuclear-reactor-hierarchical-uncertain,non_strict,5000,1,pooled,APR1400,0.517946,0.084492,16.3129
03,03-nuclear-reactor-hierarchical-uncertain,non_strict,5000,1,pooled,EPR1750,0.581245,0.087133,14.9908
03,03-nuclear-reactor-hierarchical-uncertain,non_strict,5000,1,pooled,AP1000,0.59278,0.101132,17.0606
03,03-nuclear-reactor-hierarchical-uncertain,non_strict,5000,1,pooled,BWRX300,0.445053,0.090164,20.2593
03,03-nuclear-reactor-hierarchical-uncertain,non_strict,5000,1,pooled,RollsRoyceSMR,0.472118,0.098107,20.7802
03,03-nuclear-reactor-hierarchical-uncertain,non_strict,5000,1,pooled,NuScaleVOYGR6,0.393277,0.121663,30.9357
03,03-nuclear-reactor-hierarchical-uncertain,non_strict,5000,2,pooled,APR1400,0.516888,0.084511,16.3499
03,03-nuclear-reactor-hierarchical-uncertain,non_strict,5000,2,pooled,EPR1750,0.582071,0.087074,14.9593
03,03-nuclear-reactor-hierarchical-uncertain,non_strict,5000,2,pooled,AP1000,0.592798,0.101749,17.1642
03,03-nuclear-reactor-hierarchical-uncertain,non_strict,5000,2,pooled,BWRX300,0.442494,0.089014,20.1165
03,03-nuclear-reactor-hierarchical-uncertain,non_strict,5000,2,pooled,RollsRoyceSMR,0.46981,0.098307,20.9247
03,03-nuclear-reactor-hierarchical-uncertain,non_strict,5000,2,pooled,NuScaleVOYGR6,0.390656,0.122015,31.2333
03,03-nuclear-reactor-hierarchical-uncertain,non_strict,5000,3,pooled,APR1400,0.516151,0.085517,16.5681
03,03-nuclear-reactor-hierarchical-uncertain,non_strict,5000,3,pooled,EPR1750,0.580648,0.086983,14.9803
03,03-nuclear-reactor-hierarchical-uncertain,non_strict,5000,3,pooled,AP1000,0.59248,0.101492,17.1301
03,03-nuclear-reactor-hierarchical-uncertain,non_strict,5000,3,pooled,BWRX300,0.443254,0.088305,19.9219
03,03-nuclear-reactor-hierarchical-uncertain,non_strict,5000,3,pooled,RollsRoyceSMR,0.468546,0.097555,20.8208
03,03-nuclear-reactor-hierarchical-uncertain,non_strict,5000,3,pooled,NuScaleVOYGR6,0.38737,0.119948,30.9648
03,03-nuclear-reactor-hierarchical-uncertain,non_strict,5000,4,pooled,APR1400,0.516048,0.086515,16.765
03,03-nuclear-reactor-hierarchical-uncertain,non_strict,5000,4,pooled,EPR1750,0.579939,0.088442,15.2502
03,03-nuclear-reactor-hierarchical-uncertain,non_strict,5000,4,pooled,AP1000,0.591056,0.103083,17.4405
03,03-nuclear-reactor-hierarchical-uncertain,non_strict,5000,4,pooled,BWRX300,0.441473,0.088432,20.0311
03,03-nuclear-reactor-hierarchical-uncertain,non_strict,5000,4,pooled,RollsRoyceSMR,0.467175,0.096563,20.6696
03,03-nuclear-reactor-hierarchical-uncertain,non_strict,5000,4,pooled,NuScaleVOYGR6,0.390605,0.121414,31.0835
03,03-nuclear-reactor-hierarchical-uncertain,non_strict,10000,0,pooled,APR1400,0.519314,0.086711,16.6972
03,03-nuclear-reactor-hierarchical-uncertain,non_strict,10000,0,pooled,EPR1750,0.582204,0.087465,15.0232
03,03-nuclear-reactor-hierarchical-uncertain,non_strict,10000,0,pooled,AP1000,0.594953,0.102713,17.264
03,03-nuclear-reactor-hierarchical-uncertain,non_strict,10000,0,pooled,BWRX300,0.444723,0.088417,19.8813
03,03-nuclear-reactor-hierarchical-uncertain,non_strict,10000,0,pooled,RollsRoyceSMR,0.470643,0.098542,20.9378
03,03-nuclear-reactor-hierarchical-uncertain,non_strict,10000,0,pooled,NuScaleVOYGR6,0.39066,0.122629,31.3903
03,03-nuclear-reactor-hierarchical-uncertain,non_strict,10000,1,pooled,APR1400,0.518535,0.085848,16.5558
03,03-nuclear-reactor-hierarchical-uncertain,non_strict,10000,1,pooled,EPR1750,0.579991,0.087522,15.0903
03,03-nuclear-reactor-hierarchical-uncertain,non_strict,10000,1,pooled,AP1000,0.591334,0.102004,17.2498
03,03-nuclear-reactor-hierarchical-uncertain,non_strict,10000,1,pooled,BWRX300,0.443123,0.088829,20.0462
03,03-nuclear-reactor-hierarchical-uncertain,non_strict,10000,1,pooled,RollsRoyceSMR,0.470928,0.098185,20.8493
03,03-nuclear-reactor-hierarchical-uncertain,non_strict,10000,1,pooled,NuScaleVOYGR6,0.392617,0.121328,30.9023
03,03-nuclear-reactor-hierarchical-uncertain,non_strict,10000,2,pooled,APR1400,0.515613,0.085787,16.6379
03,03-nuclear-reactor-hierarchical-uncertain,non_strict,10000,2,pooled,EPR1750,0.580134,0.087914,15.1541
03,03-nuclear-reactor-hierarchical-uncertain,non_strict,10000,2,pooled,AP1000,0.59153,0.102581,17.3416
03,03-nuclear-reactor-hierarchical-uncertain,non_strict,10000,2,pooled,BWRX300,0.441942,0.0881,19.9347
03,03-nuclear-reactor-hierarchical-uncertain,non_strict,10000,2,pooled,RollsRoyceSMR,0.469104,0.096893,20.655
03,03-nuclear-reactor-hierarchical-uncertain,non_strict,10000,2,pooled,NuScaleVOYGR6,0.390274,0.120545,30.8873
03,03-nuclear-reactor-hierarchical-uncertain,non_strict,10000,3,pooled,APR1400,0.516574,0.08564,16.5784
03,03-nuclear-reactor-hierarchical-uncertain,non_strict,10000,3,pooled,EPR1750,0.580004,0.087211,15.0363
03,03-nuclear-reactor-hierarchical-uncertain,non_strict,10000,3,pooled,AP1000,0.591084,0.102449,17.3324
03,03-nuclear-reactor-hierarchical-uncertain,non_strict,10000,3,pooled,BWRX300,0.442918,0.088125,19.8963
03,03-nuclear-reactor-hierarchical-uncertain,non_strict,10000,3,pooled,RollsRoyceSMR,0.470388,0.097115,20.6458
03,03-nuclear-reactor-hierarchical-uncertain,non_strict,10000,3,pooled,NuScaleVOYGR6,0.391622,0.121791,31.0991
03,03-nuclear-reactor-hierarchical-uncertain,non_strict,10000,4,pooled,APR1400,0.517463,0.085972,16.6142
03,03-nuclear-reactor-hierarchical-uncertain,non_strict,10000,4,pooled,EPR1750,0.581142,0.087908,15.1268
03,03-nuclear-reactor-hierarchical-uncertain,non_strict,10000,4,pooled,AP1000,0.592024,0.102999,17.3978
03,03-nuclear-reactor-hierarchical-uncertain,non_strict,10000,4,pooled,BWRX300,0.440499,0.088633,20.1211
03,03-nuclear-reactor-hierarchical-uncertain,non_strict,10000,4,pooled,RollsRoyceSMR,0.467672,0.097766,20.9049
03,03-nuclear-reactor-hierarchical-uncertain,non_strict,10000,4,pooled,NuScaleVOYGR6,0.388725,0.122009,31.3869
04,04-tradeoff-elicitation-sun-kroesen-rezaei-2026,strict,50,0,0,"Apartment A (cheap, far)",0.584187,0.0,0.0
04,04-tradeoff-elicitation-sun-kroesen-rezaei-2026,strict,50,0,0,"Apartment B (expensive, close)",0.39725,0.0,0.0
04,04-tradeoff-elicitation-sun-kroesen-rezaei-2026,strict,50,1,0,"Apartment A (cheap, far)",0.584187,0.0,0.0
04,04-tradeoff-elicitation-sun-kroesen-rezaei-2026,strict,50,1,0,"Apartment B (expensive, close)",0.39725,0.0,0.0
04,04-tradeoff-elicitation-sun-kroesen-rezaei-2026,strict,50,2,0,"Apartment A (cheap, far)",0.584187,0.0,0.0
04,04-tradeoff-elicitation-sun-kroesen-rezaei-2026,strict,50,2,0,"Apartment B (expensive, close)",0.39725,0.0,0.0
04,04-tradeoff-elicitation-sun-kroesen-rezaei-2026,strict,50,3,0,"Apartment A (cheap, far)",0.584187,0.0,0.0
04,04-tradeoff-elicitation-sun-kroesen-rezaei-2026,strict,50,3,0,"Apartment B (expensive, close)",0.39725,0.0,0.0
04,04-tradeoff-elicitation-sun-kroesen-rezaei-2026,strict,50,4,0,"Apartment A (cheap, far)",0.584187,0.0,0.0
04,04-tradeoff-elicitation-sun-kroesen-rezaei-2026,strict,50,4,0,"Apartment B (expensive, close)",0.39725,0.0,0.0
04,04-tradeoff-elicitation-sun-kroesen-rezaei-2026,strict,100,0,0,"Apartment A (cheap, far)",0.584187,0.0,0.0
04,04-tradeoff-elicitation-sun-kroesen-rezaei-2026,strict,100,0,0,"Apartment B (expensive, close)",0.39725,0.0,0.0
04,04-tradeoff-elicitation-sun-kroesen-rezaei-2026,strict,100,1,0,"Apartment A (cheap, far)",0.584187,0.0,0.0
04,04-tradeoff-elicitation-sun-kroesen-rezaei-2026,strict,100,1,0,"Apartment B (expensive, close)",0.39725,0.0,0.0
04,04-tradeoff-elicitation-sun-kroesen-rezaei-2026,strict,100,2,0,"Apartment A (cheap, far)",0.584187,0.0,0.0
04,04-tradeoff-elicitation-sun-kroesen-rezaei-2026,strict,100,2,0,"Apartment B (expensive, close)",0.39725,0.0,0.0
04,04-tradeoff-elicitation-sun-kroesen-rezaei-2026,strict,100,3,0,"Apartment A (cheap, far)",0.584187,0.0,0.0
04,04-tradeoff-elicitation-sun-kroesen-rezaei-2026,strict,100,3,0,"Apartment B (expensive, close)",0.39725,0.0,0.0
04,04-tradeoff-elicitation-sun-kroesen-rezaei-2026,strict,100,4,0,"Apartment A (cheap, far)",0.584187,0.0,0.0
04,04-tradeoff-elicitation-sun-kroesen-rezaei-2026,strict,100,4,0,"Apartment B (expensive, close)",0.39725,0.0,0.0
04,04-tradeoff-elicitation-sun-kroesen-rezaei-2026,strict,200,0,0,"Apartment A (cheap, far)",0.584187,0.0,0.0
04,04-tradeoff-elicitation-sun-kroesen-rezaei-2026,strict,200,0,0,"Apartment B (expensive, close)",0.39725,0.0,0.0
04,04-tradeoff-elicitation-sun-kroesen-rezaei-2026,strict,200,1,0,"Apartment A (cheap, far)",0.584187,0.0,0.0
04,04-tradeoff-elicitation-sun-kroesen-rezaei-2026,strict,200,1,0,"Apartment B (expensive, close)",0.39725,0.0,0.0
04,04-tradeoff-elicitation-sun-kroesen-rezaei-2026,strict,200,2,0,"Apartment A (cheap, far)",0.584187,0.0,0.0
04,04-tradeoff-elicitation-sun-kroesen-rezaei-2026,strict,200,2,0,"Apartment B (expensive, close)",0.39725,0.0,0.0
04,04-tradeoff-elicitation-sun-kroesen-rezaei-2026,strict,200,3,0,"Apartment A (cheap, far)",0.584187,0.0,0.0
04,04-tradeoff-elicitation-sun-kroesen-rezaei-2026,strict,200,3,0,"Apartment B (expensive, close)",0.39725,0.0,0.0
04,04-tradeoff-elicitation-sun-kroesen-rezaei-2026,strict,200,4,0,"Apartment A (cheap, far)",0.584187,0.0,0.0
04,04-tradeoff-elicitation-sun-kroesen-rezaei-2026,strict,200,4,0,"Apartment B (expensive, close)",0.39725,0.0,0.0
04,04-tradeoff-elicitation-sun-kroesen-rezaei-2026,strict,500,0,0,"Apartment A (cheap, far)",0.584187,0.0,0.0
04,04-tradeoff-elicitation-sun-kroesen-rezaei-2026,strict,500,0,0,"Apartment B (expensive, close)",0.39725,0.0,0.0
04,04-tradeoff-elicitation-sun-kroesen-rezaei-2026,strict,500,1,0,"Apartment A (cheap, far)",0.584187,0.0,0.0
04,04-tradeoff-elicitation-sun-kroesen-rezaei-2026,strict,500,1,0,"Apartment B (expensive, close)",0.39725,0.0,0.0
04,04-tradeoff-elicitation-sun-kroesen-rezaei-2026,strict,500,2,0,"Apartment A (cheap, far)",0.584187,0.0,0.0
04,04-tradeoff-elicitation-sun-kroesen-rezaei-2026,strict,500,2,0,"Apartment B (expensive, close)",0.39725,0.0,0.0
04,04-tradeoff-elicitation-sun-kroesen-rezaei-2026,strict,500,3,0,"Apartment A (cheap, far)",0.584187,0.0,0.0
04,04-tradeoff-elicitation-sun-kroesen-rezaei-2026,strict,500,3,0,"Apartment B (expensive, close)",0.39725,0.0,0.0
04,04-tradeoff-elicitation-sun-kroesen-rezaei-2026,strict,500,4,0,"Apartment A (cheap, far)",0.584187,0.0,0.0
04,04-tradeoff-elicitation-sun-kroesen-rezaei-2026,strict,500,4,0,"Apartment B (expensive, close)",0.39725,0.0,0.0
04,04-tradeoff-elicitation-sun-kroesen-rezaei-2026,strict,1000,0,0,"Apartment A (cheap, far)",0.584187,0.0,0.0
04,04-tradeoff-elicitation-sun-kroesen-rezaei-2026,strict,1000,0,0,"Apartment B (expensive, close)",0.39725,0.0,0.0
04,04-tradeoff-elicitation-sun-kroesen-rezaei-2026,strict,1000,1,0,"Apartment A (cheap, far)",0.584187,0.0,0.0
04,04-tradeoff-elicitation-sun-kroesen-rezaei-2026,strict,1000,1,0,"Apartment B (expensive, close)",0.39725,0.0,0.0
04,04-tradeoff-elicitation-sun-kroesen-rezaei-2026,strict,1000,2,0,"Apartment A (cheap, far)",0.584187,0.0,0.0
04,04-tradeoff-elicitation-sun-kroesen-rezaei-2026,strict,1000,2,0,"Apartment B (expensive, close)",0.39725,0.0,0.0
04,04-tradeoff-elicitation-sun-kroesen-rezaei-2026,strict,1000,3,0,"Apartment A (cheap, far)",0.584187,0.0,0.0
04,04-tradeoff-elicitation-sun-kroesen-rezaei-2026,strict,1000,3,0,"Apartment B (expensive, close)",0.39725,0.0,0.0
04,04-tradeoff-elicitation-sun-kroesen-rezaei-2026,strict,1000,4,0,"Apartment A (cheap, far)",0.584187,0.0,0.0
04,04-tradeoff-elicitation-sun-kroesen-rezaei-2026,strict,1000,4,0,"Apartment B (expensive, close)",0.39725,0.0,0.0
04,04-tradeoff-elicitation-sun-kroesen-rezaei-2026,strict,2000,0,0,"Apartment A (cheap, far)",0.584187,0.0,0.0
04,04-tradeoff-elicitation-sun-kroesen-rezaei-2026,strict,2000,0,0,"Apartment B (expensive, close)",0.39725,0.0,0.0
04,04-tradeoff-elicitation-sun-kroesen-rezaei-2026,strict,2000,1,0,"Apartment A (cheap, far)",0.584187,0.0,0.0
04,04-tradeoff-elicitation-sun-kroesen-rezaei-2026,strict,2000,1,0,"Apartment B (expensive, close)",0.39725,0.0,0.0
04,04-tradeoff-elicitation-sun-kroesen-rezaei-2026,strict,2000,2,0,"Apartment A (cheap, far)",0.584187,0.0,0.0
04,04-tradeoff-elicitation-sun-kroesen-rezaei-2026,strict,2000,2,0,"Apartment B (expensive, close)",0.39725,0.0,0.0
04,04-tradeoff-elicitation-sun-kroesen-rezaei-2026,strict,2000,3,0,"Apartment A (cheap, far)",0.584187,0.0,0.0
04,04-tradeoff-elicitation-sun-kroesen-rezaei-2026,strict,2000,3,0,"Apartment B (expensive, close)",0.39725,0.0,0.0
04,04-tradeoff-elicitation-sun-kroesen-rezaei-2026,strict,2000,4,0,"Apartment A (cheap, far)",0.584187,0.0,0.0
04,04-tradeoff-elicitation-sun-kroesen-rezaei-2026,strict,2000,4,0,"Apartment B (expensive, close)",0.39725,0.0,0.0
04,04-tradeoff-elicitation-sun-kroesen-rezaei-2026,strict,5000,0,0,"Apartment A (cheap, far)",0.584187,0.0,0.0
04,04-tradeoff-elicitation-sun-kroesen-rezaei-2026,strict,5000,0,0,"Apartment B (expensive, close)",0.39725,0.0,0.0
04,04-tradeoff-elicitation-sun-kroesen-rezaei-2026,strict,5000,1,0,"Apartment A (cheap, far)",0.584187,0.0,0.0
04,04-tradeoff-elicitation-sun-kroesen-rezaei-2026,strict,5000,1,0,"Apartment B (expensive, close)",0.39725,0.0,0.0
04,04-tradeoff-elicitation-sun-kroesen-rezaei-2026,strict,5000,2,0,"Apartment A (cheap, far)",0.584187,0.0,0.0
04,04-tradeoff-elicitation-sun-kroesen-rezaei-2026,strict,5000,2,0,"Apartment B (expensive, close)",0.39725,0.0,0.0
04,04-tradeoff-elicitation-sun-kroesen-rezaei-2026,strict,5000,3,0,"Apartment A (cheap, far)",0.584187,0.0,0.0
04,04-tradeoff-elicitation-sun-kroesen-rezaei-2026,strict,5000,3,0,"Apartment B (expensive, close)",0.39725,0.0,0.0
04,04-tradeoff-elicitation-sun-kroesen-rezaei-2026,strict,5000,4,0,"Apartment A (cheap, far)",0.584187,0.0,0.0
04,04-tradeoff-elicitation-sun-kroesen-rezaei-2026,strict,5000,4,0,"Apartment B (expensive, close)",0.39725,0.0,0.0
04,04-tradeoff-elicitation-sun-kroesen-rezaei-2026,strict,10000,0,0,"Apartment A (cheap, far)",0.584187,0.0,0.0
04,04-tradeoff-elicitation-sun-kroesen-rezaei-2026,strict,10000,0,0,"Apartment B (expensive, close)",0.39725,0.0,0.0
04,04-tradeoff-elicitation-sun-kroesen-rezaei-2026,strict,10000,1,0,"Apartment A (cheap, far)",0.584187,0.0,0.0
04,04-tradeoff-elicitation-sun-kroesen-rezaei-2026,strict,10000,1,0,"Apartment B (expensive, close)",0.39725,0.0,0.0
04,04-tradeoff-elicitation-sun-kroesen-rezaei-2026,strict,10000,2,0,"Apartment A (cheap, far)",0.584187,0.0,0.0
04,04-tradeoff-elicitation-sun-kroesen-rezaei-2026,strict,10000,2,0,"Apartment B (expensive, close)",0.39725,0.0,0.0
04,04-tradeoff-elicitation-sun-kroesen-rezaei-2026,strict,10000,3,0,"Apartment A (cheap, far)",0.584187,0.0,0.0
04,04-tradeoff-elicitation-sun-kroesen-rezaei-2026,strict,10000,3,0,"Apartment B (expensive, close)",0.39725,0.0,0.0
04,04-tradeoff-elicitation-sun-kroesen-rezaei-2026,strict,10000,4,0,"Apartment A (cheap, far)",0.584187,0.0,0.0
04,04-tradeoff-elicitation-sun-kroesen-rezaei-2026,strict,10000,4,0,"Apartment B (expensive, close)",0.39725,0.0,0.0
04,04-tradeoff-elicitation-sun-kroesen-rezaei-2026,non_strict,50,0,pooled,"Apartment A (cheap, far)",0.584187,0.0,0.0
04,04-tradeoff-elicitation-sun-kroesen-rezaei-2026,non_strict,50,0,pooled,"Apartment B (expensive, close)",0.39725,0.0,0.0
04,04-tradeoff-elicitation-sun-kroesen-rezaei-2026,non_strict,50,1,pooled,"Apartment A (cheap, far)",0.584187,0.0,0.0
04,04-tradeoff-elicitation-sun-kroesen-rezaei-2026,non_strict,50,1,pooled,"Apartment B (expensive, close)",0.39725,0.0,0.0
04,04-tradeoff-elicitation-sun-kroesen-rezaei-2026,non_strict,50,2,pooled,"Apartment A (cheap, far)",0.584187,0.0,0.0
04,04-tradeoff-elicitation-sun-kroesen-rezaei-2026,non_strict,50,2,pooled,"Apartment B (expensive, close)",0.39725,0.0,0.0
04,04-tradeoff-elicitation-sun-kroesen-rezaei-2026,non_strict,50,3,pooled,"Apartment A (cheap, far)",0.584187,0.0,0.0
04,04-tradeoff-elicitation-sun-kroesen-rezaei-2026,non_strict,50,3,pooled,"Apartment B (expensive, close)",0.39725,0.0,0.0
04,04-tradeoff-elicitation-sun-kroesen-rezaei-2026,non_strict,50,4,pooled,"Apartment A (cheap, far)",0.584187,0.0,0.0
04,04-tradeoff-elicitation-sun-kroesen-rezaei-2026,non_strict,50,4,pooled,"Apartment B (expensive, close)",0.39725,0.0,0.0
04,04-tradeoff-elicitation-sun-kroesen-rezaei-2026,non_strict,100,0,pooled,"Apartment A (cheap, far)",0.584187,0.0,0.0
04,04-tradeoff-elicitation-sun-kroesen-rezaei-2026,non_strict,100,0,pooled,"Apartment B (expensive, close)",0.39725,0.0,0.0
04,04-tradeoff-elicitation-sun-kroesen-rezaei-2026,non_strict,100,1,pooled,"Apartment A (cheap, far)",0.584187,0.0,0.0
04,04-tradeoff-elicitation-sun-kroesen-rezaei-2026,non_strict,100,1,pooled,"Apartment B (expensive, close)",0.39725,0.0,0.0
04,04-tradeoff-elicitation-sun-kroesen-rezaei-2026,non_strict,100,2,pooled,"Apartment A (cheap, far)",0.584187,0.0,0.0
04,04-tradeoff-elicitation-sun-kroesen-rezaei-2026,non_strict,100,2,pooled,"Apartment B (expensive, close)",0.39725,0.0,0.0
04,04-tradeoff-elicitation-sun-kroesen-rezaei-2026,non_strict,100,3,pooled,"Apartment A (cheap, far)",0.584187,0.0,0.0
04,04-tradeoff-elicitation-sun-kroesen-rezaei-2026,non_strict,100,3,pooled,"Apartment B (expensive, close)",0.39725,0.0,0.0
04,04-tradeoff-elicitation-sun-kroesen-rezaei-2026,non_strict,100,4,pooled,"Apartment A (cheap, far)",0.584187,0.0,0.0
04,04-tradeoff-elicitation-sun-kroesen-rezaei-2026,non_strict,100,4,pooled,"Apartment B (expensive, close)",0.39725,0.0,0.0
04,04-tradeoff-elicitation-sun-kroesen-rezaei-2026,non_strict,200,0,pooled,"Apartment A (cheap, far)",0.584187,0.0,0.0
04,04-tradeoff-elicitation-sun-kroesen-rezaei-2026,non_strict,200,0,pooled,"Apartment B (expensive, close)",0.39725,0.0,0.0
04,04-tradeoff-elicitation-sun-kroesen-rezaei-2026,non_strict,200,1,pooled,"Apartment A (cheap, far)",0.584187,0.0,0.0
04,04-tradeoff-elicitation-sun-kroesen-rezaei-2026,non_strict,200,1,pooled,"Apartment B (expensive, close)",0.39725,0.0,0.0
04,04-tradeoff-elicitation-sun-kroesen-rezaei-2026,non_strict,200,2,pooled,"Apartment A (cheap, far)",0.584187,0.0,0.0
04,04-tradeoff-elicitation-sun-kroesen-rezaei-2026,non_strict,200,2,pooled,"Apartment B (expensive, close)",0.39725,0.0,0.0
04,04-tradeoff-elicitation-sun-kroesen-rezaei-2026,non_strict,200,3,pooled,"Apartment A (cheap, far)",0.584187,0.0,0.0
04,04-tradeoff-elicitation-sun-kroesen-rezaei-2026,non_strict,200,3,pooled,"Apartment B (expensive, close)",0.39725,0.0,0.0
04,04-tradeoff-elicitation-sun-kroesen-rezaei-2026,non_strict,200,4,pooled,"Apartment A (cheap, far)",0.584187,0.0,0.0
04,04-tradeoff-elicitation-sun-kroesen-rezaei-2026,non_strict,200,4,pooled,"Apartment B (expensive, close)",0.39725,0.0,0.0
04,04-tradeoff-elicitation-sun-kroesen-rezaei-2026,non_strict,500,0,pooled,"Apartment A (cheap, far)",0.584187,0.0,0.0
04,04-tradeoff-elicitation-sun-kroesen-rezaei-2026,non_strict,500,0,pooled,"Apartment B (expensive, close)",0.39725,0.0,0.0
04,04-tradeoff-elicitation-sun-kroesen-rezaei-2026,non_strict,500,1,pooled,"Apartment A (cheap, far)",0.584187,0.0,0.0
04,04-tradeoff-elicitation-sun-kroesen-rezaei-2026,non_strict,500,1,pooled,"Apartment B (expensive, close)",0.39725,0.0,0.0
04,04-tradeoff-elicitation-sun-kroesen-rezaei-2026,non_strict,500,2,pooled,"Apartment A (cheap, far)",0.584187,0.0,0.0
04,04-tradeoff-elicitation-sun-kroesen-rezaei-2026,non_strict,500,2,pooled,"Apartment B (expensive, close)",0.39725,0.0,0.0
04,04-tradeoff-elicitation-sun-kroesen-rezaei-2026,non_strict,500,3,pooled,"Apartment A (cheap, far)",0.584187,0.0,0.0
04,04-tradeoff-elicitation-sun-kroesen-rezaei-2026,non_strict,500,3,pooled,"Apartment B (expensive, close)",0.39725,0.0,0.0
04,04-tradeoff-elicitation-sun-kroesen-rezaei-2026,non_strict,500,4,pooled,"Apartment A (cheap, far)",0.584187,0.0,0.0
04,04-tradeoff-elicitation-sun-kroesen-rezaei-2026,non_strict,500,4,pooled,"Apartment B (expensive, close)",0.39725,0.0,0.0
04,04-tradeoff-elicitation-sun-kroesen-rezaei-2026,non_strict,1000,0,pooled,"Apartment A (cheap, far)",0.584187,0.0,0.0
04,04-tradeoff-elicitation-sun-kroesen-rezaei-2026,non_strict,1000,0,pooled,"Apartment B (expensive, close)",0.39725,0.0,0.0
04,04-tradeoff-elicitation-sun-kroesen-rezaei-2026,non_strict,1000,1,pooled,"Apartment A (cheap, far)",0.584187,0.0,0.0
04,04-tradeoff-elicitation-sun-kroesen-rezaei-2026,non_strict,1000,1,pooled,"Apartment B (expensive, close)",0.39725,0.0,0.0
04,04-tradeoff-elicitation-sun-kroesen-rezaei-2026,non_strict,1000,2,pooled,"Apartment A (cheap, far)",0.584187,0.0,0.0
04,04-tradeoff-elicitation-sun-kroesen-rezaei-2026,non_strict,1000,2,pooled,"Apartment B (expensive, close)",0.39725,0.0,0.0
04,04-tradeoff-elicitation-sun-kroesen-rezaei-2026,non_strict,1000,3,pooled,"Apartment A (cheap, far)",0.584187,0.0,0.0
04,04-tradeoff-elicitation-sun-kroesen-rezaei-2026,non_strict,1000,3,pooled,"Apartment B (expensive, close)",0.39725,0.0,0.0
04,04-tradeoff-elicitation-sun-kroesen-rezaei-2026,non_strict,1000,4,pooled,"Apartment A (cheap, far)",0.584187,0.0,0.0
04,04-tradeoff-elicitation-sun-kroesen-rezaei-2026,non_strict,1000,4,pooled,"Apartment B (expensive, close)",0.39725,0.0,0.0
04,04-tradeoff-elicitation-sun-kroesen-rezaei-2026,non_strict,2000,0,pooled,"Apartment A (cheap, far)",0.584187,0.0,0.0
04,04-tradeoff-elicitation-sun-kroesen-rezaei-2026,non_strict,2000,0,pooled,"Apartment B (expensive, close)",0.39725,0.0,0.0
04,04-tradeoff-elicitation-sun-kroesen-rezaei-2026,non_strict,2000,1,pooled,"Apartment A (cheap, far)",0.584187,0.0,0.0
04,04-tradeoff-elicitation-sun-kroesen-rezaei-2026,non_strict,2000,1,pooled,"Apartment B (expensive, close)",0.39725,0.0,0.0
04,04-tradeoff-elicitation-sun-kroesen-rezaei-2026,non_strict,2000,2,pooled,"Apartment A (cheap, far)",0.584187,0.0,0.0
04,04-tradeoff-elicitation-sun-kroesen-rezaei-2026,non_strict,2000,2,pooled,"Apartment B (expensive, close)",0.39725,0.0,0.0
04,04-tradeoff-elicitation-sun-kroesen-rezaei-2026,non_strict,2000,3,pooled,"Apartment A (cheap, far)",0.584187,0.0,0.0
04,04-tradeoff-elicitation-sun-kroesen-rezaei-2026,non_strict,2000,3,pooled,"Apartment B (expensive, close)",0.39725,0.0,0.0
04,04-tradeoff-elicitation-sun-kroesen-rezaei-2026,non_strict,2000,4,pooled,"Apartment A (cheap, far)",0.584187,0.0,0.0
04,04-tradeoff-elicitation-sun-kroesen-rezaei-2026,non_strict,2000,4,pooled,"Apartment B (expensive, close)",0.39725,0.0,0.0
04,04-tradeoff-elicitation-sun-kroesen-rezaei-2026,non_strict,5000,0,pooled,"Apartment A (cheap, far)",0.584187,0.0,0.0
04,04-tradeoff-elicitation-sun-kroesen-rezaei-2026,non_strict,5000,0,pooled,"Apartment B (expensive, close)",0.39725,0.0,0.0
04,04-tradeoff-elicitation-sun-kroesen-rezaei-2026,non_strict,5000,1,pooled,"Apartment A (cheap, far)",0.584187,0.0,0.0
04,04-tradeoff-elicitation-sun-kroesen-rezaei-2026,non_strict,5000,1,pooled,"Apartment B (expensive, close)",0.39725,0.0,0.0
04,04-tradeoff-elicitation-sun-kroesen-rezaei-2026,non_strict,5000,2,pooled,"Apartment A (cheap, far)",0.584187,0.0,0.0
04,04-tradeoff-elicitation-sun-kroesen-rezaei-2026,non_strict,5000,2,pooled,"Apartment B (expensive, close)",0.39725,0.0,0.0
04,04-tradeoff-elicitation-sun-kroesen-rezaei-2026,non_strict,5000,3,pooled,"Apartment A (cheap, far)",0.584187,0.0,0.0
04,04-tradeoff-elicitation-sun-kroesen-rezaei-2026,non_strict,5000,3,pooled,"Apartment B (expensive, close)",0.39725,0.0,0.0
04,04-tradeoff-elicitation-sun-kroesen-rezaei-2026,non_strict,5000,4,pooled,"Apartment A (cheap, far)",0.584187,0.0,0.0
04,04-tradeoff-elicitation-sun-kroesen-rezaei-2026,non_strict,5000,4,pooled,"Apartment B (expensive, close)",0.39725,0.0,0.0
04,04-tradeoff-elicitation-sun-kroesen-rezaei-2026,non_strict,10000,0,pooled,"Apartment A (cheap, far)",0.584187,0.0,0.0
04,04-tradeoff-elicitation-sun-kroesen-rezaei-2026,non_strict,10000,0,pooled,"Apartment B (expensive, close)",0.39725,0.0,0.0
04,04-tradeoff-elicitation-sun-kroesen-rezaei-2026,non_strict,10000,1,pooled,"Apartment A (cheap, far)",0.584187,0.0,0.0
04,04-tradeoff-elicitation-sun-kroesen-rezaei-2026,non_strict,10000,1,pooled,"Apartment B (expensive, close)",0.39725,0.0,0.0
04,04-tradeoff-elicitation-sun-kroesen-rezaei-2026,non_strict,10000,2,pooled,"Apartment A (cheap, far)",0.584187,0.0,0.0
04,04-tradeoff-elicitation-sun-kroesen-rezaei-2026,non_strict,10000,2,pooled,"Apartment B (expensive, close)",0.39725,0.0,0.0
04,04-tradeoff-elicitation-sun-kroesen-rezaei-2026,non_strict,10000,3,pooled,"Apartment A (cheap, far)",0.584187,0.0,0.0
04,04-tradeoff-elicitation-sun-kroesen-rezaei-2026,non_strict,10000,3,pooled,"Apartment B (expensive, close)",0.39725,0.0,0.0
04,04-tradeoff-elicitation-sun-kroesen-rezaei-2026,non_strict,10000,4,pooled,"Apartment A (cheap, far)",0.584187,0.0,0.0
04,04-tradeoff-elicitation-sun-kroesen-rezaei-2026,non_strict,10000,4,pooled,"Apartment B (expensive, close)",0.39725,0.0,0.0
05,05-analytically-tractable-verification,strict,50,0,0,Supplier A,0.47868,0.012238,2.5567
05,05-analytically-tractable-verification,strict,50,0,0,Supplier B,0.563492,0.01371,2.4331
05,05-analytically-tractable-verification,strict,50,0,0,Supplier C,0.576543,0.020613,3.5753
05,05-analytically-tractable-verification,strict,50,0,0,Supplier D,0.783862,0.017682,2.2558
05,05-analytically-tractable-verification,strict,50,1,0,Supplier A,0.479296,0.010461,2.1827
05,05-analytically-tractable-verification,strict,50,1,0,Supplier B,0.561686,0.013038,2.3213
05,05-analytically-tractable-verification,strict,50,1,0,Supplier C,0.574936,0.01644,2.8594
05,05-analytically-tractable-verification,strict,50,1,0,Supplier D,0.78166,0.019769,2.5291
05,05-analytically-tractable-verification,strict,50,2,0,Supplier A,0.480628,0.010939,2.2759
05,05-analytically-tractable-verification,strict,50,2,0,Supplier B,0.560855,0.014528,2.5904
05,05-analytically-tractable-verification,strict,50,2,0,Supplier C,0.577361,0.020677,3.5814
05,05-analytically-tractable-verification,strict,50,2,0,Supplier D,0.78252,0.016403,2.0961
05,05-analytically-tractable-verification,strict,50,3,0,Supplier A,0.480096,0.011229,2.3388
05,05-analytically-tractable-verification,strict,50,3,0,Supplier B,0.561308,0.014929,2.6597
05,05-analytically-tractable-verification,strict,50,3,0,Supplier C,0.583005,0.020531,3.5215
05,05-analytically-tractable-verification,strict,50,3,0,Supplier D,0.780042,0.02031,2.6036
05,05-analytically-tractable-verification,strict,50,4,0,Supplier A,0.482815,0.010591,2.1937
05,05-analytically-tractable-verification,strict,50,4,0,Supplier B,0.564121,0.0119,2.1094
05,05-analytically-tractable-verification,strict,50,4,0,Supplier C,0.586363,0.019222,3.2782
05,05-analytically-tractable-verification,strict,50,4,0,Supplier D,0.783195,0.019895,2.5402
05,05-analytically-tractable-verification,strict,100,0,0,Supplier A,0.482198,0.011589,2.4033
05,05-analytically-tractable-verification,strict,100,0,0,Supplier B,0.564788,0.014691,2.6011
05,05-analytically-tractable-verification,strict,100,0,0,Supplier C,0.58614,0.018852,3.2163
05,05-analytically-tractable-verification,strict,100,0,0,Supplier D,0.782547,0.01859,2.3756
05,05-analytically-tractable-verification,strict,100,1,0,Supplier A,0.481491,0.011778,2.4462
05,05-analytically-tractable-verification,strict,100,1,0,Supplier B,0.561406,0.014445,2.573
05,05-analytically-tractable-verification,strict,100,1,0,Supplier C,0.581007,0.019771,3.4028
05,05-analytically-tractable-verification,strict,100,1,0,Supplier D,0.782416,0.016073,2.0543
05,05-analytically-tractable-verification,strict,100,2,0,Supplier A,0.480928,0.010766,2.2386
05,05-analytically-tractable-verification,strict,100,2,0,Supplier B,0.566251,0.014573,2.5737
05,05-analytically-tractable-verification,strict,100,2,0,Supplier C,0.580631,0.019858,3.4201
05,05-analytically-tractable-verification,strict,100,2,0,Supplier D,0.781441,0.018586,2.3784
05,05-analytically-tractable-verification,strict,100,3,0,Supplier A,0.481277,0.011115,2.3095
05,05-analytically-tractable-verification,strict,100,3,0,Supplier B,0.565898,0.014736,2.604
05,05-analytically-tractable-verification,strict,100,3,0,Supplier C,0.580109,0.019285,3.3244
05,05-analytically-tractable-verification,strict,100,3,0,Supplier D,0.779834,0.017769,2.2786
05,05-analytically-tractable-verification,strict,100,4,0,Supplier A,0.479559,0.0114,2.3772
05,05-analytically-tractable-verification,strict,100,4,0,Supplier B,0.560575,0.014597,2.6039
05,05-analytically-tractable-verification,strict,100,4,0,Supplier C,0.577105,0.022336,3.8703
05,05-analytically-tractable-verification,strict,100,4,0,Supplier D,0.779841,0.018978,2.4336
05,05-analytically-tractable-verification,strict,200,0,0,Supplier A,0.480033,0.011387,2.372
05,05-analytically-tractable-verification,strict,200,0,0,Supplier B,0.563093,0.014866,2.64
05,05-analytically-tractable-verification,strict,200,0,0,Supplier C,0.582245,0.019404,3.3327
05,05-analytically-tractable-verification,strict,200,0,0,Supplier D,0.778618,0.01795,2.3053
05,05-analytically-tractable-verification,strict,200,1,0,Supplier A,0.480713,0.010839,2.2548
05,05-analytically-tractable-verification,strict,200,1,0,Supplier B,0.564115,0.016052,2.8455
05,05-analytically-tractable-verification,strict,200,1,0,Supplier C,0.582768,0.020606,3.5359
05,05-analytically-tractable-verification,strict,200,1,0,Supplier D,0.779674,0.017589,2.2559
05,05-analytically-tractable-verification,strict,200,2,0,Supplier A,0.481531,0.011039,2.2925
05,05-analytically-tractable-verification,strict,200,2,0,Supplier B,0.561392,0.014969,2.6664
05,05-analytically-tractable-verification,strict,200,2,0,Supplier C,0.582988,0.019162,3.2869
05,05-analytically-tractable-verification,strict,200,2,0,Supplier D,0.781162,0.018684,2.3918
05,05-analytically-tractable-verification,strict,200,3,0,Supplier A,0.480337,0.012095,2.5181
05,05-analytically-tractable-verification,strict,200,3,0,Supplier B,0.561388,0.015544,2.7688
05,05-analytically-tractable-verification,strict,200,3,0,Supplier C,0.58221,0.020005,3.436
05,05-analytically-tractable-verification,strict,200,3,0,Supplier D,0.782749,0.01876,2.3967
05,05-analytically-tractable-verification,strict,200,4,0,Supplier A,0.481216,0.011194,2.3263
05,05-analytically-tractable-verification,strict,200,4,0,Supplier B,0.562386,0.015472,2.7511
05,05-analytically-tractable-verification,strict,200,4,0,Supplier C,0.581314,0.020402,3.5096
05,05-analytically-tractable-verification,strict,200,4,0,Supplier D,0.780087,0.018777,2.4071
05,05-analytically-tractable-verification,strict,500,0,0,Supplier A,0.481688,0.01079,2.24
05,05-analytically-tractable-verification,strict,500,0,0,Supplier B,0.563124,0.015728,2.7931
05,05-analytically-tractable-verification,strict,500,0,0,Supplier C,0.58084,0.018744,3.2271
05,05-analytically-tractable-verification,strict,500,0,0,Supplier D,0.781538,0.017888,2.2888
05,05-analytically-tractable-verification,strict,500,1,0,Supplier A,0.481456,0.011238,2.3342
05,05-analytically-tractable-verification,strict,500,1,0,Supplier B,0.561993,0.015225,2.7091
05,05-analytically-tractable-verification,strict,500,1,0,Supplier C,0.580672,0.019974,3.4397
05,05-analytically-tractable-verification,strict,500,1,0,Supplier D,0.781819,0.018719,2.3943
05,05-analytically-tractable-verification,strict,500,2,0,Supplier A,0.482195,0.01123,2.3288
05,05-analytically-tractable-verification,strict,500,2,0,Supplier B,0.561231,0.015344,2.7341
05,05-analytically-tractable-verification,strict,500,2,0,Supplier C,0.579415,0.019356,3.3406
05,05-analytically-tractable-verification,strict,500,2,0,Supplier D,0.781023,0.017842,2.2844
05,05-analytically-tractable-verification,strict,500,3,0,Supplier A,0.480447,0.011434,2.38
05,05-analytically-tractable-verification,strict,500,3,0,Supplier B,0.563255,0.015216,2.7014
05,05-analytically-tractable-verification,strict,500,3,0,Supplier C,0.580896,0.019085,3.2854
05,05-analytically-tractable-verification,strict,500,3,0,Supplier D,0.780493,0.01901,2.4357
05,05-analytically-tractable-verification,strict,500,4,0,Supplier A,0.481004,0.011803,2.4537
05,05-analytically-tractable-verification,strict,500,4,0,Supplier B,0.562057,0.015285,2.7195
05,05-analytically-tractable-verification,strict,500,4,0,Supplier C,0.58195,0.019979,3.4332
05,05-analytically-tractable-verification,strict,500,4,0,Supplier D,0.781766,0.018413,2.3554
05,05-analytically-tractable-verification,strict,1000,0,0,Supplier A,0.481123,0.011143,2.316
05,05-analytically-tractable-verification,strict,1000,0,0,Supplier B,0.56277,0.01518,2.6973
05,05-analytically-tractable-verification,strict,1000,0,0,Supplier C,0.581777,0.019439,3.3413
05,05-analytically-tractable-verification,strict,1000,0,0,Supplier D,0.782005,0.01811,2.3158
05,05-analytically-tractable-verification,strict,1000,1,0,Supplier A,0.481283,0.011638,2.4181
05,05-analytically-tractable-verification,strict,1000,1,0,Supplier B,0.562846,0.015112,2.685
05,05-analytically-tractable-verification,strict,1000,1,0,Supplier C,0.581942,0.01943,3.3389
05,05-analytically-tractable-verification,strict,1000,1,0,Supplier D,0.781319,0.017684,2.2633
05,05-analytically-tractable-verification,strict,1000,2,0,Supplier A,0.481083,0.011192,2.3264
05,05-analytically-tractable-verification,strict,1000,2,0,Supplier B,0.562196,0.015453,2.7487
05,05-analytically-tractable-verification,strict,1000,2,0,Supplier C,0.582276,0.019821,3.4041
05,05-analytically-tractable-verification,strict,1000,2,0,Supplier D,0.781159,0.018012,2.3059
05,05-analytically-tractable-verification,strict,1000,3,0,Supplier A,0.48146,0.011217,2.3297
05,05-analytically-tractable-verification,strict,1000,3,0,Supplier B,0.563023,0.014961,2.6573
05,05-analytically-tractable-verification,strict,1000,3,0,Supplier C,0.580712,0.020066,3.4554
05,05-analytically-tractable-verification,strict,1000,3,0,Supplier D,0.781382,0.017699,2.2651
05,05-analytically-tractable-verification,strict,1000,4,0,Supplier A,0.480605,0.011399,2.3718
05,05-analytically-tractable-verification,strict,1000,4,0,Supplier B,0.562141,0.014742,2.6225
05,05-analytically-tractable-verification,strict,1000,4,0,Supplier C,0.581544,0.019016,3.27
05,05-analytically-tractable-verification,strict,1000,4,0,Supplier D,0.780524,0.01803,2.31
05,05-analytically-tractable-verification,strict,2000,0,0,Supplier A,0.481124,0.01139,2.3674
05,05-analytically-tractable-verification,strict,2000,0,0,Supplier B,0.562531,0.015365,2.7313
05,05-analytically-tractable-verification,strict,2000,0,0,Supplier C,0.580801,0.019592,3.3733
05,05-analytically-tractable-verification,strict,2000,0,0,Supplier D,0.78083,0.018,2.3053
05,05-analytically-tractable-verification,strict,2000,1,0,Supplier A,0.481038,0.011352,2.3598
05,05-analytically-tractable-verification,strict,2000,1,0,Supplier B,0.561834,0.015418,2.7442
05,05-analytically-tractable-verification,strict,2000,1,0,Supplier C,0.581715,0.019402,3.3353
05,05-analytically-tractable-verification,strict,2000,1,0,Supplier D,0.781856,0.01806,2.3099
05,05-analytically-tractable-verification,strict,2000,2,0,Supplier A,0.481386,0.011524,2.394
05,05-analytically-tractable-verification,strict,2000,2,0,Supplier B,0.56345,0.015339,2.7223
05,05-analytically-tractable-verification,strict,2000,2,0,Supplier C,0.581431,0.019541,3.3609
05,05-analytically-tractable-verification,strict,2000,2,0,Supplier D,0.780986,0.018272,2.3396
05,05-analytically-tractable-verification,strict,2000,3,0,Supplier A,0.481112,0.011168,2.3213
05,05-analytically-tractable-verification,strict,2000,3,0,Supplier B,0.562738,0.015319,2.7222
05,05-analytically-tractable-verification,strict,2000,3,0,Supplier C,0.581812,0.019897,3.4199
05,05-analytically-tractable-verification,strict,2000,3,0,Supplier D,0.781485,0.018557,2.3746
05,05-analytically-tractable-verification,strict,2000,4,0,Supplier A,0.481167,0.011567,2.404
05,05-analytically-tractable-verification,strict,2000,4,0,Supplier B,0.562614,0.014992,2.6646
05,05-analytically-tractable-verification,strict,2000,4,0,Supplier C,0.581161,0.01997,3.4362
05,05-analytically-tractable-verification,strict,2000,4,0,Supplier D,0.780632,0.018026,2.3091
05,05-analytically-tractable-verification,strict,5000,0,0,Supplier A,0.481408,0.011364,2.3605
05,05-analytically-tractable-verification,strict,5000,0,0,Supplier B,0.562433,0.015049,2.6757
05,05-analytically-tractable-verification,strict,5000,0,0,Supplier C,0.58143,0.019577,3.367
05,05-analytically-tractable-verification,strict,5000,0,0,Supplier D,0.78167,0.018192,2.3273
05,05-analytically-tractable-verification,strict,5000,1,0,Supplier A,0.481204,0.011308,2.35
05,05-analytically-tractable-verification,strict,5000,1,0,Supplier B,0.562309,0.015165,2.697
05,05-analytically-tractable-verification,strict,5000,1,0,Supplier C,0.581803,0.019433,3.3401
05,05-analytically-tractable-verification,strict,5000,1,0,Supplier D,0.780787,0.01792,2.2951
05,05-analytically-tractable-verification,strict,5000,2,0,Supplier A,0.481077,0.01143,2.3759
05,05-analytically-tractable-verification,strict,5000,2,0,Supplier B,0.56224,0.015366,2.733
05,05-analytically-tractable-verification,strict,5000,2,0,Supplier C,0.58131,0.01932,3.3235
05,05-analytically-tractable-verification,strict,5000,2,0,Supplier D,0.781351,0.018031,2.3077
05,05-analytically-tractable-verification,strict,5000,3,0,Supplier A,0.481462,0.011405,2.3688
05,05-analytically-tractable-verification,strict,5000,3,0,Supplier B,0.562428,0.015274,2.7156
05,05-analytically-tractable-verification,strict,5000,3,0,Supplier C,0.581207,0.019684,3.3867
05,05-analytically-tractable-verification,strict,5000,3,0,Supplier D,0.781219,0.01786,2.2862
05,05-analytically-tractable-verification,strict,5000,4,0,Supplier A,0.481351,0.011426,2.3737
05,05-analytically-tractable-verification,strict,5000,4,0,Supplier B,0.563098,0.015138,2.6883
05,05-analytically-tractable-verification,strict,5000,4,0,Supplier C,0.581237,0.019381,3.3344
05,05-analytically-tractable-verification,strict,5000,4,0,Supplier D,0.781124,0.018155,2.3242
05,05-analytically-tractable-verification,strict,10000,0,0,Supplier A,0.48122,0.011474,2.3845
05,05-analytically-tractable-verification,strict,10000,0,0,Supplier B,0.562704,0.015375,2.7323
05,05-analytically-tractable-verification,strict,10000,0,0,Supplier C,0.581362,0.019435,3.3429
05,05-analytically-tractable-verification,strict,10000,0,0,Supplier D,0.781009,0.017972,2.3011
05,05-analytically-tractable-verification,strict,10000,1,0,Supplier A,0.481194,0.011399,2.369
05,05-analytically-tractable-verification,strict,10000,1,0,Supplier B,0.5626,0.015349,2.7282
05,05-analytically-tractable-verification,strict,10000,1,0,Supplier C,0.581283,0.019678,3.3854
05,05-analytically-tractable-verification,strict,10000,1,0,Supplier D,0.781496,0.017885,2.2885
05,05-analytically-tractable-verification,strict,10000,2,0,Supplier A,0.481154,0.011448,2.3793
05,05-analytically-tractable-verification,strict,10000,2,0,Supplier B,0.562542,0.015383,2.7346
05,05-analytically-tractable-verification,strict,10000,2,0,Supplier C,0.581427,0.019438,3.3432
05,05-analytically-tractable-verification,strict,10000,2,0,Supplier D,0.781337,0.018119,2.319
05,05-analytically-tractable-verification,strict,10000,3,0,Supplier A,0.481302,0.011396,2.3677
05,05-analytically-tractable-verification,strict,10000,3,0,Supplier B,0.562404,0.015248,2.7113
05,05-analytically-tractable-verification,strict,10000,3,0,Supplier C,0.58106,0.01951,3.3576
05,05-analytically-tractable-verification,strict,10000,3,0,Supplier D,0.781597,0.018094,2.315
05,05-analytically-tractable-verification,strict,10000,4,0,Supplier A,0.481281,0.011424,2.3737
05,05-analytically-tractable-verification,strict,10000,4,0,Supplier B,0.562472,0.015377,2.7338
05,05-analytically-tractable-verification,strict,10000,4,0,Supplier C,0.581031,0.019572,3.3685
05,05-analytically-tractable-verification,strict,10000,4,0,Supplier D,0.78111,0.018114,2.319
05,05-analytically-tractable-verification,non_strict,50,0,pooled,Supplier A,0.481083,0.011411,2.3718
05,05-analytically-tractable-verification,non_strict,50,0,pooled,Supplier B,0.561135,0.016385,2.92
05,05-analytically-tractable-verification,non_strict,50,0,pooled,Supplier C,0.585423,0.018562,3.1707
05,05-analytically-tractable-verification,non_strict,50,0,pooled,Supplier D,0.783101,0.016056,2.0503
05,05-analytically-tractable-verification,non_strict,50,1,pooled,Supplier A,0.481837,0.01081,2.2434
05,05-analytically-tractable-verification,non_strict,50,1,pooled,Supplier B,0.557981,0.013853,2.4827
05,05-analytically-tractable-verification,non_strict,50,1,pooled,Supplier C,0.583486,0.019822,3.3971
05,05-analytically-tractable-verification,non_strict,50,1,pooled,Supplier D,0.785535,0.019097,2.4311
05,05-analytically-tractable-verification,non_strict,50,2,pooled,Supplier A,0.481105,0.011755,2.4434
05,05-analytically-tractable-verification,non_strict,50,2,pooled,Supplier B,0.563533,0.015561,2.7613
05,05-analytically-tractable-verification,non_strict,50,2,pooled,Supplier C,0.578254,0.017378,3.0053
05,05-analytically-tractable-verification,non_strict,50,2,pooled,Supplier D,0.780519,0.017937,2.2981
05,05-analytically-tractable-verification,non_strict,50,3,pooled,Supplier A,0.482234,0.011096,2.3009
05,05-analytically-tractable-verification,non_strict,50,3,pooled,Supplier B,0.564554,0.015153,2.6841
05,05-analytically-tractable-verification,non_strict,50,3,pooled,Supplier C,0.583056,0.019335,3.3161
05,05-analytically-tractable-verification,non_strict,50,3,pooled,Supplier D,0.780955,0.019016,2.435
05,05-analytically-tractable-verification,non_strict,50,4,pooled,Supplier A,0.481819,0.011629,2.4135
05,05-analytically-tractable-verification,non_strict,50,4,pooled,Supplier B,0.565343,0.013985,2.4737
05,05-analytically-tractable-verification,non_strict,50,4,pooled,Supplier C,0.579261,0.019438,3.3556
05,05-analytically-tractable-verification,non_strict,50,4,pooled,Supplier D,0.777612,0.017241,2.2171
05,05-analytically-tractable-verification,non_strict,100,0,pooled,Supplier A,0.47827,0.010912,2.2815
05,05-analytically-tractable-verification,non_strict,100,0,pooled,Supplier B,0.562193,0.015691,2.791
05,05-analytically-tractable-verification,non_strict,100,0,pooled,Supplier C,0.579056,0.019671,3.3971
05,05-analytically-tractable-verification,non_strict,100,0,pooled,Supplier D,0.780849,0.017363,2.2236
05,05-analytically-tractable-verification,non_strict,100,1,pooled,Supplier A,0.483217,0.011363,2.3515
05,05-analytically-tractable-verification,non_strict,100,1,pooled,Supplier B,0.563513,0.015974,2.8348
05,05-analytically-tractable-verification,non_strict,100,1,pooled,Supplier C,0.579006,0.021933,3.788
05,05-analytically-tractable-verification,non_strict,100,1,pooled,Supplier D,0.781193,0.015552,1.9908
05,05-analytically-tractable-verification,non_strict,100,2,pooled,Supplier A,0.482348,0.011333,2.3496
05,05-analytically-tractable-verification,non_strict,100,2,pooled,Supplier B,0.562826,0.013503,2.3991
05,05-analytically-tractable-verification,non_strict,100,2,pooled,Supplier C,0.581326,0.019632,3.3771
05,05-analytically-tractable-verification,non_strict,100,2,pooled,Supplier D,0.78066,0.017744,2.2729
05,05-analytically-tractable-verification,non_strict,100,3,pooled,Supplier A,0.480218,0.010784,2.2455
05,05-analytically-tractable-verification,non_strict,100,3,pooled,Supplier B,0.564638,0.013967,2.4735
05,05-analytically-tractable-verification,non_strict,100,3,pooled,Supplier C,0.581634,0.019918,3.4246
05,05-analytically-tractable-verification,non_strict,100,3,pooled,Supplier D,0.780224,0.019861,2.5456
05,05-analytically-tractable-verification,non_strict,100,4,pooled,Supplier A,0.4815,0.01072,2.2263
05,05-analytically-tractable-verification,non_strict,100,4,pooled,Supplier B,0.561728,0.016097,2.8655
05,05-analytically-tractable-verification,non_strict,100,4,pooled,Supplier C,0.583477,0.01889,3.2375
05,05-analytically-tractable-verification,non_strict,100,4,pooled,Supplier D,0.779949,0.019002,2.4364
05,05-analytically-tractable-verification,non_strict,200,0,pooled,Supplier A,0.481464,0.010407,2.1616
05,05-analytically-tractable-verification,non_strict,200,0,pooled,Supplier B,0.563126,0.015078,2.6775
05,05-analytically-tractable-verification,non_strict,200,0,pooled,Supplier C,0.579538,0.019104,3.2964
05,05-analytically-tractable-verification,non_strict,200,0,pooled,Supplier D,0.780626,0.019062,2.4419
05,05-analytically-tractable-verification,non_strict,200,1,pooled,Supplier A,0.481941,0.011803,2.4491
05,05-analytically-tractable-verification,non_strict,200,1,pooled,Supplier B,0.56338,0.015142,2.6878
05,05-analytically-tractable-verification,non_strict,200,1,pooled,Supplier C,0.583756,0.02011,3.4449
05,05-analytically-tractable-verification,non_strict,200,1,pooled,Supplier D,0.781486,0.018627,2.3836
05,05-analytically-tractable-verification,non_strict,200,2,pooled,Supplier A,0.481248,0.011952,2.4835
05,05-analytically-tractable-verification,non_strict,200,2,pooled,Supplier B,0.560984,0.014835,2.6444
05,05-analytically-tractable-verification,non_strict,200,2,pooled,Supplier C,0.580895,0.018714,3.2216
05,05-analytically-tractable-verification,non_strict,200,2,pooled,Supplier D,0.783134,0.017618,2.2497
05,05-analytically-tractable-verification,non_strict,200,3,pooled,Supplier A,0.48102,0.011492,2.389
05,05-analytically-tractable-verification,non_strict,200,3,pooled,Supplier B,0.564733,0.01619,2.8668
05,05-analytically-tractable-verification,non_strict,200,3,pooled,Supplier C,0.582344,0.020367,3.4974
05,05-analytically-tractable-verification,non_strict,200,3,pooled,Supplier D,0.780958,0.018954,2.427
05,05-analytically-tractable-verification,non_strict,200,4,pooled,Supplier A,0.483045,0.011661,2.414
05,05-analytically-tractable-verification,non_strict,200,4,pooled,Supplier B,0.563419,0.014931,2.65
05,05-analytically-tractable-verification,non_strict,200,4,pooled,Supplier C,0.581042,0.019446,3.3467
05,05-analytically-tractable-verification,non_strict,200,4,pooled,Supplier D,0.781808,0.018158,2.3226
05,05-analytically-tractable-verification,non_strict,500,0,pooled,Supplier A,0.481697,0.011257,2.3369
05,05-analytically-tractable-verification,non_strict,500,0,pooled,Supplier B,0.560858,0.015828,2.822
05,05-analytically-tractable-verification,non_strict,500,0,pooled,Supplier C,0.58098,0.019658,3.3835
05,05-analytically-tractable-verification,non_strict,500,0,pooled,Supplier D,0.780828,0.018316,2.3457
05,05-analytically-tractable-verification,non_strict,500,1,pooled,Supplier A,0.481761,0.011119,2.308
05,05-analytically-tractable-verification,non_strict,500,1,pooled,Supplier B,0.563454,0.014995,2.6612
05,05-analytically-tractable-verification,non_strict,500,1,pooled,Supplier C,0.582421,0.018843,3.2353
05,05-analytically-tractable-verification,non_strict,500,1,pooled,Supplier D,0.781149,0.018138,2.322
05,05-analytically-tractable-verification,non_strict,500,2,pooled,Supplier A,0.480594,0.01173,2.4408
05,05-analytically-tractable-verification,non_strict,500,2,pooled,Supplier B,0.562052,0.015096,2.6859
05,05-analytically-tractable-verification,non_strict,500,2,pooled,Supplier C,0.580641,0.01903,3.2774
05,05-analytically-tractable-verification,non_strict,500,2,pooled,Supplier D,0.780638,0.017997,2.3054
05,05-analytically-tractable-verification,non_strict,500,3,pooled,Supplier A,0.480945,0.011576,2.407
05,05-analytically-tractable-verification,non_strict,500,3,pooled,Supplier B,0.56347,0.015261,2.7084
05,05-analytically-tractable-verification,non_strict,500,3,pooled,Supplier C,0.581725,0.020309,3.4912
05,05-analytically-tractable-verification,non_strict,500,3,pooled,Supplier D,0.780556,0.017773,2.277
05,05-analytically-tractable-verification,non_strict,500,4,pooled,Supplier A,0.481637,0.011214,2.3284
05,05-analytically-tractable-verification,non_strict,500,4,pooled,Supplier B,0.5613,0.015245,2.716
05,05-analytically-tractable-verification,non_strict,500,4,pooled,Supplier C,0.581994,0.019777,3.3982
05,05-analytically-tractable-verification,non_strict,500,4,pooled,Supplier D,0.781873,0.017288,2.2111
05,05-analytically-tractable-verification,non_strict,1000,0,pooled,Supplier A,0.481303,0.011376,2.3637
05,05-analytically-tractable-verification,non_strict,1000,0,pooled,Supplier B,0.562266,0.014936,2.6565
05,05-analytically-tractable-verification,non_strict,1000,0,pooled,Supplier C,0.581269,0.018967,3.2631
05,05-analytically-tractable-verification,non_strict,1000,0,pooled,Supplier D,0.781668,0.018185,2.3264
05,05-analytically-tractable-verification,non_strict,1000,1,pooled,Supplier A,0.481199,0.011541,2.3984
05,05-analytically-tractable-verification,non_strict,1000,1,pooled,Supplier B,0.562395,0.015185,2.7001
05,05-analytically-tractable-verification,non_strict,1000,1,pooled,Supplier C,0.581676,0.019526,3.3568
05,05-analytically-tractable-verification,non_strict,1000,1,pooled,Supplier D,0.781222,0.017927,2.2947
05,05-analytically-tractable-verification,non_strict,1000,2,pooled,Supplier A,0.481371,0.011317,2.351
05,05-analytically-tractable-verification,non_strict,1000,2,pooled,Supplier B,0.562983,0.01523,2.7052
05,05-analytically-tractable-verification,non_strict,1000,2,pooled,Supplier C,0.581278,0.019097,3.2853
05,05-analytically-tractable-verification,non_strict,1000,2,pooled,Supplier D,0.782091,0.018216,2.3291
05,05-analytically-tractable-verification,non_strict,1000,3,pooled,Supplier A,0.481394,0.011619,2.4135
05,05-analytically-tractable-verification,non_strict,1000,3,pooled,Supplier B,0.562225,0.015304,2.7221
05,05-analytically-tractable-verification,non_strict,1000,3,pooled,Supplier C,0.580994,0.019837,3.4143
05,05-analytically-tractable-verification,non_strict,1000,3,pooled,Supplier D,0.781225,0.018333,2.3468
05,05-analytically-tractable-verification,non_strict,1000,4,pooled,Supplier A,0.481264,0.011632,2.4169
05,05-analytically-tractable-verification,non_strict,1000,4,pooled,Supplier B,0.562355,0.014817,2.6348
05,05-analytically-tractable-verification,non_strict,1000,4,pooled,Supplier C,0.582541,0.01902,3.2651
05,05-analytically-tractable-verification,non_strict,1000,4,pooled,Supplier D,0.781315,0.017772,2.2747
05,05-analytically-tractable-verification,non_strict,2000,0,pooled,Supplier A,0.481181,0.011343,2.3574
05,05-analytically-tractable-verification,non_strict,2000,0,pooled,Supplier B,0.562588,0.015208,2.7032
05,05-analytically-tractable-verification,non_strict,2000,0,pooled,Supplier C,0.58109,0.019341,3.3284
05,05-analytically-tractable-verification,non_strict,2000,0,pooled,Supplier D,0.781362,0.017706,2.266
05,05-analytically-tractable-verification,non_strict,2000,1,pooled,Supplier A,0.481531,0.011359,2.3589
05,05-analytically-tractable-verification,non_strict,2000,1,pooled,Supplier B,0.562435,0.015545,2.7639
05,05-analytically-tractable-verification,non_strict,2000,1,pooled,Supplier C,0.581013,0.019788,3.4058
05,05-analytically-tractable-verification,non_strict,2000,1,pooled,Supplier D,0.781566,0.017873,2.2868
05,05-analytically-tractable-verification,non_strict,2000,2,pooled,Supplier A,0.481275,0.011325,2.3531
05,05-analytically-tractable-verification,non_strict,2000,2,pooled,Supplier B,0.562919,0.015087,2.6802
05,05-analytically-tractable-verification,non_strict,2000,2,pooled,Supplier C,0.581612,0.019053,3.2759
05,05-analytically-tractable-verification,non_strict,2000,2,pooled,Supplier D,0.78141,0.017448,2.2329
05,05-analytically-tractable-verification,non_strict,2000,3,pooled,Supplier A,0.481449,0.011325,2.3522
05,05-analytically-tractable-verification,non_strict,2000,3,pooled,Supplier B,0.561996,0.015505,2.7589
05,05-analytically-tractable-verification,non_strict,2000,3,pooled,Supplier C,0.581319,0.019152,3.2946
05,05-analytically-tractable-verification,non_strict,2000,3,pooled,Supplier D,0.781395,0.017902,2.291
05,05-analytically-tractable-verification,non_strict,2000,4,pooled,Supplier A,0.481444,0.011337,2.3549
05,05-analytically-tractable-verification,non_strict,2000,4,pooled,Supplier B,0.562469,0.015349,2.7288
05,05-analytically-tractable-verification,non_strict,2000,4,pooled,Supplier C,0.581032,0.019227,3.3092
05,05-analytically-tractable-verification,non_strict,2000,4,pooled,Supplier D,0.780867,0.01807,2.3141
05,05-analytically-tractable-verification,non_strict,5000,0,pooled,Supplier A,0.481235,0.011433,2.3757
05,05-analytically-tractable-verification,non_strict,5000,0,pooled,Supplier B,0.562302,0.015464,2.7502
05,05-analytically-tractable-verification,non_strict,5000,0,pooled,Supplier C,0.581605,0.019302,3.3187
05,05-analytically-tractable-verification,non_strict,5000,0,pooled,Supplier D,0.780953,0.017913,2.2937
05,05-analytically-tractable-verification,non_strict,5000,1,pooled,Supplier A,0.481183,0.01151,2.3921
05,05-analytically-tractable-verification,non_strict,5000,1,pooled,Supplier B,0.562424,0.015274,2.7158
05,05-analytically-tractable-verification,non_strict,5000,1,pooled,Supplier C,0.581353,0.019445,3.3448
05,05-analytically-tractable-verification,non_strict,5000,1,pooled,Supplier D,0.78133,0.018118,2.3189
05,05-analytically-tractable-verification,non_strict,5000,2,pooled,Supplier A,0.481633,0.01125,2.3357
05,05-analytically-tractable-verification,non_strict,5000,2,pooled,Supplier B,0.562424,0.01531,2.7222
05,05-analytically-tractable-verification,non_strict,5000,2,pooled,Supplier C,0.581072,0.019342,3.3287
05,05-analytically-tractable-verification,non_strict,5000,2,pooled,Supplier D,0.781023,0.018157,2.3247
05,05-analytically-tractable-verification,non_strict,5000,3,pooled,Supplier A,0.480895,0.011402,2.371
05,05-analytically-tractable-verification,non_strict,5000,3,pooled,Supplier B,0.562601,0.015084,2.6812
05,05-analytically-tractable-verification,non_strict,5000,3,pooled,Supplier C,0.580919,0.019359,3.3324
05,05-analytically-tractable-verification,non_strict,5000,3,pooled,Supplier D,0.781032,0.018068,2.3133
05,05-analytically-tractable-verification,non_strict,5000,4,pooled,Supplier A,0.48104,0.011225,2.3335
05,05-analytically-tractable-verification,non_strict,5000,4,pooled,Supplier B,0.562659,0.015276,2.7149
05,05-analytically-tractable-verification,non_strict,5000,4,pooled,Supplier C,0.580891,0.019521,3.3605
05,05-analytically-tractable-verification,non_strict,5000,4,pooled,Supplier D,0.781753,0.018115,2.3173
05,05-analytically-tractable-verification,non_strict,10000,0,pooled,Supplier A,0.481193,0.011423,2.3739
05,05-analytically-tractable-verification,non_strict,10000,0,pooled,Supplier B,0.562465,0.015225,2.7069
05,05-analytically-tractable-verification,non_strict,10000,0,pooled,Supplier C,0.581427,0.019583,3.3681
05,05-analytically-tractable-verification,non_strict,10000,0,pooled,Supplier D,0.781356,0.017917,2.2931
05,05-analytically-tractable-verification,non_strict,10000,1,pooled,Supplier A,0.481319,0.011484,2.3859
05,05-analytically-tractable-verification,non_strict,10000,1,pooled,Supplier B,0.562319,0.015274,2.7163
05,05-analytically-tractable-verification,non_strict,10000,1,pooled,Supplier C,0.581731,0.019574,3.3648
05,05-analytically-tractable-verification,non_strict,10000,1,pooled,Supplier D,0.781273,0.018186,2.3278
05,05-analytically-tractable-verification,non_strict,10000,2,pooled,Supplier A,0.481153,0.011406,2.3705
05,05-analytically-tractable-verification,non_strict,10000,2,pooled,Supplier B,0.562654,0.015266,2.7132
05,05-analytically-tractable-verification,non_strict,10000,2,pooled,Supplier C,0.581383,0.019583,3.3684
05,05-analytically-tractable-verification,non_strict,10000,2,pooled,Supplier D,0.781235,0.018166,2.3253
05,05-analytically-tractable-verification,non_strict,10000,3,pooled,Supplier A,0.481082,0.011422,2.3743
05,05-analytically-tractable-verification,non_strict,10000,3,pooled,Supplier B,0.562541,0.015203,2.7025
05,05-analytically-tractable-verification,non_strict,10000,3,pooled,Supplier C,0.580888,0.019745,3.3991
05,05-analytically-tractable-verification,non_strict,10000,3,pooled,Supplier D,0.781527,0.018055,2.3103
05,05-analytically-tractable-verification,non_strict,10000,4,pooled,Supplier A,0.481414,0.011366,2.3611
05,05-analytically-tractable-verification,non_strict,10000,4,pooled,Supplier B,0.562504,0.015386,2.7352
05,05-analytically-tractable-verification,non_strict,10000,4,pooled,Supplier C,0.581076,0.019744,3.3979
05,05-analytically-tractable-verification,non_strict,10000,4,pooled,Supplier D,0.781481,0.018065,2.3117
